Workbook
Name ＳＥ: リスト!$R$2:$R$15
Name ＳＥ_蟹: リスト!$R$2:$R$16
Name ＳＰＥ: リスト!$AR$2:$AR$24
Name SPE_蟹: リスト!$AR$1:$AR$25
Name カルマ: リスト!$AH$2:$AH$58
Name カルマ_蟹: リスト!$AI$2:$AI$63
Name 技系統: リスト!$N$12:$N$21
Name 技系統_蟹: リスト!$O$12:$O$23
Name 攻撃スタイル: リスト!$C$3:$C$5
Name 身体タイプ: リスト!$F$2:$F$8
Name 身体タイプ_蟹: リスト!$G$2:$G$9
Name 能力タイプ: リスト!$A$3:$A$8
Name 能力分類: リスト!$A$3:$A$8
Name 付加効果: リスト!$P$2:$P$47
Name 付加効果_蟹: リスト!$Q$2:$Q$64

Sheet リスト
A1: 能力タイプ | C1: 活性タイプ | D1: 活性 | F1: 身体タイプ | G1: 身体タイプ_蟹 | H1: 所属 | K1: 判定ダイス | N1: 発動系統 | P1: 付加効果 | Q1: 付加効果_蟹 | R1: ＳＥ | Z1: 特殊武装 | AA1: スペック | AD1: ライフ＆ライフ | AF1: スタンス＆トゥルー | AH1: カルマ | AI1: カルマ_蟹 | AK1: 崩壊症状 | AM1: 消費アイテム | AR1: ＳＰＥ | AS1: 使用回数 | AU1: カルマ | AV1: 使用回数 | AW1: 使用回数（蟹）
A2: － | C2: － | D2: － | F2: － | G2: － | H2: － | K2: １Ｄ６ | N2: － | P2: － | Q2: － | R2: － | T2: － | V2: 0 | X2: － | Z2: － | AD2: － | AF2: － | AH2: － | AI2: － | AK2: － | AM2: － | AQ2: － | AR2: － | AS2: 0 | AU2: － | AV2: 0 | AW2: 0
A3: ノーマル | C3: 覚醒型 | D3: ＋１ | F3: ナチュラル | G3: ナチュラル | H3: 司法機関グングニル | K3: ２Ｄ６ | N3: 攻撃発動 | P3: 強化【行】 | Q3: 強化【行】 | R3: トラップ | T3: 攻撃型 | V3: 1 | X3: 力技 | Z3: アタッチメント／S0 | AA3: 0 | AD3: 異形 | AF3: 正義 | AH3: 昇華者【リバーサー】 | AI3: 昇華者【リバーサー】 | AK3: 聴覚崩壊 | AM3: マグタフ／1Rd | AQ3: 行為発動 | AR3: 奇跡 | AS3: 1 | AU3: 昇華者【リバーサー】 | AV3: 1 | AW3: 1
A4: サイキッカー | C4: 増強型 | D4: ＋２ | F4: コーディネーター | G4: コーディネーター | H4: 民主機構オルレアン | K4: ３Ｄ６ | N4: 精神発動 | P4: 強化【攻】 | Q4: 強化【攻】 | R4: チャージ | T4: 速度型 | V4: 2 | Z4: ロケットランチャー／S4 | AA4: 4 | AD4: 暴走 | AF4: 中庸 | AH4: 駆け出し【ルーキー】 | AI4: 駆け出し【ルーキー】 | AK4: 視覚崩壊 | AM4: マグタフＥＸ／1Rd | AQ4: チェイン発動 | AR4: 悪運 | AS4: 1 | AU4: 駆け出し【ルーキー】 | AV4: 1 | AW4: 1
A5: エスパー | C5: 反応型 | D5: ＋３ | F5: サイボーグ | G5: サイボーグ | H5: 抑制機構テセウス | N5: 防御発動 | P5: 強化【防】 | Q5: 強化【防】 | R5: ドレイン | T5: 探索型 | V5: 3 | X5: － | Z5: パイルバンカー／S3 | AA5: 3 | AD5: 崩壊 | AF5: 悪徳 | AH5: 新鋭【ニューフェイス】 | AI5: 新鋭【ニューフェイス】 | AK5: 言語崩壊 | AM5: マグタフＺ／2Rd | AQ5: キャラ特性 | AR5: 闘志 | AS5: 1 | AU5: 新鋭【ニューフェイス】 | AV5: 1 | AW5: 1
A6: トランサー | C6: 感覚型 | F6: ハイブリッド | G6: ハイブリッド | H6: ルーン企業連 | N6: 付加発動 | P6: 強化【抵】 | Q6: 強化【抵】 | R6: ブレイク | V6: 4 | X6: 威圧 | Z6: 荷電粒子砲／S3 | AA6: 3 | AD6: 恩恵 | AF6: 優柔不断 | AH6: 初心【ビギナーズラック】 | AI6: 初心【ビギナーズラック】 | AK6: 身体崩壊 | AM6: トランス／1Rd | AQ6: オリジナル特性 | AR6: リベンジ | AS6: 0 | AU6: 初心【ビギナーズラック】 | AV6: 2 | AW6: 2
A7: クリエイター | C7: 回復型 | F7: アンドロイド | G7: アンドロイド | H7: チーム世紀末覇者 | K7: 幸運ボーナス | N7: 行為発動 | P7: 強化【命】 | Q7: 強化【命】 | R7: ペネトレイション | V7: 5 | Z7: 手榴弾／S3 | AA7: 3 | AD7: 実験 | AF7: 唯我独尊 | AH7: 失敗談【ミステイク】 | AI7: 失敗談【ミステイク】 | AK7: 精神崩壊 | AM7: ライズ／2Rd | AQ7: SPE/奇跡 | AR7: リテイク | AS7: 2 | AU7: 失敗談【ミステイク】 | AV7: 1 | AW7: 1
A8: アンノウン | F8: ロボット | G8: ロボット | H8: スヴァルトアルフ | K8: -2 | N8: ＡＥ【重撃】 | P8: 強化【回】 | Q8: 強化【回】 | R8: オールレンジ | V8: 6 | X8: － | Z8: トラップボム／S3 | AA8: 3 | AD8: 才能 | AF8: 天真爛漫 | AH8: 伏兵【ダークホース】 | AI8: 伏兵【ダークホース】 | AK8: 記憶崩壊 | AM8: ネクスト／3Rd | AQ8: SPE/悪運 | AR8: 逆転 | AS8: 2 | AU8: 伏兵【ダークホース】 | AV8: 1 | AW8: 1
G9: ミュータント | H9: フリーランス | K9: -1 | P9: 強化【技】 | Q9: 強化【技】 | R9: コンティニュー | V9: 7 | X9: 観察眼 | Z9: レールガン／S3 | AA9: 3 | AD9: 喪失 | AF9: 家族 | AH9: 調律者【バランサー】 | AI9: 調律者【バランサー】 | AM9: ユートピア／1Rd | AQ9: SPE/闘志 | AR9: 絆 | AS9: 0 | AU9: 調律者【バランサー】 | AV9: 1 | AW9: 2
K10: 0 | P10: 強化【解】 | Q10: 強化【解】 | R10: テリトリー | V10: 8 | Z10: ドリル／S3 | AA10: 3 | AD10: 復讐 | AF10: 友情 | AH10: 崩壊者【ディケイド】 | AI10: 崩壊者【ディケイド】 | AM10: パンドラ／1Rd | AQ10: SPE/リベンジ | AR10: 激励 | AS10: 3 | AU10: 崩壊者【ディケイド】 | AV10: 1 | AW10: 2
K11: 1 | N11: 技系統 | O11: 技系統_蟹 | P11: 減衰【行】 | Q11: 減衰【行】 | R11: リスク | V11: 9 | X11: － | Z11: ブラスター／S2 | AA11: 2 | AD11: 逃亡 | AF11: 愛 | AH11: 喪失者【ミッシング】 | AI11: 喪失者【ミッシング】 | AM11: マグタフ黒／4Rd | AQ11: SPE/リテイク | AR11: 不屈 | AS11: 1 | AU11: 喪失者【ミッシング】 | AV11: 1 | AW11: 2
A12: 暴走症状 | C12: 次回追加 | F12: 容姿 | H12: 在住エリア | K12: 2 | N12: － | O12: － | P12: 減衰【攻】 | Q12: 減衰【攻】 | R12: オート | V12: 10 | X12: 察知 | Z12: 高周波ブレード／S2 | AA12: 2 | AD12: 傷病 | AF12: 仁義 | AH12: 突然変異【アナザー】 | AI12: 突然変異【アナザー】 | AM12: 使い捨てランチャー／10Rd | AQ12: SPE/逆転 | AR12: 瞑想 | AS12: 2 | AU12: 突然変異【アナザー】 | AV12: 0 | AW12: 0
A13: － | C13: － | D13: 0 | F13: － | H13: － | K13: 3 | N13: 攻撃 | O13: 攻撃 | P13: 減衰【防】 | Q13: 減衰【防】 | R13: セミオート | V13: 11 | Z13: 火炎放射器／S2 | AA13: 2 | AD13: 贖罪 | AF13: 礼節 | AH13: 覚醒者【アクトレイザー】 | AI13: 覚醒者【アクトレイザー】 | AM13: 違法グレネード／4Rd | AQ13: SPE/絆 | AR13: 鎮静 | AS13: 1 | AU13: 覚醒者【アクトレイザー】 | AV13: 1 | AW13: 1
A14: 制御異常 | C14: 生還者（補正なし） | D14: 0 | F14: Ｓ | H14: 上層【アースガルズ】 | N14: 回復 | O14: 回復 | P14: 減衰【抵】 | Q14: 減衰【抵】 | R14: リフレクション | V14: 12 | X14: － | Z14: 電子ドラッグ／S2 | AA14: 2 | AD14: 裏切り | AF14: 誇り | AH14: 探索者【シャープネス】 | AI14: 探索者【シャープネス】 | AM14: ＥＣＭ【Ｐ】／4Rd | AQ14: SPE/激励 | AR14: 精神凌駕 | AS14: 1 | AU14: 探索者【シャープネス】 | AV14: 1 | AW14: 1
A15: 過負荷 | C15: 初期暴走率＋５％ | D15: 5 | F15: Ａ | H15: 中層【ミズガルズ】 | N15: 防御 | O15: 防御 | P15: 減衰【命】 | Q15: 減衰【命】 | R15: パーフェクト | X15: 知識 | Z15: スタンガン／S1 | AA15: 1 | AD15: 名声 | AF15: 男性的 | AH15: 修羅【アタッカー】 | AI15: 修羅【アタッカー】 | AM15: ＥＣＭ【Ｅ】／4Rd | AQ15: SPE/不屈 | AR15: 愛 | AS15: 2 | AU15: 修羅【アタッカー】 | AV15: 1 | AW15: 1
A16: 聴覚異常 | C16: 初期暴走率＋１０％ | D16: 10 | F16: Ｂ | H16: 下層【ヘルヘイム】 | N16: 補正 | O16: 補正 | P16: 減衰【回】 | Q16: 減衰【回】 | R16: シンクロニティ | Z16: ワイヤートラップ／S1 | AA16: 1 | AD16: 悪名 | AF16: 中性的 | AH16: 寵愛【アイドル】 | AI16: 寵愛【アイドル】 | AM16: ＥＣＭ【Ｔ】／4Rd | AQ16: SPE/瞑想 | AR16: 瞬動 | AS16: 1 | AU16: 寵愛【アイドル】 | AV16: 1 | AW16: 1
A17: 視覚異常 | C17: 初期暴走率＋１５％ | D17: 15 | F17: Ｃ | H17: 不明 | N17: 状態異常 | O17: 状態異常 | P17: 減衰【技】 | Q17: 減衰【技】 | X17: － | Z17: フラッシュガン／S2 | AA17: 2 | AD17: 孤独 | AF17: 女性的 | AH17: 英雄【ブレイブ】 | AI17: 英雄【ブレイブ】 | AM17: ＥＣＭ【Ｃ】／4Rd | AQ17: SPE/鎮静 | AR17: 限界突破 | AS17: 1 | AU17: 英雄【ブレイブ】 | AV17: 1 | AW17: 1
A18: 身体異常 | C18: 初期暴走率＋２０％ | D18: 20 | F18: Ｄ | N18: 創造 | O18: 創造 | P18: 減衰【解】 | Q18: 減衰【解】 | X18: 技術 | Z18: 増強アンプル／S1 | AA18: 1 | AD18: 義理の家族 | AF18: 一途 | AH18: 凡骨【ナチュラルボーン】 | AI18: 凡骨【ナチュラルボーン】 | AM18: パイル予備弾／2Rd | AQ18: SPE/精神凌駕 | AR18: 防衛本能 | AS18: 2 | AU18: 凡骨【ナチュラルボーン】 | AV18: 1 | AW18: 1
A19: 能力異常 | C19: 暴走崩壊者 | D19: 0 | F19: Ｅ | N19: 性質 | O19: 性質 | P19: 回復 | Q19: 回復 | Z19: 強化シナプス／S1 | AA19: 1 | AD19: 機械化 | AF19: 好色 | AH19: 殺し屋【ザ・キラー】 | AI19: 殺人者【ザ・キラー】 | AM19: 荷電粒子予備弾／2Rd | AQ19: SPE/愛 | AR19: 共鳴 | AS19: 0 | AU19: 殺し屋【ザ・キラー】 | AV19: 1 | AW19: 1
A20: 言語異常 | N20: 限定 | O20: 限定 | P20: 拡張 | Q20: 拡張 | X20: － | Z20: スモーク／S1 | AA20: 1 | AD20: 被害者 | AF20: 同性愛 | AH20: 武器屋【マスター】 | AI20: 武器屋【マスター】 | AM20: スタン予備弾／2Rd | AQ20: SPE/瞬動 | AR20: パージ | AS20: 0 | AU20: 武器屋【マスター】 | AV20: 1 | AW20: 1
A21: 記憶異常 | C21: 持ち越し抑制ダイス | N21: その他 | O21: 晩成 | P21: 制限 | Q21: 制限 | X21: 隠密 | Z21: サイキックジャミング／S1 | AA21: 1 | AD21: 成功 | AF21: 倹約 | AH21: 守護者【イージス】 | AI21: 守護者【イージス】 | AM21: フラッシュ予備弾／2Rd | AQ21: SPE/限界突破 | AR21: 奥義 | AS21: 0 | AU21: 守護者【イージス】 | AV21: 1 | AW21: 1
A22: 精神異常 | C22: － | O22: 喚装 | P22: 幸運 | Q22: 幸運 | Z22: 神経ジャマー／S1 | AA22: 1 | AD22: 没落 | AF22: 几帳面 | AH22: 反撃者【リベリオン】 | AI22: 反撃者【リベリオン】 | AM22: バーサーカー／1Rd | AQ22: SPE/防衛本能 | AR22: 大器 | AS22: 0 | AU22: 反撃者【リベリオン】 | AV22: 1 | AW22: 1
A23: 忘我 | C23: 1 | O23: その他 | P23: 追加【命】 | Q23: 追加【命】 | X23: － | Z23: トランスキャンセラー／S1 | AA23: 1 | AD23: 権力 | AF23: 独立 | AH23: 影の者【アサシン】 | AI23: 影の者【アサシン】 | AM23: ハイウェイ ／1Rd | AQ23: SPE/共鳴 | AR23: 熟練 | AS23: 0 | AU23: 影の者【アサシン】 | AV23: 2 | AW23: 2
C24: 2 | P24: 追加【回】 | Q24: 追加【回】 | X24: 俊敏 | Z24: クリエイトノイザー／S1 | AA24: 1 | AD24: 勤労 | AF24: 物欲 | AH24: 癒し手【ヒーラー】 | AI24: 癒し手【ヒーラー】 | AM24: 煙幕 ／1Rd | AQ24: SPE/パージ | AR24: エキスパート | AS24: 0 | AU24: 癒し手【ヒーラー】 | AV24: 0 | AW24: 0
C25: 3 | P25: 追加【技】 | Q25: 追加【技】 | Z25: アーマー／S1 | AA25: 1 | AD25: 無名 | AF25: リーダーシップ | AH25: 使役者【ブリーダー】 | AI25: 使役者【ブリーダー】 | AQ25: SPE/奥義 | AR25: 切札 | AS25: 1 | AU25: 使役者【ブリーダー】 | AV25: 1 | AW25: 1
C26: 4 | P26: 追加【解】 | Q26: 追加【解】 | X26: － | Z26: ブラックボックス／S1 | AA26: 1 | AD26: 裏社会 | AF26: 慎重 | AH26: 不幸【アンラッキー】 | AI26: 不幸【アンラッキー】 | AM26: ネクスト（蟹）／2Rd | AQ26: SPE/大器 | AU26: 不幸【アンラッキー】 | AV26: 1 | AW26: 1
C27: 5 | P27: 混乱 | Q27: 混乱 | X27: 話術 | Z27: パワードスーツ／S1 | AA27: 1 | AD27: 平凡 | AF27: 豪胆 | AH27: 抗体【ワクチン】 | AI27: 抗体【ワクチン】 | AM27: 使い捨てランチャー（蟹）／7Rd | AQ27: SPE/熟練 | AU27: 抗体【ワクチン】 | AV27: 1 | AW27: 1
P28: 複製 | Q28: 複製 | Z28: スキャンスコープ／S1 | AA28: 1 | AD28: 商人 | AF28: ポジティブ | AH28: 愚者【トラブルメイカー】 | AI28: 愚者【トラブルメイカー】 | AM28: マキシマム（蟹）／4Rd | AQ28: SPE/エキスパート | AU28: 愚者【トラブルメイカー】 | AV28: 2 | AW28: 2
A29: - | P29: 制止 | Q29: 制止 | X29: － | Z29: 高感度センサー／S1 | AA29: 1 | AD29: 犯罪 | AF29: 自由 | AH29: 不死身【アンデッド】 | AI29: 不死身【アンデッド】 | AM29: 世界樹の朝露（蟹）／10Rd | AQ29: SPE/切り札 | AU29: 不死身【アンデッド】 | AV29: 1 | AW29: 1
A30: ＰＣ | P30: 継続 | Q30: 継続 | X30: 読心 | Z30: 高演算電脳／S1 | AA30: 1 | AD30: 技術者 | AF30: お人好し | AH30: 奉仕者【トレーダー】 | AI30: 奉仕者【トレーダー】 | AM30: ＥＣＭ【U】／4Rd | AQ30: K/昇華者 | AU30: 奉仕者【トレーダー】 | AV30: 1 | AW30: 1
A31: ＮＰＣ | P31: 操作 | Q31: 操作 | Z31: 高性能マニピュレーター／S1 | AA31: 1 | AD31: 宗教 | AF31: 目立ちたがり | AH31: 闇商人【ディーラー】 | AI31: 闇商人【ディーラー】 | AQ31: K/駆け出し | AU31: 闇商人【ディーラー】 | AV31: 1 | AW31: 1
A32: 親愛 | B32: 他に代えがたいほど友情を感じている。最早家族のような存在である。 | P32: 創造 | Q32: 創造 | X32: － | Z32: 光学迷彩／S1 | AA32: 1 | AD32: 芸術 | AF32: 友好 | AH32: 破壊者【デストロイヤー】 | AI32: 破壊者【デストロイヤー】 | AQ32: K/新鋭 | AU32: 破壊者【デストロイヤー】 | AV32: 1 | AW32: 1
A33: 敬愛 | B33: ただ仲が良いということではなく、一人の人間として敬意を払っている。 | P33: 性質【威力】 | Q33: 性質【増強】 | X33: 閃き | Z33: 高出力ブースター／S1 | AA33: 1 | AD33: 忠誠 | AF33: 臆病 | AH33: 職人【プロフェッショナル】 | AI33: 職人【プロフェッショナル】 | AQ33: K/初心 | AU33: 職人【プロフェッショナル】 | AV33: 1 | AW33: 1
A34: 友人 | B34: 知り合いの中でも特に仲が良い。友達。 | P34: 性質【反応】 | Q34: 性質【反応】 | Z34: 心拍スカウター／S1 | AA34: 1 | AD34: 野心 | AF34: ネガティブ | AH34: 鷹の目【ホークアイ】 | AI34: 鷹の目【ホークアイ】 | AQ34: K/失敗談 | AU34: 鷹の目【ホークアイ】 | AV34: 2 | AW34: 2
A35: 好感 | P35: 性質【耐性】 | Q35: 性質【感覚】 | X35: － | AD35: 秘密 | AF35: 寂しがり屋 | AH35: 幻影【ファントム】 | AI35: 幻影【ファントム】 | AQ35: K/伏兵 | AU35: 幻影【ファントム】 | AV35: 2 | AW35: 2
A36: 普通 | B36: 知り合い。顔見知り。 | P36: 性質【感覚】 | Q36: 性質【幸運】 | X36: 幸運 | Z36: ジェットハンマー（蟹）／S4 | AA36: 4 | AD36: 探求 | AF36: 嫉妬 | AH36: 無血開城【ピースメイカー】 | AI36: 無血開城【ピースメイカー】 | AQ36: K/調律者 | AU36: 無血開城【ピースメイカー】 | AV36: 1 | AW36: 1
A37: 反感 | P37: 性質【幸運】 | Q37: 限定耐性 | Z37: 毒電波発生装置（蟹）／S2 | AA37: 2 | AD37: 武道 | AF37: 疑心 | AH37: 人外【レジェンド】 | AI37: 人外【レジェンド】 | AQ37: K/崩壊者 | AU37: 人外【レジェンド】 | AV37: 0 | AW37: 0
A38: 嫌悪 | B38: 正直、あまり一緒にいたくはない。 | P38: 限定耐性 | Q38: 限定無効 | Z38: ショックバトン（蟹）／S2 | AA38: 2 | AD38: 研究 | AF38: 虚偽 | AH38: 希少種【レア】 | AI38: 希少種【レア】 | AQ38: K/喪失者 | AU38: 希少種【レア】 | AV38: 2 | AW38: 2
A39: 憎悪 | B39: 敵対的な心理を明確に抱いている。 | P39: 限定無効 | Q39: 限定吸収 | Z39: 逆位相発生装置（蟹）／S1 | AA39: 1 | AD39: 恋愛 | AF39: 温厚 | AH39: 勇猛【ベルセルク】 | AI39: 勇猛【ベルセルク】 | AQ39: K/突然変異 | AU39: 勇猛【ベルセルク】 | AV39: 1 | AW39: 1
A40: 殺意 | B40: 殺したいほど憎い相手。 | P40: 限定吸収 | Q40: 貫通無効 | Z40: 擬態ホログラム（蟹）／S1 | AA40: 1 | AD40: 友人 | AF40: 慈愛 | AH40: 魔性【フェロモン】 | AI40: 魔性【フェロモン】 | AQ40: K/覚醒者 | AU40: 魔性【フェロモン】 | AV40: 2 | AW40: 2
P41: 貫通無効 | Q41: 領域無効 | Z41: ＡＩナビゲーション（蟹）／S1 | AA41: 1 | AD41: 師匠 | AF41: 奉仕 | AH41: 下心【セクシゃル】 | AI41: 下心【セクシゃル】 | AQ41: K/探索者 | AU41: 下心【セクシゃル】 | AV41: 1 | AW41: 1
P42: 領域無効 | Q42: 影響無効 | Z42: 薬物インジェクター（蟹）／S1 | AA42: 1 | AD42: 尊敬 | AF42: 平和主義 | AH42: 献身【サクリファイス】 | AI42: 献身【サクリファイス】 | AQ42: K/修羅 | AU42: 献身【サクリファイス】 | AV42: 1 | AW42: 1
P43: 影響無効 | Q43: 精神無効 | Z43: 確率変動試作機（蟹）／S1 | AA43: 1 | AD43: 隠匿 | AF43: マイペース | AH43: 孤高【ロンリーウルフ】 | AI43: 孤高【ロンリーウルフ】 | AQ43: K/寵愛 | AU43: 孤高【ロンリーウルフ】 | AV43: 2 | AW43: 2
P44: 精神無効 | Q44: 物理無効 | AD44: 邂逅 | AF44: 八方美人 | AH44: 恋愛【ラバーズ】 | AI44: 恋愛【ラバーズ】 | AQ44: K/英雄 | AU44: 恋愛【ラバーズ】 | AV44: 1 | AW44: 1
P45: 物理無効 | Q45: 系統無効 | AD45: 裕福 | AF45: 厳格 | AH45: 交渉人【ネゴシエイター】 | AI45: 交渉人【ネゴシエイター】 | AQ45: K/凡骨 | AU45: 交渉人【ネゴシエイター】 | AV45: 1 | AW45: 1
P46: 系統無効 | Q46: 瞬減【行】 | AD46: 貧乏 | AF46: 頑固 | AH46: 二枚舌【ライアー】 | AI46: 二枚舌【ライアー】 | AQ46: K/殺し屋 | AU46: 二枚舌【ライアー】 | AV46: 2 | AW46: 2
P47: 系統無効 | Q47: 瞬減【攻】 | AD47: 兵士 | AF47: 激情 | AH47: 魔術師【プロフェッサー】 | AI47: 魔術師【プロフェッサー】 | AQ47: K/武器屋 | AU47: 魔術師【プロフェッサー】 | AV47: 1 | AW47: 1
Q48: 瞬減【防】 | AD48: 略奪 | AF48: 好戦的 | AH48: 道化師【トリックスター】 | AI48: 道化師【トリックスター】 | AQ48: K/守護者 | AU48: 道化師【トリックスター】 | AV48: 2 | AW48: 2
Q49: 瞬減【抵】 | AD49: 成金 | AF49: 反発 | AH49: 狂人【マッドネス】 | AI49: 狂人【マッドネス】 | AQ49: K/反撃者 | AU49: 狂人【マッドネス】 | AV49: 1 | AW49: 1
Q50: 瞬減【命】 | AD50: 放浪 | AF50: 騒然 | AH50: 風雲児【ヒーロー】 | AI50: 風雲児【ヒーロー】 | AQ50: K/影の者 | AU50: 風雲児【ヒーロー】 | AV50: 1 | AW50: 2
Q51: 瞬減【回】 | AD51: 短命 | AF51: 単純 | AH51: 無頼漢【フーリガン】 | AI51: 無頼漢【フーリガン】 | AQ51: K/癒し手 | AU51: 無頼漢【フーリガン】 | AV51: 1 | AW51: 2
Q52: 瞬減【技】 | AD52: 親子 | AF52: 自信家 | AH52: 小心翼翼【チキンハート】 | AI52: 小心翼翼【チキンハート】 | AQ52: K/使役者 | AU52: 小心翼翼【チキンハート】 | AV52: 1 | AW52: 2
Q53: 瞬減【解】 | AD53: 救済 | AF53: 無鉄砲 | AH53: 芸人【エンターテイナー】 | AI53: 芸人【エンターテイナー】 | AQ53: K/不幸 | AU53: 芸人【エンターテイナー】 | AV53: 1 | AW53: 1
Q54: 除外 | AD54: 殺人 | AF54: 気分屋 | AH54: 泥酔【ドランカー】 | AI54: 泥酔【ドランカー】 | AQ54: K/抗体 | AU54: 泥酔【ドランカー】 | AV54: 2 | AW54: 2
Q55: 敵視 | AD55: 自殺 | AF55: 努力家 | AH55: 自己愛【ナルシスト】 | AI55: 自己愛【ナルシスト】 | AQ55: K/愚者 | AU55: 自己愛【ナルシスト】 | AV55: 1 | AW55: 1
Q56: 晩成【増強】 | AD56: 臨死 | AF56: 敏感 | AH56: 演技派【プレゼンター】 | AI56: 演技派【プレゼンター】 | AQ56: K/不死身 | AU56: 演技派【プレゼンター】 | AV56: 1 | AW56: 1
Q57: 晩成【反応】 | AD57: 再生 | AF57: 寡黙 | AH57: 中二病【ファイナルジャッジメント】 | AI57: 厨二病【ファイナルジャッジメント】 | AQ57: K/奉仕者 | AU57: 中二病【ファイナルジャッジメント】 | AV57: 1 | AW57: 1
Q58: 晩成【感覚】 | AD58: 守護 | AF58: 一匹狼 | AH58: ダイスの女神様【フォーチュン】 | AI58: ダイスの女神様【フォーチュン】 | AQ58: K/闇商人 | AU58: ダイスの女神様【フォーチュン】 | AV58: 1 | AW58: 2
Q59: 晩成【幸運】 | AD59: 執着 | AF59: 冷徹 | AI59: 怠惰【スロース】 | AQ59: K/破壊者 | AU59: 殺人者【ザ・キラー】 | AV59: 0 | AW59: 1
Q60: 喚装 | AD60: 立身 | AF60: 静観 | AI60: 拷問師【トーチャー】 | AQ60: K/職人 | AU60: 厨二病【ファイナルジャッジメント】 | AV60: 0 | AW60: 2
Q61: 縮小【命】 | AD61: 啓蒙 | AF61: 怠け者 | AI61: 越境者【オーバード】 | AQ61: K/鷹の目 | AU61: 怠惰【スロース】 | AV61: 0 | AW61: 0
Q62: 縮小【回】 | AD62: 漠然 | AF62: 鈍感 | AI62: 帝王【プライド】 | AQ62: K/幻影 | AU62: 拷問師【トーチャー】 | AV62: 0 | AW62: 1
Q63: 縮小【技】 | AD63: 有能 | AF63: 常識 | AI63: 餓狼【アンダードッグ】 | AQ63: K/無血開城 | AU63: 越境者【オーバード】 | AV63: 0 | AW63: 1
Q64: 縮小【解】 | AD64: 無能 | AF64: 愚直 | AQ64: K/人外 | AU64: 帝王【プライド】 | AV64: 0 | AW64: 1
AD65: 賛美 | AF65: 規律 | AQ65: K/希少種 | AU65: 餓狼【アンダードッグ】 | AV65: 0 | AW65: 2
AD66: 新参 | AF66: 気品 | AQ66: K/勇猛
AD67: 古参 | AF67: 現実主義 | AQ67: K/魔性
AD68: 離脱 | AF68: 誠実 | AQ68: K/下心
AD69: 外界 | AF69: 偏屈 | AQ69: K/献身
AD70: 後輩 | AF70: 依存 | AQ70: K/孤高
AD71: 迫害 | AF71: ズボラ | AQ71: K/恋愛
AD72: 無実 | AF72: 下賤 | AQ72: K/交渉人
AD73: 幽閉 | AF73: ロマンティスト | AQ73: K/二枚舌
AD74: 不明 | AF74: 浪費 | AQ74: K/魔術師
AF75: 破壊 | AQ75: K/道化師
AF76: 幼稚 | AQ76: K/狂人
AF77: 破綻 | AQ77: K/風雲児
AF78: 差別的 | AQ78: K/無頼漢
AF79: 強引 | AQ79: K/小心翼翼
AF80: 憎悪 | AQ80: K/芸人
AF81: 熱血 | AQ81: K/泥酔
AF82: 照れ屋 | AQ82: K/自己愛
AF83: 負けず嫌い | AQ83: K/演技派
AF84: 明朗 | AQ84: K/中二病
AF85: 単騎 | AQ85: K/ダイスの女神様
AF86: 冗長 | AQ86: K/殺人者
... AF110: ナルシスト | AQ110: 武装/スモーク
AQ111: 武装/サイキックジャミング
AQ112: 武装/神経ジャマー
AQ113: 武装/トランスキャンセラー
AQ114: 武装/クリエイトノイザー
AQ115: 武装/アーマー
AQ116: 武装/ブラックボックス
AQ117: 武装/パワードスーツ
AQ118: 武装/スキャンスコープ
AQ119: 武装/高感度センサー
AQ120: 武装/高演算電脳
AQ121: 武装/高性能マニピュレーター
AQ122: 武装/光学迷彩
... AQ164: 判定バースト

Sheet キャラシート
B2: キャラクター名 | I2: 環境 | J2: ＰＬ名 | N2: 次回セッション | T2: ※先にこちらの欄を入力する事で左欄にある程度数値が自動反映されます
I3: 蟹 | N3: 次回状態 | P3: － | AC3: 基礎技能値 | AF3: 運ボーナス | AG3: 基礎技能値 | AJ3: 運ボーナス
N4: 持ち越し因子ダイス | P4: － | U4: →手入力 | W4: →選択入力 | Y4: →自動反映 | AA4: →反映結果 | AC4: 力技 | AE4: =(AA10*2) -> 8 | AF4: =IF(AA16<18,IF(AA16<14,IF(AA16<10,IF(AA16<5,IF(AA16<3,"-2","-1"),0),"+1"),"+2"),"+3") -> -1 | AG4: 隠密 | AI4: =AA14+AA15 -> 8 | AJ4: =IF(AA16<18,IF(AA16<14,IF(AA16<10,IF(AA16<5,IF(AA16<3,"-2","-1"),0),"+1"),"+2"),"+3") -> -1
B5: 性別 | D5: 年齢 | F5: 身長 | H5: 容姿 | J5: カルマ | N5: 崩壊深度 | P5: － | AC5: 威圧 | AE5: =AA10+AA11 -> 8 | AF5: =IF(AA16<18,IF(AA16<14,IF(AA16<10,IF(AA16<5,IF(AA16<3,"-2","-1"),0),"+1"),"+2"),"+3") -> -1 | AG5: 俊敏 | AI5: =(AA15*2) -> 8 | AJ5: =IF(AA16<18,IF(AA16<14,IF(AA16<10,IF(AA16<5,IF(AA16<3,"-2","-1"),0),"+1"),"+2"),"+3") -> -1
H6: － | J6: － | N6: 後遺症 | P6: － | T6: ▼ステータス計算 | AC6: 観察眼 | AE6: =ROUNDDOWN((AA55/2),0)+AA12 -> 7 | AF6: =IF(AA16<18,IF(AA16<14,IF(AA16<10,IF(AA16<5,IF(AA16<3,"-2","-1"),0),"+1"),"+2"),"+3") -> -1 | AG6: 話術 | AI6: =AA14+AA12 -> 8 | AJ6: =IF(AA16<18,IF(AA16<14,IF(AA16<10,IF(AA16<5,IF(AA16<3,"-2","-1"),0),"+1"),"+2"),"+3") -> -1
B7: 職業 | J7: 所属 | K7: － | N7: － | P7: － | T7: 能力タイプ | V7: =C10 -> － | X7: 身体タイプ | Z7: =F10 -> － | AC7: 察知 | AE7: =ROUNDDOWN((AA55/2),0)+AA15 -> 7 | AF7: =IF(AA16<18,IF(AA16<14,IF(AA16<10,IF(AA16<5,IF(AA16<3,"-2","-1"),0),"+1"),"+2"),"+3") -> -1 | AG7: 読心 | AI7: =ROUNDDOWN((AA55/2),0)+AA13 -> 7 | AJ7: =IF(AA16<18,IF(AA16<14,IF(AA16<10,IF(AA16<5,IF(AA16<3,"-2","-1"),0),"+1"),"+2"),"+3") -> -1
J8: 在住エリア | K8: － | N8: － | P8: － | T8: 基礎パラメーター | AA8: 総パラ | AC8: 知識 | AE8: =(AA12*2) -> 8 | AF8: =IF(AA16<18,IF(AA16<14,IF(AA16<10,IF(AA16<5,IF(AA16<3,"-2","-1"),0),"+1"),"+2"),"+3") -> -1 | AG8: 閃き | AI8: =ROUNDDOWN((AA55/2),0)+AA16 -> 7 | AJ8: =IF(AA16<18,IF(AA16<14,IF(AA16<10,IF(AA16<5,IF(AA16<3,"-2","-1"),0),"+1"),"+2"),"+3") -> -1
U9: 基礎pt | V9: フリーpt | W9: 計① | X9: 能力者付与pt | Y9: ノーマル付与pt | Z9: 身体付与pt | AA9: ①＋② | AC9: 技術 | AE9: =AA14+AA13 -> 8 | AF9: =IF(AA16<18,IF(AA16<14,IF(AA16<10,IF(AA16<5,IF(AA16<3,"-2","-1"),0),"+1"),"+2"),"+3") -> -1 | AG9: 幸運 | AI9: =(AA16*2) -> 8 | AJ9: =IF(AA16<18,IF(AA16<14,IF(AA16<10,IF(AA16<5,IF(AA16<3,"-2","-1"),0),"+1"),"+2"),"+3") -> -1
B10: 能力タイプ | C10: － | E10: 身体タイプ | F10: － | J10: ライフパス | T10: 筋力 | U10: 4 | W10: =SUM(U10:V10) -> 4 | X10: =IF(C10="トランサー",2,0) -> 0 | Z10: =IF(F10="サイボーグ",1,0) -> 0 | AA10: =W10+AA24+SUM(X10:Z10)-T70 -> 4
J11: ライフ＆ライフ | L11: － | N11: スタンス | P11: － | T11: 耐久 | U11: 4 | W11: =SUM(U11:V11) -> 4 | X11: =IF(C10="サイキッカー",1,0) -> 0 | Z11: =IF(F10="ロボット",1,0) -> 0 | AA11: =W11+AA25+SUM(X11:Z11)-U70 -> 4
L12: － | N12: トゥルー | P12: － | T12: 知力 | U12: 4 | W12: =SUM(U12:V12) -> 4 | X12: =IF(C10="エスパー",1,0)+IF(C10="アンノウン",1,0) -> 0 | Z12: =IF(F10="コーディネーター",1,0) -> 0 | AA12: =W12+AA26+SUM(X12:Z12)-V70 -> 4 | AC12: パラメーター基準値
B13: ＳＰＥ | C13: － | E13: 活性タイプ | F13: － | J13: キャライメージ | O13: エキスパ | P13: - | Q13: - | T13: 精神 | U13: 4 | W13: =SUM(U13:V13) -> 4 | X13: =IF(C10="エスパー",2,0)+IF(C10="クリエイター",1,0) -> 0 | Z13: =IF(F10="ナチュラル",1,0) -> 0 | AA13: =W13+AA27+SUM(X13:Z13)-W70 -> 4 | AC13: 無能 | AD13: 貧弱 | AE13: 常人 | AG13: 秀才 | AI13: 達人 | AJ13: 天才
O14: 探索技能 | Q14: ＳＰＥ補正 | T14: 器用 | U14: 4 | W14: =SUM(U14:V14) -> 4 | X14: =IF(C10="クリエイター",2,0) -> 0 | Z14: =IF(F10="ハイブリッド",1,0) -> 0 | AA14: =W14+AA28+SUM(X14:Z14)-X70 -> 4 | AC14: 1～２ | AD14: ３～４ | AE14: ５～９ | AG14: １０～１３ | AI14: １４～１７ | AJ14: １８～
O15: 力技 | P15: =ROUNDDOWN((AE4+AF4)/2,0) -> 3 | T15: 敏捷 | U15: 4 | W15: =SUM(U15:V15) -> 4 | X15: =IF(C10="サイキッカー",2,0)+IF(C10="トランサー",1,0) -> 0 | Z15: =IF(F10="アンドロイド",1,0) -> 0 | AA15: =W15+AA29+SUM(X15:Z15)-Y70 -> 4
B16: ステータス | F16: パラメーター | O16: 威圧 | P16: =ROUNDDOWN((AE5+AF5)/2,0) -> 3 | T16: 運 | U16: 4 | W16: =SUM(U16:V16) -> 4 | X16: =IF(C10="アンノウン",2,0) -> 0 | Z16: =IF(SUM(Z10:Z15)=0,IF(F10="－",0,1),0) -> 0 | AA16: =W16+AA30+SUM(X16:Z16)-Z70 -> 4
B17: HP | D17: =ABS(AA49) -> 12 | F17: 筋力 | H17: =AA10 -> 4 | O17: 観察眼 | P17: =ROUNDDOWN((AE6+AF6)/2,0) -> 3 | T17: 計 | U17: =SUM(U10:U16) -> 28 | V17: =SUM(V10:V16) -> 0 | W17: =SUM(W10:W16) -> 28 | X17: =SUM(X10:X16) -> 0 | Y17: =SUM(Y10:Y16) -> 0 | Z17: =SUM(Z10:Z16) -> 0 | AA17: =SUM(AA10:AA16) -> 28 | AC17: 運ボーナス
F18: 耐久 | H18: =AA11 -> 4 | O18: 察知 | P18: =ROUNDDOWN((AE7+AF7)/2,0) -> 3 | U18: =28-U17 -> 0 | V18: =10-V17 -> 10 | X18: =IF(I3="バニラ",3-X17,0) -> 0 | Y18: =IF(C10="ノーマル",3-Y17,0) -> 0 | Z18: =IF(I3="バニラ",1-Z17,0) -> 0 | AA18: =47-AA17 -> 19 | AC18: 運１～２ | AE18: ― | AH18: 基礎技能値－２
B19: PP | D19: =ABS(AA50) -> 18 | F19: 知力 | H19: =AA12 -> 4 | O19: 知識 | P19: =ROUNDDOWN((AE8+AF8)/2,0) -> 3 | U19: ↑フリーpt入力計↑ 計①がゼロ以下はＮＧ | X19: ↑身体・能力タイプｐｔ↑ | AC19: 運３～４ | AE19: ― | AH19: 基礎技能値－１
F20: 精神 | H20: =AA13 -> 4 | O20: 技術 | P20: =ROUNDDOWN((AE9+AF9)/2,0) -> 3 | X20: =IF(I3="バニラ","ノーマルは手入力","追加フリーptを入力してね") -> 追加フリーptを入力してね | AC20: 運５～９ | AE20: ― | AH20: ―
B21: 暴走率 | D21: =AA51 -> 16 | F21: 器用 | H21: =AA14 -> 4 | O21: 隠密 | P21: =ROUNDDOWN((AI4+AJ4)/2,0) -> 3 | AC21: 運１０～１３ | AE21: ― | AH21: 基礎技能値+１
F22: 敏捷 | H22: =AA15 -> 4 | O22: 俊敏 | P22: =ROUNDDOWN((AI5+AJ5)/2,0) -> 3 | T22: キャラ特性付与パラメーター | Z22: キャラpt | AA22: =5+IF(C10="ノーマル",1,0) -> 5 | AC22: 運１４～１７ | AE22: 命中・回避判定ダイス＋１Ｄ６ | AH22: 基礎技能値+２
B23: 防御力 | D23: =AA52 -> 2 | F23: 運 | H23: =AA16 -> 4 | O23: 話術 | P23: =ROUNDDOWN((AI6+AJ6)/2,0) -> 3 | T23: キャラ特性 | U23: - | V23: - | W23: - | X23: - | Y23: - | Z23: - | AA23: 計② | AC23: 運１８～２０ | AE23: 命中・回避判定ダイス＋１Ｄ６ | AH23: 基礎技能値+３
O24: 読心 | P24: =ROUNDDOWN((AI7+AJ7)/2,0) -> 3 | T24: =T10 -> 筋力 | AA24: =SUM(U24:Z24) -> 0
B25: 精神抵抗 | D25: =AA53 -> 2 | F25: 能力精度 | H25: =AA58 -> 4 | O25: 閃き | P25: =ROUNDDOWN((AI8+AJ8)/2,0) -> 3 | T25: =T11 -> 耐久 | AA25: =SUM(U25:Z25) -> 0
O26: 幸運 | P26: =ROUNDDOWN((AI9+AJ9)/2,0) -> 3 | T26: =T12 -> 知力 | AA26: =SUM(U26:Z26) -> 0
B27: 行動値 | D27: =AA54 -> 5 | F27: 発動スペック | H27: =AA59 -> 2 | O27: キャラ特性 | T27: =T13 -> 精神 | AA27: =SUM(U27:Z27) -> 0 | AC27: ◆ 探索技能補足説明 ◆
O28: =U23 -> - | T28: =T14 -> 器用 | AA28: =SUM(U28:Z28) -> 0
O29: =V23 -> - | T29: =T15 -> 敏捷 | AA29: =SUM(U29:Z29) -> 0 | AC29: 技能名 | AE29: 説明
B30: 命中・回避 | F30: 攻撃力 | O30: =W23 -> - | T30: =T16 -> 運 | AA30: =SUM(U30:Z30) -> 0 | AC30: 力技 | AE30: 物を動かす、ドアを破るなど、力で物事を突破する際に必要な判定技能。
B31: ＳＳ | C31: =AA55 -> 6 | D31: =IF(AA16<14,1,2) -> 1 | F31: 格闘 | G31: =V38 -> 0 | H31: =W38 -> 0 | O31: =X23 -> - | T31: 消費pt | U31: =SUM(U24:U30) -> 0 | V31: =SUM(V24:V30) -> 0 | W31: =SUM(W24:W30) -> 0 | X31: =SUM(X24:X30) -> 0 | Y31: =SUM(Y24:Y30) -> 0 | Z31: =SUM(Z24:Z30) -> 0 | AA31: =SUM(U31:Z31) -> 0 | AC31: 観察眼 | AE31: 物事・現場を観察し、何かに気づけるかどうかの判定技能。
O32: =Y23 -> - | U32: ↑マイナス入力もOK！↑ | AA32: =AA22-AA31 -> 5 | AC32: 閃き | AE32: 推理・考察時に何かを思い付けるかどうかの判定技能。
B33: 命中力 | C33: =AA56 -> 7 | D33: =IF(AA16<14,1,2) -> 1 | F33: 武器 | G33: =V39 -> 0 | H33: =W39 -> 0 | O33: =Z23 -> - | T33: 攻撃力取得 1D6/3点 固定値１/1点 点移行/2点 | AC33: 察知 | AE33: 突然の出来事・気配等に反応できるか・気づけるかどうかの判定技能。
J34: アライメント | O34: 睡眠回復量 | AC34: 知識 | AE34: 物事・情報・使用方法などについて知っているかどうかの判定技能。
B35: 回避力 | C35: =AA57 -> 7 | D35: =IF(AA16<14,1,2) -> 1 | F35: 能力 | G35: =V40 -> 0 | H35: =W40 -> 0 | J35: － | O35: ＨＰ＆ＰＰ回復量 | Q35: =ROUNDDOWN((AA11/3),0) -> 1 | T35: 取得結果 | X35: 取得点 | AC35: 技術 | AE35: 機械を修理する、鍵開けを行うなど、技術を要求される場合の判定技能。
O36: 暴走率回復量 | Q36: =ROUNDDOWN((AA13/3),0) -> 1 | X36: 格闘点 | Y36: 武器点 | Z36: 能力点 | AC36: 隠密 | AE36: 身を隠す、対象を追跡する、物を隠す際の判定技能。
V37: 取得ダイス | W37: 取得固定値 | X37: =Z63-SUM(X38:X40) -> 3 | Y37: =Z64-SUM(Y38:Y40) -> 7 | Z37: =Z65-SUM(Z38:Z40) -> 7 | AA37: 移行結果 | AC37: 俊敏 | AE37: 逃げる、対象を追いかける、高所からの着地ができるかなどの判定技能。
B38: アイテム | J38: 能力名 | T38: 格闘攻撃 | AA38: =ROUNDDOWN((Y38/2),0)+ROUNDDOWN((Z38/2),0)+(X38) -> 0 | AC38: 威圧 | AE38: 強制的に対象を従わせる、威嚇などで黙らせるなどに必要な判定技能。
B39: 特殊武装 | E39: 消費アイテム／アタッチメント | H39: 所持品 | T39: 武器攻撃 | AA39: =ROUNDDOWN((X39/2),0)+ROUNDDOWN((Z39/2),0)+(Y39) -> 0 | AC39: 話術 | AE39: 説得・言いくるめ・交渉など、話術が必要な際の判定技能。
B40: － | E40: － | T40: 能力攻撃 | AA40: =ROUNDDOWN((X40/2),0)+ROUNDDOWN((Y40/2),0)+(Z40) -> 0 | AC40: 読心 | AE40: 対象が嘘をついているかなど、相手の心情を察する判定技能。
B41: － | E41: － | V41: ↑数値のみ入力でＯＫ | X41: ▼ ▼ ▼ ▼ | AC41: 幸運 | AE41: 運が試される際の判定技能。
B42: － | E42: － | J42: 能力説明 | T42: Better Parameter | X42: ↓ 移行取得結果 ↓
B43: － | E43: － | T43: ON | X43: 格闘点 | Y43: 武器点 | Z43: 能力点 | AC43: ■ 技能判定 目安表 ■
B44: － | E44: － | W44: 移行結果 | X44: =AA38 -> 0 | Y44: =AA39 -> 0 | Z44: =AA40 -> 0 | AC44: 技能判定値 | AD44: 技能ランク | AG44: 難易度 | AH44: Ｎ | AI44: Ｈ | AJ44: Ｓ
B45: － | E45: － | W45: 残り点 | X45: =X44-(V38*3)-W38 -> 0 | Y45: =Y44-(V39*3)-W39 -> 0 | Z45: =Z44-(V40*3)-W40 -> 0 | AG45: 技能ランク | AH45: ＡＥなし ノーマル目標 | AI45: コンセLv.5 難易度ハード | AJ45: コンセLv.10 スーパーハード
B46: － | E46: －
B47: － | E47: － | T47: ステータス | AC47: 1～２ | AD47: 【 無能レベル 】誰もができて当然 | AG47: Ｅ | AH47: ４～５ | AI47: ９～１０ | AJ47: １４～１５
B48: － | E48: － | U48: パラ依存 | V48: コンディション | X48: 特化補正 | Y48: ＳＰＥ補正 | Z48: その他補正 | AA48: 計 | AC48: ３～４ | AD48: 【 貧弱レベル 】簡単にできる範囲 | AG48: Ｄ | AH48: ６～７ | AI48: １１～１２ | AJ48: １６～１７
B49: － | E49: － | T49: HP | U49: =(AA10*2)+(AA11) -> 12 | X49: ― | Y49: ― | AA49: =SUM(U49:Z49) -> 12 | AC49: ５～８ | AD49: 【 常人レベル 】普通の人なら可能 | AG49: Ｃ | AH49: ８～１１ | AI49: １３～１６ | AJ49: １８～２１
B50: － | E50: - | T50: PP | U50: =AA13+ROUNDDOWN((AA11/2),0)+ROUNDDOWN((AA16/2),0)+10 -> 18 | X50: =IF(H18<18,0,3) -> 0 | Y50: =IF(C13="大器",10,"0") -> 0 | AA50: =SUM(U50:Z50) -> 18 | AC50: ９～１１ | AD50: 【 秀才レベル 】得意な人の範囲 | AG50: Ｂ | AH50: １２～１４ | AI50: １７～１９ | AJ50: ２２～２４
B51: － | E51: - | T51: 暴走率 | U51: =AA50-ROUNDDOWN((AA55/3),0) -> 16 | W51: ― | X51: ― | Y51: ― | AA51: =SUM(U51:Z51) -> 16 | AC51: １２～１４ | AD51: 【 達人レベル 】プロレベル | AG51: Ａ | AH51: １５～１７ | AI51: ２０～２２ | AJ51: ２５～２７
B52: キャラクター説明・補足 | T52: 防御力 | U52: =ROUNDDOWN((AA11/2),0) -> 2 | V52: ― | W52: ― | X52: =IF(H17<18,0,1) -> 0 | Y52: ― | AA52: =SUM(U52:Z52) -> 2 | AC52: １５～ | AD52: 【 天才レベル 】常人では達成困難 | AG52: Ｓ | AH52: １８～ | AI52: ２３～ | AJ52: ２８～
B53: キャラのセリフをお好みでこの欄に入れて下さい。 | T53: 精神抵抗 | U53: =ROUNDDOWN((AA13/2),0) -> 2 | V53: ― | W53: ― | X53: ― | Y53: ― | AA53: =SUM(U53:Z53) -> 2
T54: 行動値 | U54: =IF(T43="ON",ROUNDDOWN(AA15,0)+ROUNDDOWN(AA12/3,0),ROUNDDOWN(AA15/2,0)+ROUNDDOWN(AA12/3,0)) -> 5 | V54: ― | W54: ― | X54: ― | Y54: ― | AA54: =SUM(U54:Z54) -> 5
T55: SS | U55: =ROUNDDOWN(AA12/2,0)+ROUNDDOWN(AA16/2,0)+ROUNDDOWN(AA13/2,0) -> 6 | V55: ― | W55: ― | X55: ― | Y55: ― | AA55: =SUM(U55:Z55) -> 6
T56: 命中 | U56: =IF(T43="ON",(AA14+ROUNDDOWN(AA11/2,0)+ROUNDDOWN(AA10/3,0)),AA14+ROUNDDOWN(AA11/2,0)) -> 7 | V56: ― | W56: ― | X56: =IF(H22<18,0,2)+IF(H20<18,0,1) -> 0 | Y56: ― | AA56: =SUM(U56:Z56) -> 7
T57: 回避 | U57: =IF(T43="ON",(AA15+ROUNDDOWN(AA12/2,0)+ROUNDDOWN(AA10/3,0)),AA15+ROUNDDOWN(AA12/2,0)) -> 7 | V57: ― | W57: ― | X57: =IF(H21<18,0,2)+IF(H20<18,0,1) -> 0 | Y57: ― | AA57: =SUM(U57:Z57) -> 7
T58: 能力精度 | U58: =ROUNDDOWN((AA13/2),0)+ROUNDDOWN((AA14/2),0) -> 4 | V58: ― | W58: ― | X58: ― | Y58: =IF(C13="大器",3,"0") -> 0 | AA58: =SUM(U58:Z58) -> 4
T59: 発動スペック | U59: =ROUNDDOWN(((AA12)+(AA16))/4,0)+応用技!D5+応用技!G5+応用技!J5 -> 2 | V59: ― | W59: ― | X59: =IF(H19<18,0,1) -> 0 | Y59: =IF(C13="熟練",1," ") | AA59: =SUM(U59:Z59) -> 2
T61: 攻撃力取得点
V62: 主攻撃値 | W62: 補助攻撃値 | X62: 能力ボーナス | Z62: 取得点
T63: 格闘取得点 | V63: =AA10 -> 4 | W63: =ROUNDDOWN((AA11/2),0) -> 2 | Z63: =ROUNDDOWN((V63+W63)/2,0) -> 3 | AA63: +１Ｄ６
T64: 武器取得点 | V64: =ROUNDDOWN((AA14/2),0)+ROUNDDOWN((AA15/2),0) -> 4 | W64: 10 | Z64: =ROUNDDOWN((V64+W64)/2,0) -> 7 | AA64: +１Ｄ６
T65: 能力取得点 | V65: =AA58 -> 4 | W65: =ROUNDDOWN((AA55/2),0) -> 3 | X65: 4 | Z65: =ROUNDDOWN((V65+W65)/2,0)+X65 -> 7 | AA65: +１Ｄ６

Sheet 応用技
B2: 能力応用技 ※応用技は最大８個まで | M2: 行為発動・特殊技 ※フレーバーの行為発動や、技組合せのチェイン発動、 ＡＥ・ＳＰＥを演出の特殊技、特殊武装などをフレーバー技として明記したい場合に入力下さい。
B4: 発動スペック | D4: =キャラシート!AA59 -> 2 | E4: 防御発動量 | G4: =ROUNDDOWN((キャラシート!H25)/2,0) -> 2 | H4: 付加補正量 | J4: =ROUNDDOWN((キャラシート!H25)/3,0) -> 1
B5: 特殊武装圧迫分 | D5: =-IFERROR(SUMPRODUCT(N(VALUE(RIGHT(INDEX(キャラシート!B40:B51,ROW(1:12)),1)))),0) -> 0 | E5: 性質系＋晩成系 | G5: =SUMIF(H:H, "性質", J:J)+SUMIF(H:H, "晩成", J:J) -> 0 | H5: 喚装系圧迫分 | J5: =IF(キャラシート!I3="蟹",SUMIF(H:H, "喚装", J:J),0) -> 0
B8: 技名 | G8: 射程 | H8: 技系統 | I8: 消費 | J8: 必要スペック | M8: 技名 | R8: 演出 | T8: 射程 | U8: 消費
G9: － | H9: － | I9: =IF(キャラシート!$I$3="蟹",計算用!C12,計算用!C6) -> 0 | J9: =IF(キャラシート!$I$3="蟹",計算用!D12,計算用!D6) -> 0 | R9: － | T9: －
B11: 発動系統 | E11: 付加効果 | H11: ＳＥ
B12: － | C12: － | D12: － | E12: － | F12: － | G12: － | H12: － | I12: － | J12: － | M12: 効果補足
E13: － | F13: － | G13: － | H13: － | I13: － | J13: －
B14: 効果補足
B17: ※この行には具体的な補正量やトリガー条件などをお書き下さい。 | M17: ※この行には具体的な効果やチェイン発動の組合せをお書き下さい。
B19: 技名 | G19: 射程 | H19: 技系統 | I19: 消費 | J19: 必要スペック | M19: 技名 | R19: 演出 | T19: 射程 | U19: 消費
G20: － | H20: － | I20: =IF(キャラシート!$I$3="蟹",計算用!C24,計算用!C18) -> 0 | J20: =IF(キャラシート!$I$3="蟹",計算用!D24,計算用!D18) -> 0 | R20: － | T20: －
B22: 発動系統 | E22: 付加効果 | H22: ＳＥ
B23: － | C23: － | D23: － | E23: － | F23: － | G23: － | H23: － | I23: － | J23: － | M23: 効果補足
E24: － | F24: － | G24: － | H24: － | I24: － | J24: －
B25: 効果補足
B28: ※この行には具体的な補正量やトリガー条件などをお書き下さい。 | M28: ※この行には具体的な効果やチェイン発動の組合せをお書き下さい。
B30: 技名 | G30: 射程 | H30: 技系統 | I30: 消費 | J30: 必要スペック | M30: 技名 | R30: 演出 | T30: 射程 | U30: 消費
G31: － | H31: － | I31: =IF(キャラシート!$I$3="蟹",計算用!C36,計算用!C30) -> 0 | J31: =IF(キャラシート!$I$3="蟹",計算用!D36,計算用!D30) -> 0 | R31: － | T31: －
B33: 発動系統 | E33: 付加効果 | H33: ＳＥ
B34: － | C34: － | D34: － | E34: － | F34: － | G34: － | H34: － | I34: － | J34: － | M34: 効果補足
E35: － | F35: － | G35: － | H35: － | I35: － | J35: －
B36: 効果補足
B39: ※この行には具体的な補正量やトリガー条件などをお書き下さい。 | M39: ※この行には具体的な効果やチェイン発動の組合せをお書き下さい。
B41: 技名 | G41: 射程 | H41: 技系統 | I41: 消費 | J41: 必要スペック | M41: 技名 | R41: 演出 | T41: 射程 | U41: 消費
G42: － | H42: － | I42: =IF(キャラシート!$I$3="蟹",計算用!C48,計算用!C42) -> 0 | J42: =IF(キャラシート!$I$3="蟹",計算用!D48,計算用!D42) -> 0 | R42: － | T42: －
B44: 発動系統 | E44: 付加効果 | H44: ＳＥ
B45: － | C45: － | D45: － | E45: － | F45: － | G45: － | H45: － | I45: － | J45: － | M45: 効果補足
E46: － | F46: － | G46: － | H46: － | I46: － | J46: －
B47: 効果補足
B50: ※この行には具体的な補正量やトリガー条件などをお書き下さい。 | M50: ※この行には具体的な効果やチェイン発動の組合せをお書き下さい。
B52: 技名 | G52: 射程 | H52: 技系統 | I52: 消費 | J52: 必要スペック | M52: 技名 | R52: 演出 | T52: 射程 | U52: 消費
G53: － | H53: － | I53: =IF(キャラシート!$I$3="蟹",計算用!C60,計算用!C54) -> 0 | J53: =IF(キャラシート!$I$3="蟹",計算用!D60,計算用!D54) -> 0 | R53: － | T53: －
B55: 発動系統 | E55: 付加効果 | H55: ＳＥ
B56: － | C56: － | D56: － | E56: － | F56: － | G56: － | H56: － | I56: － | J56: － | M56: 効果補足
E57: － | F57: － | G57: － | H57: － | I57: － | J57: －
B58: 効果補足
B61: ※この行には具体的な補正量やトリガー条件などをお書き下さい。 | M61: ※この行には具体的な効果やチェイン発動の組合せをお書き下さい。
B63: 技名 | G63: 射程 | H63: 技系統 | I63: 消費 | J63: 必要スペック | M63: 技名 | R63: 演出 | T63: 射程 | U63: 消費
G64: － | H64: － | I64: =IF(キャラシート!$I$3="蟹",計算用!C72,計算用!C66) -> 0 | J64: =IF(キャラシート!$I$3="蟹",計算用!D72,計算用!D66) -> 0 | R64: － | T64: －
B66: 発動系統 | E66: 付加効果 | H66: ＳＥ
B67: － | C67: － | D67: － | E67: － | F67: － | G67: － | H67: － | I67: － | J67: － | M67: 効果補足
E68: － | F68: － | G68: － | H68: － | I68: － | J68: －
B69: 効果補足
B72: ※この行には具体的な補正量やトリガー条件などをお書き下さい。 | M72: ※この行には具体的な効果やチェイン発動の組合せをお書き下さい。
B74: 技名 | G74: 射程 | H74: 技系統 | I74: 消費 | J74: 必要スペック | M74: 技名 | R74: 演出 | T74: 射程 | U74: 消費
G75: － | H75: － | I75: =IF(キャラシート!$I$3="蟹",計算用!C84,計算用!C78) -> 0 | J75: =IF(キャラシート!$I$3="蟹",計算用!D84,計算用!D78) -> 0 | R75: － | T75: －
B77: 発動系統 | E77: 付加効果 | H77: ＳＥ
B78: － | C78: － | D78: － | E78: － | F78: － | G78: － | H78: － | I78: － | J78: － | M78: 効果補足
E79: － | F79: － | G79: － | H79: － | I79: － | J79: －
B80: 効果補足
B83: ※この行には具体的な補正量やトリガー条件などをお書き下さい。 | M83: ※この行には具体的な効果やチェイン発動の組合せをお書き下さい。
B85: 技名 | G85: 射程 | H85: 技系統 | I85: 消費 | J85: 必要スペック | M85: 技名 | R85: 演出 | T85: 射程 | U85: 消費
G86: － | H86: － | I86: =IF(キャラシート!$I$3="蟹",計算用!C96,計算用!C90) -> 0 | J86: =IF(キャラシート!$I$3="蟹",計算用!D96,計算用!D90) -> 0 | R86: － | T86: －
B88: 発動系統 | E88: 付加効果 | H88: ＳＥ
B89: － | C89: － | D89: － | E89: － | F89: － | G89: － | H89: － | I89: － | J89: － | M89: 効果補足
E90: － | F90: － | G90: － | H90: － | I90: － | J90: －
B91: 効果補足
B94: ※この行には具体的な補正量やトリガー条件などをお書き下さい。 | M94: ※この行には具体的な効果やチェイン発動の組合せをお書き下さい。

Sheet 計算用
B1: 応用技 | AD1: クリーチャー＿１ | AJ1: クリーチャー＿２ | AP1: クリーチャー＿３
B2: 技１ | C2: 消費 | D2: スペック | E2: 強化変数 | F2: 減衰変数 | H2: バニラ表 | S2: カニ表 | AD2: 技１ | AE2: 消費 | AF2: スペック | AG2: 強化変数 | AH2: 減衰変数 | AJ2: 技１ | AK2: 消費 | AL2: スペック | AM2: 強化変数 | AN2: 減衰変数 | AP2: 技１ | AQ2: 消費 | AR2: スペック | AS2: 強化変数 | AT2: 減衰変数
B3: 発動系統 | C3: =IF(応用技!B12="－",0,VLOOKUP(応用技!B12,計算用!$I$6:$K$11,2,FALSE())) +IF(応用技!C12="－",0,VLOOKUP(応用技!C12,計算用!$I$6:$K$11,2,FALSE())) +IF(応用技!D12="－",0,VLOOKUP(応用技!D12,計算用!$I$6:$K$11,2,FALSE())) +COUNTIF(応用技!B12:D12,"防御発動")^2 -> 0 | D3: =IF(VALUE(D4)<0,0,IF(応用技!B12="－",0,VLOOKUP(応用技!B12,$I$6:$K$11,3,FALSE()))) +IF(応用技!C12="－",0,VLOOKUP(応用技!C12,$I$6:$K$11,3,FALSE())) +IF(応用技!D12="－",0,VLOOKUP(応用技!D12,$I$6:$K$11,3,FALSE())) -> 0 | AD3: 発動系統 | AE3: =IF(クリーチャー!P12="－",0,VLOOKUP(クリーチャー!P12,計算用!$I$6:$K$11,2,FALSE()))+IF(クリーチャー!Q12="－",0,VLOOKUP(クリーチャー!Q12,計算用!$I$6:$K$11,2,FALSE()))+IF(クリーチャー!R12="－",0,VLOOKUP(クリーチャー!R12,計算用!$I$6:$K$11,2,FALSE()))+COUNTIF(クリーチャー!P12:R12,"防御発動")^2 -> 0 | AF3: =IF(AF4<0,0,IF(クリーチャー!P12="－",0,VLOOKUP(クリーチャー!P12,$I$6:$K$11,3,FALSE()))+IF(クリーチャー!Q12="－",0,VLOOKUP(クリーチャー!Q12,$I$6:$K$11,3,FALSE()))+IF(クリーチャー!R12="－",0,VLOOKUP(クリーチャー!R12,$I$6:$K$11,3,FALSE()))) -> 0 | AJ3: 発動系統 | AK3: =IF(クリーチャー_2!P12="－",0,VLOOKUP(クリーチャー_2!P12,計算用!$I$6:$K$11,2,FALSE()))+IF(クリーチャー_2!Q12="－",0,VLOOKUP(クリーチャー_2!Q12,計算用!$I$6:$K$11,2,FALSE()))+IF(クリーチャー_2!R12="－",0,VLOOKUP(クリーチャー_2!R12,計算用!$I$6:$K$11,2,FALSE()))+COUNTIF(クリーチャー_2!P12:R12,"防御発動")^2 -> 0 | AL3: =IF(AL4<0,0,IF(クリーチャー_2!P12="－",0,VLOOKUP(クリーチャー_2!P12,$I$6:$K$11,3,FALSE()))+IF(クリーチャー_2!Q12="－",0,VLOOKUP(クリーチャー_2!Q12,$I$6:$K$11,3,FALSE()))+IF(クリーチャー_2!R12="－",0,VLOOKUP(クリーチャー_2!R12,$I$6:$K$11,3,FALSE()))) -> 0 | AP3: 発動系統 | AQ3: =IF(クリーチャー_3!P12="－",0,VLOOKUP(クリーチャー_3!P12,計算用!$I$6:$K$11,2,FALSE()))+IF(クリーチャー_3!Q12="－",0,VLOOKUP(クリーチャー_3!Q12,計算用!$I$6:$K$11,2,FALSE()))+IF(クリーチャー_3!R12="－",0,VLOOKUP(クリーチャー_3!R12,計算用!$I$6:$K$11,2,FALSE()))+COUNTIF(クリーチャー_3!P12:R12,"防御発動")^2 -> 0 | AR3: =IF(AR4<0,0,IF(クリーチャー_3!P12="－",0,VLOOKUP(クリーチャー_3!P12,$I$6:$K$11,3,FALSE()))+IF(クリーチャー_3!Q12="－",0,VLOOKUP(クリーチャー_3!Q12,$I$6:$K$11,3,FALSE()))+IF(クリーチャー_3!R12="－",0,VLOOKUP(クリーチャー_3!R12,$I$6:$K$11,3,FALSE()))) -> 0
B4: 付加効果 | C4: =IF(応用技!E12="－",0,VLOOKUP(応用技!E12,$M$6:$P$49,2,FALSE()))+IF(応用技!F12="－",0,VLOOKUP(応用技!F12,M6:$P$49,2,FALSE()))+IF(応用技!G12="－",0,VLOOKUP(応用技!G12,$M$6:$P$49,2,FALSE()))+IF(応用技!E13="－",0,VLOOKUP(応用技!E13,$M$6:$P$49,2,FALSE()))+IF(応用技!F13="－",0,VLOOKUP(応用技!F13,$M$6:$P$49,2,FALSE()))+IF(応用技!G13="－",0,VLOOKUP(応用技!G13,$M$6:$P$49,2,FALSE()))+_xlfn.IFS(E4>=2,1+2*(E4-1),E4=1,1,E4=0,0)+_xlfn.IFS(F4>=2,1+2*(F4-1),F4=1,1,F4=0,0) -> 0 | D4: =IF(応用技!E12="－",0,VLOOKUP(応用技!E12,$M$6:$P$49,3,FALSE())) +IF(応用技!F12="－",0,VLOOKUP(応用技!F12,$M$6:$P$49,3,FALSE())) +IF(応用技!G12="－",0,VLOOKUP(応用技!G12,$M$6:$P$49,3,FALSE())) +IF(応用技!E13="－",0,VLOOKUP(応用技!E13,$M$6:$P$49,3,FALSE())) +IF(応用技!F13="－",0,VLOOKUP(応用技!F13,$M$6:$P$49,3,FALSE())) +IF(応用技!G13="－",0,VLOOKUP(応用技!G13,$M$6:$P$49,3,FALSE())) -> 0 | E4: =COUNTIFS(応用技!E12:G13,"強化*") -> 0 | F4: =COUNTIFS(応用技!E12:G13,"減衰*") -> 0 | I4: 発動系統 | M4: 付加効果 | T4: 発動系統 | X4: 付加効果 | AD4: 付加効果 | AE4: {=IF(クリーチャー!S12="－",0,VLOOKUP(クリーチャー!S12,$M$6:$P$49,2,FALSE()))+IF(クリーチャー!T12="－",0,VLOOKUP(クリーチャー!T12,M6:$P$49,2,FALSE()))+IF(クリーチャー!U12="－",0,VLOOKUP(クリーチャー!U12,$M$6:$P$49,2,FALSE()))+IF(クリーチャー!S13="－",0,VLOOKUP(クリーチャー!S13,$M$6:$P$49,2,FALSE()))+IF(クリーチャー!T13="－",0,VLOOKUP(クリーチャー!T13,$M$6:$P$49,2,FALSE()))+IF(クリーチャー!U13="－",0,VLOOKUP(クリーチャー!U13,$M$6:$P$49,2,FALSE()))+_xlfn.IFS(AG4>=2,1+2*(AG4-1),AG4=1,1,AG4=0,0)+_xlfn.IFS(AH4>=2,1+2*(AH4-1),AH4=1,1,AH4=0,0)} -> 0 | AF4: =IF(クリーチャー!S12="－",0,VLOOKUP(クリーチャー!S12,$M$6:$P$49,3,FALSE()))+IF(クリーチャー!T12="－",0,VLOOKUP(クリーチャー!T12,$M$6:$P$49,3,FALSE()))+IF(クリーチャー!U12="－",0,VLOOKUP(クリーチャー!U12,$M$6:$P$49,3,FALSE()))+IF(クリーチャー!S13="－",0,VLOOKUP(クリーチャー!S13,$M$6:$P$49,3,FALSE()))+IF(クリーチャー!T13="－",0,VLOOKUP(クリーチャー!T13,$M$6:$P$49,3,FALSE()))+IF(クリーチャー!U13="－",0,VLOOKUP(クリーチャー!U13,$M$6:$P$49,3,FALSE())) -> 0 | AG4: =COUNTIFS(クリーチャー!S12:U13,"強化*") -> 0 | AH4: =COUNTIFS(クリーチャー!S12:U13,"減衰*") -> 0 | AJ4: 付加効果 | AK4: {=IF(クリーチャー_2!S12="－",0,VLOOKUP(クリーチャー_2!S12,$M$6:$P$49,2,FALSE()))+IF(クリーチャー_2!T12="－",0,VLOOKUP(クリーチャー_2!T12,$M$6:$P$49,2,FALSE()))+IF(クリーチャー_2!U12="－",0,VLOOKUP(クリーチャー_2!U12,$M$6:$P$49,2,FALSE()))+IF(クリーチャー_2!S13="－",0,VLOOKUP(クリーチャー_2!S13,$M$6:$P$49,2,FALSE()))+IF(クリーチャー_2!T13="－",0,VLOOKUP(クリーチャー_2!T13,$M$6:$P$49,2,FALSE()))+IF(クリーチャー_2!U13="－",0,VLOOKUP(クリーチャー_2!U13,$M$6:$P$49,2,FALSE()))+_xlfn.IFS(AM4>=2,1+2*(AM4-1),AM4=1,1,AM4=0,0)+_xlfn.IFS(AN4>=2,1+2*(AN4-1),AN4=1,1,AN4=0,0)} -> 0 | AL4: =IF(クリーチャー_2!S12="－",0,VLOOKUP(クリーチャー_2!S12,$M$6:$P$49,3,FALSE()))+IF(クリーチャー_2!T12="－",0,VLOOKUP(クリーチャー_2!T12,$M$6:$P$49,3,FALSE()))+IF(クリーチャー_2!U12="－",0,VLOOKUP(クリーチャー_2!U12,$M$6:$P$49,3,FALSE()))+IF(クリーチャー_2!S13="－",0,VLOOKUP(クリーチャー_2!S13,$M$6:$P$49,3,FALSE()))+IF(クリーチャー_2!T13="－",0,VLOOKUP(クリーチャー_2!T13,$M$6:$P$49,3,FALSE()))+IF(クリーチャー_2!U13="－",0,VLOOKUP(クリーチャー_2!U13,$M$6:$P$49,3,FALSE())) -> 0 | AM4: =COUNTIFS(クリーチャー_2!S12:U13,"強化*") -> 0 | AN4: =COUNTIFS(クリーチャー_2!S12:U13,"減衰*") -> 0 | AP4: 付加効果 | AQ4: {=IF(クリーチャー_3!S12="－",0,VLOOKUP(クリーチャー_3!S12,$M$6:$P$49,2,FALSE()))+IF(クリーチャー_3!T12="－",0,VLOOKUP(クリーチャー_3!T12,M6:$P$49,2,FALSE()))+IF(クリーチャー_3!U12="－",0,VLOOKUP(クリーチャー_3!U12,$M$6:$P$49,2,FALSE()))+IF(クリーチャー_3!S13="－",0,VLOOKUP(クリーチャー_3!S13,$M$6:$P$49,2,FALSE()))+IF(クリーチャー_3!T13="－",0,VLOOKUP(クリーチャー_3!T13,$M$6:$P$49,2,FALSE()))+IF(クリーチャー_3!U13="－",0,VLOOKUP(クリーチャー_3!U13,$M$6:$P$49,2,FALSE()))+_xlfn.IFS(AS4>=2,1+2*(AS4-1),AS4=1,1,AS4=0,0)+_xlfn.IFS(AT4>=2,1+2*(AT4-1),AT4=1,1,AT4=0,0)} -> 0 | AR4: =IF(クリーチャー_3!S12="－",0,VLOOKUP(クリーチャー_3!S12,$M$6:$P$49,3,FALSE()))+IF(クリーチャー_3!T12="－",0,VLOOKUP(クリーチャー_3!T12,$M$6:$P$49,3,FALSE()))+IF(クリーチャー_3!U12="－",0,VLOOKUP(クリーチャー_3!U12,$M$6:$P$49,3,FALSE()))+IF(クリーチャー_3!S13="－",0,VLOOKUP(クリーチャー_3!S13,$M$6:$P$49,3,FALSE()))+IF(クリーチャー_3!T13="－",0,VLOOKUP(クリーチャー_3!T13,$M$6:$P$49,3,FALSE()))+IF(クリーチャー_3!U13="－",0,VLOOKUP(クリーチャー_3!U13,$M$6:$P$49,3,FALSE())) -> 0 | AS4: =COUNTIFS(クリーチャー_3!S12:U13,"強化*") -> 0 | AT4: =COUNTIFS(クリーチャー_3!S12:U13,"減衰*") -> 0
B5: SE | C5: =IF(応用技!H12="－",0,VLOOKUP(応用技!H12,$I$15:$K$27,2,FALSE())) +IF(応用技!I12="－",0,VLOOKUP(応用技!I12,$I$15:$K$27,2,FALSE())) +IF(応用技!J12="－",0,VLOOKUP(応用技!J12,$I$15:$K$27,2,FALSE())) +IF(応用技!H13="－",0,VLOOKUP(応用技!H13,$I$15:$K$27,2,FALSE())) +IF(応用技!I13="－",0,VLOOKUP(応用技!I13,$I$15:$K$27,2,FALSE())) +IF(応用技!J13="－",0,VLOOKUP(応用技!J13,$I$15:$K$27,2,FALSE())) -> 0 | D5: =IF(応用技!H12="－",0,VLOOKUP(応用技!H12,$I$15:$K$27,3,FALSE())) +IF(応用技!I12="－",0,VLOOKUP(応用技!I12,$I$15:$K$27,3,FALSE())) +IF(応用技!J12="－",0,VLOOKUP(応用技!J12,$I$15:$K$27,3,FALSE())) +IF(応用技!H13="－",0,VLOOKUP(応用技!H13,$I$15:$K$27,3,FALSE())) +IF(応用技!I13="－",0,VLOOKUP(応用技!I13,$I$15:$K$27,3,FALSE())) +IF(応用技!J13="－",0,VLOOKUP(応用技!J13,$I$15:$K$27,3,FALSE())) -> 0 | I5: 名称 | J5: 消費 | K5: スペック | M5: 名称 | N5: 消費 | O5: スペック | P5: 特殊 | T5: 名称 | U5: 消費 | V5: スペック | X5: 名称 | Y5: 消費 | Z5: スペック | AA5: 特殊 | AD5: SE | AE5: =IF(クリーチャー!V12="－",0,VLOOKUP(クリーチャー!V12,$I$15:$K$27,2,FALSE()))+IF(クリーチャー!W12="－",0,VLOOKUP(クリーチャー!W12,$I$15:$K$27,2,FALSE()))+IF(クリーチャー!X12="－",0,VLOOKUP(クリーチャー!X12,$I$15:$K$27,2,FALSE()))+IF(クリーチャー!V13="－",0,VLOOKUP(クリーチャー!V13,$I$15:$K$27,2,FALSE()))+IF(クリーチャー!W13="－",0,VLOOKUP(クリーチャー!W13,$I$15:$K$27,2,FALSE()))+IF(クリーチャー!X13="－",0,VLOOKUP(クリーチャー!X13,$I$15:$K$27,2,FALSE())) -> 0 | AF5: =IF(クリーチャー!V12="－",0,VLOOKUP(クリーチャー!V12,$I$15:$K$27,3,FALSE()))+IF(クリーチャー!W12="－",0,VLOOKUP(クリーチャー!W12,$I$15:$K$27,3,FALSE()))+IF(クリーチャー!X12="－",0,VLOOKUP(クリーチャー!X12,$I$15:$K$27,3,FALSE()))+IF(クリーチャー!V13="－",0,VLOOKUP(クリーチャー!V13,$I$15:$K$27,3,FALSE()))+IF(クリーチャー!W13="－",0,VLOOKUP(クリーチャー!W13,$I$15:$K$27,3,FALSE()))+IF(クリーチャー!X13="－",0,VLOOKUP(クリーチャー!X13,$I$15:$K$27,3,FALSE())) -> 0 | AJ5: SE | AK5: =IF(クリーチャー_2!V12="－",0,VLOOKUP(クリーチャー_2!V12,$I$15:$K$27,2,FALSE()))+IF(クリーチャー_2!W12="－",0,VLOOKUP(クリーチャー_2!W12,$I$15:$K$27,2,FALSE()))+IF(クリーチャー_2!X12="－",0,VLOOKUP(クリーチャー_2!X12,$I$15:$K$27,2,FALSE()))+IF(クリーチャー_2!V13="－",0,VLOOKUP(クリーチャー_2!V13,$I$15:$K$27,2,FALSE()))+IF(クリーチャー_2!W13="－",0,VLOOKUP(クリーチャー_2!W13,$I$15:$K$27,2,FALSE()))+IF(クリーチャー_2!X13="－",0,VLOOKUP(クリーチャー_2!X13,$I$15:$K$27,2,FALSE())) -> 0 | AL5: =IF(クリーチャー_2!V12="－",0,VLOOKUP(クリーチャー_2!V12,$I$15:$K$27,3,FALSE()))+IF(クリーチャー_2!W12="－",0,VLOOKUP(クリーチャー_2!W12,$I$15:$K$27,3,FALSE()))+IF(クリーチャー_2!X12="－",0,VLOOKUP(クリーチャー_2!X12,$I$15:$K$27,3,FALSE()))+IF(クリーチャー_2!V13="－",0,VLOOKUP(クリーチャー_2!V13,$I$15:$K$27,3,FALSE()))+IF(クリーチャー_2!W13="－",0,VLOOKUP(クリーチャー_2!W13,$I$15:$K$27,3,FALSE()))+IF(クリーチャー_2!X13="－",0,VLOOKUP(クリーチャー_2!X13,$I$15:$K$27,3,FALSE())) -> 0 | AP5: SE | AQ5: =IF(クリーチャー_3!V12="－",0,VLOOKUP(クリーチャー_3!V12,$I$15:$K$27,2,FALSE()))+IF(クリーチャー_3!W12="－",0,VLOOKUP(クリーチャー_3!W12,$I$15:$K$27,2,FALSE()))+IF(クリーチャー_3!X12="－",0,VLOOKUP(クリーチャー_3!X12,$I$15:$K$27,2,FALSE()))+IF(クリーチャー_3!V13="－",0,VLOOKUP(クリーチャー_3!V13,$I$15:$K$27,2,FALSE()))+IF(クリーチャー_3!W13="－",0,VLOOKUP(クリーチャー_3!W13,$I$15:$K$27,2,FALSE()))+IF(クリーチャー_3!X13="－",0,VLOOKUP(クリーチャー_3!X13,$I$15:$K$27,2,FALSE())) -> 0 | AR5: =IF(クリーチャー_3!V12="－",0,VLOOKUP(クリーチャー_3!V12,$I$15:$K$27,3,FALSE()))+IF(クリーチャー_3!W12="－",0,VLOOKUP(クリーチャー_3!W12,$I$15:$K$27,3,FALSE()))+IF(クリーチャー_3!X12="－",0,VLOOKUP(クリーチャー_3!X12,$I$15:$K$27,3,FALSE()))+IF(クリーチャー_3!V13="－",0,VLOOKUP(クリーチャー_3!V13,$I$15:$K$27,3,FALSE()))+IF(クリーチャー_3!W13="－",0,VLOOKUP(クリーチャー_3!W13,$I$15:$K$27,3,FALSE()))+IF(クリーチャー_3!X13="－",0,VLOOKUP(クリーチャー_3!X13,$I$15:$K$27,3,FALSE())) -> 0
B6: 合計 | C6: {=_xlfn.IFS(COUNTIF(応用技!E12:G13,"創造")>=1,SUM(C3:C5)+1&"～"&SUM(C3:C5)+10, COUNTIF(応用技!E12:G13,"限定*")>=1,"※", COUNTIF(応用技!E12:G13,"影響無効")>=1,"※",TRUE(),SUM(C3:C5))} -> 0 | D6: =SUM(D3:D5) -> 0 | I6: 攻撃発動 | J6: 1 | K6: 1 | M6: 強化【行】 | N6: 0 | O6: 1 | P6: 強化系 | T6: 攻撃発動 | U6: 1 | V6: 1 | X6: 強化【行】 | Y6: 0 | Z6: 1 | AA6: 強化系 | AD6: 合計 | AE6: {=_xlfn.IFS(COUNTIF(クリーチャー!S12:U13,"創造")>=1,SUM(AE3:AE5)+1&"～"&SUM(AE3:AE5)+10,COUNTIF(クリーチャー!S12:U13,"限定*")>=1,"※",COUNTIF(クリーチャー!S12:U13,"影響無効")>=1,"※",TRUE(),SUM(AE3:AE5))} -> 0 | AF6: =SUM(AF3:AF5) -> 0 | AJ6: 合計 | AK6: {=_xlfn.IFS(COUNTIF(クリーチャー_2!S12:U13,"創造")>=1,SUM(AK3:AK5)+1&"～"&SUM(AK3:AK5)+10,COUNTIF(クリーチャー_2!S12:U13,"限定*")>=1,"※",COUNTIF(クリーチャー_2!S12:U13,"影響無効")>=1,"※",TRUE(),SUM(AK3:AK5))} -> 0 | AL6: =SUM(AL3:AL5) -> 0 | AP6: 合計 | AQ6: {=_xlfn.IFS(COUNTIF(クリーチャー_3!S12:U13,"創造")>=1,SUM(AQ3:AQ5)+1&"～"&SUM(AQ3:AQ5)+10,COUNTIF(クリーチャー_3!S12:U13,"限定*")>=1,"※",COUNTIF(クリーチャー_3!S12:U13,"影響無効")>=1,"※",TRUE(),SUM(AQ3:AQ5))} -> 0 | AR6: =SUM(AR3:AR5) -> 0
I7: 精神発動 | J7: 1 | K7: 0 | M7: 強化【攻】 | N7: 0 | O7: 1 | P7: 強化系 | T7: 精神発動 | U7: 1 | V7: 0 | X7: 強化【攻】 | Y7: 0 | Z7: 1 | AA7: 強化系
B8: 技１（蟹） | C8: 消費 | D8: スペック | E8: 強化変数 | F8: 減衰変数 | I8: 防御発動 | J8: 0 | K8: 1 | M8: 強化【防】 | N8: 0 | O8: 1 | P8: 強化系 | T8: 防御発動 | U8: 0 | V8: 1 | X8: 強化【防】 | Y8: 0 | Z8: 1 | AA8: 強化系 | AD8: 技１（蟹） | AE8: 消費 | AF8: スペック | AG8: 強化変数 | AH8: 減衰変数 | AJ8: 技１（蟹） | AK8: 消費 | AL8: スペック | AM8: 強化変数 | AN8: 減衰変数 | AP8: 技１（蟹） | AQ8: 消費 | AR8: スペック | AS8: 強化変数 | AT8: 減衰変数
B9: 発動系統 | C9: =IF(応用技!B12="－",0,VLOOKUP(応用技!B12,計算用!$T$6:$V$11,2,FALSE())) +IF(応用技!C12="－",0,VLOOKUP(応用技!C12,計算用!$T$6:$V$11,2,FALSE())) +IF(応用技!D12="－",0,VLOOKUP(応用技!D12,計算用!$T$6:$V$11,2,FALSE())) +COUNTIF(応用技!B12:D12,"防御発動")^2 -> 0 | D9: =IF(VALUE(D10)<0,0,IF(応用技!B12="－",0,VLOOKUP(応用技!B12,$I$6:$K$11,3,FALSE())) +IF(応用技!C12="－",0,VLOOKUP(応用技!C12,$I$6:$K$11,3,FALSE())) +IF(応用技!D12="－",0,VLOOKUP(応用技!D12,$I$6:$K$11,3,FALSE()))) -> 0 | I9: 付加発動 | J9: 0 | K9: 1 | M9: 強化【抵】 | N9: 0 | O9: 1 | P9: 強化系 | T9: 付加発動 | U9: 0 | V9: 1 | X9: 強化【抵】 | Y9: 0 | Z9: 1 | AA9: 強化系 | AD9: 発動系統 | AE9: =IF(クリーチャー!P12="－",0,VLOOKUP(クリーチャー!P12,計算用!$T$6:$V$11,2,FALSE()))+IF(クリーチャー!Q12="－",0,VLOOKUP(クリーチャー!Q12,計算用!$T$6:$V$11,2,FALSE()))+IF(クリーチャー!R12="－",0,VLOOKUP(クリーチャー!R12,計算用!$T$6:$V$11,2,FALSE()))+COUNTIF(クリーチャー!P12:R12,"防御発動")^2 -> 0 | AF9: =IF(AF4<0,0,IF(クリーチャー!P12="－",0,VLOOKUP(クリーチャー!P12,$T$6:$V$11,3,FALSE()))+IF(クリーチャー!Q12="－",0,VLOOKUP(クリーチャー!Q12,$T$6:$V$11,3,FALSE()))+IF(クリーチャー!R12="－",0,VLOOKUP(クリーチャー!R12,$T$6:$V$11,3,FALSE()))) -> 0 | AJ9: 発動系統 | AK9: =IF(クリーチャー_2!P12="－",0,VLOOKUP(クリーチャー_2!P12,計算用!$T$6:$V$11,2,FALSE()))+IF(クリーチャー_2!Q12="－",0,VLOOKUP(クリーチャー_2!Q12,計算用!$T$6:$V$11,2,FALSE()))+IF(クリーチャー_2!R12="－",0,VLOOKUP(クリーチャー_2!R12,計算用!$T$6:$V$11,2,FALSE())) -> 0 | AL9: =IF(AL10<0,0,IF(クリーチャー_2!P12="－",0,VLOOKUP(クリーチャー_2!P12,$I$6:$K$11,3,FALSE()))+IF(クリーチャー_2!Q12="－",0,VLOOKUP(クリーチャー_2!Q12,$I$6:$K$11,3,FALSE()))+IF(クリーチャー_2!R12="－",0,VLOOKUP(クリーチャー_2!R12,$I$6:$K$11,3,FALSE()))) -> 0 | AP9: 発動系統 | AQ9: =IF(クリーチャー_3!P12="－",0,VLOOKUP(クリーチャー_3!P12,計算用!$T$6:$V$11,2,FALSE()))+IF(クリーチャー_3!Q12="－",0,VLOOKUP(クリーチャー_3!Q12,計算用!$T$6:$V$11,2,FALSE()))+IF(クリーチャー_3!R12="－",0,VLOOKUP(クリーチャー_3!R12,計算用!$T$6:$V$11,2,FALSE()))+COUNTIF(クリーチャー_3!P12:R12,"防御発動")^2 -> 0 | AR9: =IF(AR10<0,0,IF(クリーチャー_3!P12="－",0,VLOOKUP(クリーチャー_3!P12,$I$6:$K$11,3,FALSE()))+IF(クリーチャー_3!Q12="－",0,VLOOKUP(クリーチャー_3!Q12,$I$6:$K$11,3,FALSE()))+IF(クリーチャー_3!R12="－",0,VLOOKUP(クリーチャー_3!R12,$I$6:$K$11,3,FALSE()))) -> 0
B10: 付加効果 | C10: =IF(応用技!E12="－",0,VLOOKUP(応用技!E12,$X$6:$AA$68,2,FALSE())) +IF(応用技!F12="－",0,VLOOKUP(応用技!F12,$X$6:$AA$68,2,FALSE())) +IF(応用技!G12="－",0,VLOOKUP(応用技!G12,$X$6:$AA$68,2,FALSE())) +IF(応用技!E13="－",0,VLOOKUP(応用技!E13,$X$6:$AA$68,2,FALSE())) +IF(応用技!F13="－",0,VLOOKUP(応用技!F13,$X$6:$AA$68,2,FALSE())) +IF(応用技!G13="－",0,VLOOKUP(応用技!G13,$X$6:$AA$68,2,FALSE())) +_xlfn.IFS(E10>=2,1+2*(E10-1),E10=1,1,E10=0,0)+_xlfn.IFS(F10>=2,1+2*(F10-1),F10=1,1,F10=0,0) -> 0 | D10: =IF(応用技!E12="－",0,VLOOKUP(応用技!E12,$X$6:$AA$68,3,FALSE())) +IF(応用技!F12="－",0,VLOOKUP(応用技!F12,$X$6:$AA$68,3,FALSE())) +IF(応用技!G12="－",0,VLOOKUP(応用技!G12,$X$6:$AA$68,3,FALSE())) +IF(応用技!E13="－",0,VLOOKUP(応用技!E13,$X$6:$AA$68,3,FALSE())) +IF(応用技!F13="－",0,VLOOKUP(応用技!F13,$X$6:$AA$68,3,FALSE())) +IF(応用技!G13="－",0,VLOOKUP(応用技!G13,$X$6:$AA$68,3,FALSE())) -> 0 | E10: =COUNTIFS(応用技!E12:G13,"強化*") -> 0 | F10: =COUNTIFS(応用技!E12:G13,"減衰*")+COUNTIFS(応用技!E12:G13,"瞬減*") -> 0 | I10: 行為発動 | J10: 1 | K10: 1 | M10: 強化【命】 | N10: 0 | O10: 1 | P10: 強化系 | T10: 行為発動 | U10: 1 | V10: 1 | X10: 強化【命】 | Y10: 0 | Z10: 1 | AA10: 強化系 | AD10: 付加効果 | AE10: {=IF(クリーチャー!S12="－",0,VLOOKUP(クリーチャー!S12,$X$6:$AA$68,2,FALSE()))+IF(クリーチャー!T12="－",0,VLOOKUP(クリーチャー!T12,X6:$AA$68,2,FALSE()))+IF(クリーチャー!U12="－",0,VLOOKUP(クリーチャー!U12,$X$6:$AA$68,2,FALSE()))+IF(クリーチャー!S13="－",0,VLOOKUP(クリーチャー!S13,$X$6:$AA$68,2,FALSE()))+IF(クリーチャー!T13="－",0,VLOOKUP(クリーチャー!T13,$X$6:$AA$68,2,FALSE()))+IF(クリーチャー!U13="－",0,VLOOKUP(クリーチャー!U13,$X$6:$AA$68,2,FALSE()))+_xlfn.IFS(AG10>=2,1+2*(AG10-1),AG10=1,1,AG10=0,0)+_xlfn.IFS(AH10>=2,1+2*(AH10-1),AH10=1,1,AH10=0,0)} -> 0 | AF10: =IF(クリーチャー!S12="－",0,VLOOKUP(クリーチャー!S12,$X$6:$AA$68,3,FALSE()))+IF(クリーチャー!T12="－",0,VLOOKUP(クリーチャー!T12,$X$6:$AA$68,3,FALSE()))+IF(クリーチャー!U12="－",0,VLOOKUP(クリーチャー!U12,$X$6:$AA$68,3,FALSE()))+IF(クリーチャー!S13="－",0,VLOOKUP(クリーチャー!S13,$X$6:$AA$68,3,FALSE()))+IF(クリーチャー!T13="－",0,VLOOKUP(クリーチャー!T13,$X$6:$AA$68,3,FALSE()))+IF(クリーチャー!U13="－",0,VLOOKUP(クリーチャー!U13,$X$6:$AA$68,3,FALSE())) -> 0 | AG10: =COUNTIFS(クリーチャー!S12:U13,"強化*") -> 0 | AH10: =COUNTIFS(クリーチャー!S12:U13,"減衰*") -> 0 | AJ10: 付加効果 | AK10: {=IF(クリーチャー_2!S12="－",0,VLOOKUP(クリーチャー_2!S12,$X$6:$AA$68,2,FALSE()))+IF(クリーチャー_2!T12="－",0,VLOOKUP(クリーチャー_2!T12,X6:$AA$68,2,FALSE()))+IF(クリーチャー_2!U12="－",0,VLOOKUP(クリーチャー_2!U12,$X$6:$AA$68,2,FALSE()))+IF(クリーチャー_2!S13="－",0,VLOOKUP(クリーチャー_2!S13,$X$6:$AA$68,2,FALSE()))+IF(クリーチャー_2!T13="－",0,VLOOKUP(クリーチャー_2!T13,$X$6:$AA$68,2,FALSE()))+IF(クリーチャー_2!U13="－",0,VLOOKUP(クリーチャー_2!U13,$X$6:$AA$68,2,FALSE()))+_xlfn.IFS(AM10>=2,1+2*(AM10-1),AM10=1,1,AM10=0,0)+_xlfn.IFS(AN10>=2,1+2*(AN10-1),AN10=1,1,AN10=0,0)} -> 0 | AL10: =IF(クリーチャー_2!S12="－",0,VLOOKUP(クリーチャー_2!S12,$X$6:$AA$68,3,FALSE()))+IF(クリーチャー_2!T12="－",0,VLOOKUP(クリーチャー_2!T12,$X$6:$AA$68,3,FALSE()))+IF(クリーチャー_2!U12="－",0,VLOOKUP(クリーチャー_2!U12,$X$6:$AA$68,3,FALSE()))+IF(クリーチャー_2!S13="－",0,VLOOKUP(クリーチャー_2!S13,$X$6:$AA$68,3,FALSE()))+IF(クリーチャー_2!T13="－",0,VLOOKUP(クリーチャー_2!T13,$X$6:$AA$68,3,FALSE()))+IF(クリーチャー_2!U13="－",0,VLOOKUP(クリーチャー_2!U13,$X$6:$AA$68,3,FALSE())) -> 0 | AM10: =COUNTIFS(クリーチャー_2!S12:U13,"強化*") -> 0 | AN10: =COUNTIFS(クリーチャー_2!S12:U13,"減衰*") -> 0 | AP10: 付加効果 | AQ10: {=IF(クリーチャー_3!S12="－",0,VLOOKUP(クリーチャー_3!S12,$X$6:$AA$68,2,FALSE()))+IF(クリーチャー_3!T12="－",0,VLOOKUP(クリーチャー_3!T12,X6:$AA$68,2,FALSE()))+IF(クリーチャー_3!U12="－",0,VLOOKUP(クリーチャー_3!U12,$X$6:$AA$68,2,FALSE()))+IF(クリーチャー_3!S13="－",0,VLOOKUP(クリーチャー_3!S13,$X$6:$AA$68,2,FALSE()))+IF(クリーチャー_3!T13="－",0,VLOOKUP(クリーチャー_3!T13,$X$6:$AA$68,2,FALSE()))+IF(クリーチャー_3!U13="－",0,VLOOKUP(クリーチャー_3!U13,$X$6:$AA$68,2,FALSE()))+_xlfn.IFS(AS10>=2,1+2*(AS10-1),AS10=1,1,AS10=0,0)+_xlfn.IFS(AT10>=2,1+2*(AT10-1),AT10=1,1,AT10=0,0)} -> 0 | AR10: =IF(クリーチャー_3!S12="－",0,VLOOKUP(クリーチャー_3!S12,$X$6:$AA$68,3,FALSE()))+IF(クリーチャー_3!T12="－",0,VLOOKUP(クリーチャー_3!T12,$X$6:$AA$68,3,FALSE()))+IF(クリーチャー_3!U12="－",0,VLOOKUP(クリーチャー_3!U12,$X$6:$AA$68,3,FALSE()))+IF(クリーチャー_3!S13="－",0,VLOOKUP(クリーチャー_3!S13,$X$6:$AA$68,3,FALSE()))+IF(クリーチャー_3!T13="－",0,VLOOKUP(クリーチャー_3!T13,$X$6:$AA$68,3,FALSE()))+IF(クリーチャー_3!U13="－",0,VLOOKUP(クリーチャー_3!U13,$X$6:$AA$68,3,FALSE())) -> 0 | AS10: =COUNTIFS(クリーチャー_3!S12:U13,"強化*") -> 0 | AT10: =COUNTIFS(クリーチャー_3!S12:U13,"減衰*") -> 0
B11: SE | C11: =IF(応用技!H12="－",0,VLOOKUP(応用技!H12,$T$15:$V$28,2,FALSE())) +IF(応用技!I12="－",0,VLOOKUP(応用技!I12,$T$15:$V$28,2,FALSE())) +IF(応用技!J12="－",0,VLOOKUP(応用技!J12,$T$15:$V$28,2,FALSE())) +IF(応用技!H13="－",0,VLOOKUP(応用技!H13,$T$15:$V$28,2,FALSE())) +IF(応用技!I13="－",0,VLOOKUP(応用技!I13,$T$15:$V$28,2,FALSE())) +IF(応用技!J13="－",0,VLOOKUP(応用技!J13,$T$15:$V$28,2,FALSE())) -> 0 | D11: =IF(応用技!H12="－",0,VLOOKUP(応用技!H12,$T$15:$V$28,3,FALSE())) +IF(応用技!I12="－",0,VLOOKUP(応用技!I12,$T$15:$V$28,3,FALSE())) +IF(応用技!J12="－",0,VLOOKUP(応用技!J12,$T$15:$V$28,3,FALSE())) +IF(応用技!H13="－",0,VLOOKUP(応用技!H13,$T$15:$V$28,3,FALSE())) +IF(応用技!I13="－",0,VLOOKUP(応用技!I13,$T$15:$V$28,3,FALSE())) +IF(応用技!J13="－",0,VLOOKUP(応用技!J13,$T$15:$V$28,3,FALSE())) -> 0 | I11: ＡＥ【重撃】 | J11: 1 | K11: 0 | M11: 強化【回】 | N11: 0 | O11: 1 | P11: 強化系 | T11: ＡＥ【重撃】 | U11: 1 | V11: 0 | X11: 強化【回】 | Y11: 0 | Z11: 1 | AA11: 強化系 | AD11: SE | AE11: =IF(クリーチャー!V12="－",0,VLOOKUP(クリーチャー!V12,$T$15:$V$28,2,FALSE()))+IF(クリーチャー!W12="－",0,VLOOKUP(クリーチャー!W12,$T$15:$V$28,2,FALSE()))+IF(クリーチャー!X12="－",0,VLOOKUP(クリーチャー!X12,$T$15:$V$28,2,FALSE()))+IF(クリーチャー!V13="－",0,VLOOKUP(クリーチャー!V13,$T$15:$V$28,2,FALSE()))+IF(クリーチャー!W13="－",0,VLOOKUP(クリーチャー!W13,$T$15:$V$28,2,FALSE()))+IF(クリーチャー!X13="－",0,VLOOKUP(クリーチャー!X13,$T$15:$V$28,2,FALSE())) -> 0 | AF11: =IF(クリーチャー!V12="－",0,VLOOKUP(クリーチャー!V12,$T$15:$V$28,3,FALSE()))+IF(クリーチャー!W12="－",0,VLOOKUP(クリーチャー!W12,$T$15:$V$28,3,FALSE()))+IF(クリーチャー!X12="－",0,VLOOKUP(クリーチャー!X12,$T$15:$V$28,3,FALSE()))+IF(クリーチャー!V13="－",0,VLOOKUP(クリーチャー!V13,$T$15:$V$28,3,FALSE()))+IF(クリーチャー!W13="－",0,VLOOKUP(クリーチャー!W13,$T$15:$V$28,3,FALSE()))+IF(クリーチャー!X13="－",0,VLOOKUP(クリーチャー!X13,$T$15:$V$28,3,FALSE())) -> 0 | AJ11: SE | AK11: =IF(クリーチャー_2!V12="－",0,VLOOKUP(クリーチャー_2!V12,$T$15:$V$28,2,FALSE()))+IF(クリーチャー_2!W12="－",0,VLOOKUP(クリーチャー_2!W12,$T$15:$V$28,2,FALSE()))+IF(クリーチャー_2!X12="－",0,VLOOKUP(クリーチャー_2!X12,$T$15:$V$28,2,FALSE()))+IF(クリーチャー_2!V13="－",0,VLOOKUP(クリーチャー_2!V13,$T$15:$V$28,2,FALSE()))+IF(クリーチャー_2!W13="－",0,VLOOKUP(クリーチャー_2!W13,$T$15:$V$28,2,FALSE()))+IF(クリーチャー_2!X13="－",0,VLOOKUP(クリーチャー_2!X13,$T$15:$V$28,2,FALSE())) -> 0 | AL11: =IF(クリーチャー_2!V12="－",0,VLOOKUP(クリーチャー_2!V12,$T$15:$V$28,3,FALSE()))+IF(クリーチャー_2!W12="－",0,VLOOKUP(クリーチャー_2!W12,$T$15:$V$28,3,FALSE()))+IF(クリーチャー_2!X12="－",0,VLOOKUP(クリーチャー_2!X12,$T$15:$V$28,3,FALSE()))+IF(クリーチャー_2!V13="－",0,VLOOKUP(クリーチャー_2!V13,$T$15:$V$28,3,FALSE()))+IF(クリーチャー_2!W13="－",0,VLOOKUP(クリーチャー_2!W13,$T$15:$V$28,3,FALSE()))+IF(クリーチャー_2!X13="－",0,VLOOKUP(クリーチャー_2!X13,$T$15:$V$28,3,FALSE())) -> 0 | AP11: SE | AQ11: =IF(クリーチャー_3!V12="－",0,VLOOKUP(クリーチャー_3!V12,$T$15:$V$28,2,FALSE()))+IF(クリーチャー_3!W12="－",0,VLOOKUP(クリーチャー_3!W12,$T$15:$V$28,2,FALSE()))+IF(クリーチャー_3!X12="－",0,VLOOKUP(クリーチャー_3!X12,$T$15:$V$28,2,FALSE()))+IF(クリーチャー_3!V13="－",0,VLOOKUP(クリーチャー_3!V13,$T$15:$V$28,2,FALSE()))+IF(クリーチャー_3!W13="－",0,VLOOKUP(クリーチャー_3!W13,$T$15:$V$28,2,FALSE()))+IF(クリーチャー_3!X13="－",0,VLOOKUP(クリーチャー_3!X13,$T$15:$V$28,2,FALSE())) -> 0 | AR11: =IF(クリーチャー_3!V12="－",0,VLOOKUP(クリーチャー_3!V12,$T$15:$V$28,3,FALSE()))+IF(クリーチャー_3!W12="－",0,VLOOKUP(クリーチャー_3!W12,$T$15:$V$28,3,FALSE()))+IF(クリーチャー_3!X12="－",0,VLOOKUP(クリーチャー_3!X12,$T$15:$V$28,3,FALSE()))+IF(クリーチャー_3!V13="－",0,VLOOKUP(クリーチャー_3!V13,$T$15:$V$28,3,FALSE()))+IF(クリーチャー_3!W13="－",0,VLOOKUP(クリーチャー_3!W13,$T$15:$V$28,3,FALSE()))+IF(クリーチャー_3!X13="－",0,VLOOKUP(クリーチャー_3!X13,$T$15:$V$28,3,FALSE())) -> 0
B12: 合計 | C12: {=_xlfn.IFS(COUNTIF(応用技!E12:G13,"創造")>=1, SUM(C9:C11)+1&"～"&SUM(C9:C11)+10, COUNTIF(応用技!E12:G13,"限定*")>=1,"※", COUNTIF(応用技!E12:G13,"影響無効")>=1,"※",TRUE(),SUM(C9:C11))} -> 0 | D12: =SUM(D9:D11) -> 0 | M12: 強化【技】 | N12: 0 | O12: 1 | P12: 強化系 | X12: 強化【技】 | Y12: 0 | Z12: 1 | AA12: 強化系 | AD12: 合計 | AE12: {=_xlfn.IFS(COUNTIF(クリーチャー!S12:U13,"創造")>=1,SUM(AE9:AE11)+1&"～"&SUM(AE9:AE11)+10,COUNTIF(クリーチャー!S12:U13,"限定*")>=1,"※",COUNTIF(クリーチャー!S12:U13,"影響無効")>=1,"※",TRUE(),SUM(AE9:AE11))} -> 0 | AF12: =SUM(AF9:AF11) -> 0 | AJ12: 合計 | AK12: {=_xlfn.IFS(COUNTIF(クリーチャー_2!S12:U13,"創造")>=1,SUM(AK9:AK11)+1&"～"&SUM(AK9:AK11)+10,COUNTIF(クリーチャー_2!S12:U13,"限定*")>=1,"※",COUNTIF(クリーチャー_2!S12:U13,"影響無効")>=1,"※",TRUE(),SUM(AK9:AK11))} -> 0 | AL12: =SUM(AL9:AL11) -> 0 | AP12: 合計 | AQ12: {=_xlfn.IFS(COUNTIF(クリーチャー_3!S12:U13,"創造")>=1,SUM(AQ9:AQ11)+1&"～"&SUM(AQ9:AQ11)+10,COUNTIF(クリーチャー_3!S12:U13,"限定*")>=1,"※",COUNTIF(クリーチャー_3!S12:U13,"影響無効")>=1,"※",TRUE(),SUM(AQ9:AQ11))} -> 0 | AR12: =SUM(AR9:AR11) -> 0
I13: SE | M13: 強化【解】 | N13: 0 | O13: 1 | P13: 強化系 | T13: SE | X13: 強化【解】 | Y13: 0 | Z13: 1 | AA13: 強化系
B14: 技2 | C14: 消費 | D14: スペック | E14: 強化変数 | F14: 減衰変数 | I14: 名称 | J14: 消費 | K14: スペック | M14: 減衰【行】 | N14: 0 | O14: 1 | P14: 減衰系 | T14: 名称 | U14: 消費 | V14: スペック | X14: 減衰【行】 | Y14: 0 | Z14: 1 | AA14: 減衰系 | AD14: 技2 | AE14: 消費 | AF14: スペック | AG14: 強化変数 | AH14: 減衰変数 | AJ14: 技2 | AK14: 消費 | AL14: スペック | AM14: 強化変数 | AN14: 減衰変数 | AP14: 技2 | AQ14: 消費 | AR14: スペック | AS14: 強化変数 | AT14: 減衰変数
B15: 発動系統 | C15: =IF(応用技!B23="－",0,VLOOKUP(応用技!B23,計算用!$I$6:$K$11,2,FALSE()))+IF(応用技!C23="－",0,VLOOKUP(応用技!C23,計算用!$I$6:$K$11,2,FALSE()))+IF(応用技!D23="－",0,VLOOKUP(応用技!D23,計算用!$I$6:$K$11,2,FALSE()))+COUNTIF(応用技!B23:D23,"防御発動")^2 -> 0 | D15: =IF(D16<0,0,IF(応用技!B23="－",0,VLOOKUP(応用技!B23,$I$6:$K$11,3,FALSE()))+IF(応用技!C23="－",0,VLOOKUP(応用技!C23,$I$6:$K$11,3,FALSE()))+IF(応用技!D23="－",0,VLOOKUP(応用技!D23,$I$6:$K$11,3,FALSE()))) -> 0 | I15: ペネトレイション | J15: 3 | K15: 1 | M15: 減衰【攻】 | N15: 0 | O15: 1 | P15: 減衰系 | T15: ペネトレイション | U15: 3 | V15: 1 | X15: 減衰【攻】 | Y15: 0 | Z15: 1 | AA15: 減衰系 | AD15: 発動系統 | AE15: =IF(クリーチャー!P23="－",0,VLOOKUP(クリーチャー!P23,計算用!$I$6:$K$11,2,FALSE()))+IF(クリーチャー!Q23="－",0,VLOOKUP(クリーチャー!Q23,計算用!$I$6:$K$11,2,FALSE()))+IF(クリーチャー!R23="－",0,VLOOKUP(クリーチャー!R23,計算用!$I$6:$K$11,2,FALSE()))+COUNTIF(クリーチャー!P23:R23,"防御発動")^2 -> 0 | AF15: =IF(AF16<0,0,IF(クリーチャー!P23="－",0,VLOOKUP(クリーチャー!P23,$I$6:$K$11,3,FALSE()))+IF(クリーチャー!Q23="－",0,VLOOKUP(クリーチャー!Q23,$I$6:$K$11,3,FALSE()))+IF(クリーチャー!R23="－",0,VLOOKUP(クリーチャー!R23,$I$6:$K$11,3,FALSE()))) -> 0 | AJ15: 発動系統 | AK15: =IF(クリーチャー_2!P23="－",0,VLOOKUP(クリーチャー_2!P23,計算用!$I$6:$K$11,2,FALSE()))+IF(クリーチャー_2!Q23="－",0,VLOOKUP(クリーチャー_2!Q23,計算用!$I$6:$K$11,2,FALSE()))+IF(クリーチャー_2!R23="－",0,VLOOKUP(クリーチャー_2!R23,計算用!$I$6:$K$11,2,FALSE()))+COUNTIF(クリーチャー_2!P23:R23,"防御発動")^2 -> 0 | AL15: =IF(AL16<0,0,IF(クリーチャー_2!P23="－",0,VLOOKUP(クリーチャー_2!P23,$I$6:$K$11,3,FALSE()))+IF(クリーチャー_2!Q23="－",0,VLOOKUP(クリーチャー_2!Q23,$I$6:$K$11,3,FALSE()))+IF(クリーチャー_2!R23="－",0,VLOOKUP(クリーチャー_2!R23,$I$6:$K$11,3,FALSE()))) -> 0 | AP15: 発動系統 | AQ15: =IF(クリーチャー_3!P23="－",0,VLOOKUP(クリーチャー_3!P23,計算用!$I$6:$K$11,2,FALSE()))+IF(クリーチャー_3!Q23="－",0,VLOOKUP(クリーチャー_3!Q23,計算用!$I$6:$K$11,2,FALSE()))+IF(クリーチャー_3!R23="－",0,VLOOKUP(クリーチャー_3!R23,計算用!$I$6:$K$11,2,FALSE()))+COUNTIF(クリーチャー_3!P23:R23,"防御発動")^2 -> 0 | AR15: =IF(AR16<0,0,IF(クリーチャー_3!P23="－",0,VLOOKUP(クリーチャー_3!P23,$I$6:$K$11,3,FALSE()))+IF(クリーチャー_3!Q23="－",0,VLOOKUP(クリーチャー_3!Q23,$I$6:$K$11,3,FALSE()))+IF(クリーチャー_3!R23="－",0,VLOOKUP(クリーチャー_3!R23,$I$6:$K$11,3,FALSE()))) -> 0
B16: 付加効果 | C16: {=IF(応用技!E23="－",0,VLOOKUP(応用技!E23,$M$6:$P$49,2,FALSE()))+IF(応用技!F23="－",0,VLOOKUP(応用技!F23,M6:$P$49,2,FALSE()))+IF(応用技!G23="－",0,VLOOKUP(応用技!G23,$M$6:$P$49,2,FALSE()))+IF(応用技!E24="－",0,VLOOKUP(応用技!E24,$M$6:$P$49,2,FALSE()))+IF(応用技!F24="－",0,VLOOKUP(応用技!F24,$M$6:$P$49,2,FALSE()))+IF(応用技!G24="－",0,VLOOKUP(応用技!G24,$M$6:$P$49,2,FALSE()))+_xlfn.IFS(E16>=2,1+2*(E16-1),E16=1,1,E16=0,0)+_xlfn.IFS(F16>=2,1+2*(F16-1),F16=1,1,F16=0,0)} -> 0 | D16: =IF(応用技!E23="－",0,VLOOKUP(応用技!E23,$M$6:$P$49,3,FALSE()))+IF(応用技!F23="－",0,VLOOKUP(応用技!F23,$M$6:$P$49,3,FALSE()))+IF(応用技!G23="－",0,VLOOKUP(応用技!G23,$M$6:$P$49,3,FALSE()))+IF(応用技!E24="－",0,VLOOKUP(応用技!E24,$M$6:$P$49,3,FALSE()))+IF(応用技!F24="－",0,VLOOKUP(応用技!F24,$M$6:$P$49,3,FALSE()))+IF(応用技!G24="－",0,VLOOKUP(応用技!G24,$M$6:$P$49,3,FALSE())) -> 0 | E16: =COUNTIFS(応用技!E23:G24,"強化*") -> 0 | F16: =COUNTIFS(応用技!E23:G24,"減衰*") -> 0 | I16: オールレンジ | J16: 3 | K16: 1 | M16: 減衰【防】 | N16: 0 | O16: 1 | P16: 減衰系 | T16: オールレンジ | U16: 3 | V16: 1 | X16: 減衰【防】 | Y16: 0 | Z16: 1 | AA16: 減衰系 | AD16: 付加効果 | AE16: {=IF(クリーチャー!S23="－",0,VLOOKUP(クリーチャー!S23,$M$6:$P$49,2,FALSE()))+IF(クリーチャー!T23="－",0,VLOOKUP(クリーチャー!T23,M6:$P$49,2,FALSE()))+IF(クリーチャー!U23="－",0,VLOOKUP(クリーチャー!U23,$M$6:$P$49,2,FALSE()))+IF(クリーチャー!S24="－",0,VLOOKUP(クリーチャー!S24,$M$6:$P$49,2,FALSE()))+IF(クリーチャー!T24="－",0,VLOOKUP(クリーチャー!T24,$M$6:$P$49,2,FALSE()))+IF(クリーチャー!U24="－",0,VLOOKUP(クリーチャー!U24,$M$6:$P$49,2,FALSE()))+_xlfn.IFS(AG16>=2,1+2*(AG16-1),AG16=1,1,AG16=0,0)+_xlfn.IFS(AH16>=2,1+2*(AH16-1),AH16=1,1,AH16=0,0)} -> 0 | AF16: =IF(クリーチャー!S23="－",0,VLOOKUP(クリーチャー!S23,$M$6:$P$49,3,FALSE()))+IF(クリーチャー!T23="－",0,VLOOKUP(クリーチャー!T23,$M$6:$P$49,3,FALSE()))+IF(クリーチャー!U23="－",0,VLOOKUP(クリーチャー!U23,$M$6:$P$49,3,FALSE()))+IF(クリーチャー!S24="－",0,VLOOKUP(クリーチャー!S24,$M$6:$P$49,3,FALSE()))+IF(クリーチャー!T24="－",0,VLOOKUP(クリーチャー!T24,$M$6:$P$49,3,FALSE()))+IF(クリーチャー!U24="－",0,VLOOKUP(クリーチャー!U24,$M$6:$P$49,3,FALSE())) -> 0 | AG16: =COUNTIFS(クリーチャー!S23:U24,"強化*") -> 0 | AH16: =COUNTIFS(クリーチャー!S23:U24,"減衰*") -> 0 | AJ16: 付加効果 | AK16: {=IF(クリーチャー_2!S23="－",0,VLOOKUP(クリーチャー_2!S23,$M$6:$P$49,2,FALSE()))+IF(クリーチャー_2!T23="－",0,VLOOKUP(クリーチャー_2!T23,$M$6:$P$49,2,FALSE()))+IF(クリーチャー_2!U23="－",0,VLOOKUP(クリーチャー_2!U23,$M$6:$P$49,2,FALSE()))+IF(クリーチャー_2!S24="－",0,VLOOKUP(クリーチャー_2!S24,$M$6:$P$49,2,FALSE()))+IF(クリーチャー_2!T24="－",0,VLOOKUP(クリーチャー_2!T24,$M$6:$P$49,2,FALSE()))+IF(クリーチャー_2!U24="－",0,VLOOKUP(クリーチャー_2!U24,$M$6:$P$49,2,FALSE()))+_xlfn.IFS(AM16>=2,1+2*(AM16-1),AM16=1,1,AM16=0,0)+_xlfn.IFS(AN16>=2,1+2*(AN16-1),AN16=1,1,AN16=0,0)} -> 0 | AL16: =IF(クリーチャー_2!S23="－",0,VLOOKUP(クリーチャー_2!S23,$M$6:$P$49,3,FALSE()))+IF(クリーチャー_2!T23="－",0,VLOOKUP(クリーチャー_2!T23,$M$6:$P$49,3,FALSE()))+IF(クリーチャー_2!U23="－",0,VLOOKUP(クリーチャー_2!U23,$M$6:$P$49,3,FALSE()))+IF(クリーチャー_2!S24="－",0,VLOOKUP(クリーチャー_2!S24,$M$6:$P$49,3,FALSE()))+IF(クリーチャー_2!T24="－",0,VLOOKUP(クリーチャー_2!T24,$M$6:$P$49,3,FALSE()))+IF(クリーチャー_2!U24="－",0,VLOOKUP(クリーチャー_2!U24,$M$6:$P$49,3,FALSE())) -> 0 | AM16: =COUNTIFS(クリーチャー_2!S23:U24,"強化*") -> 0 | AN16: =COUNTIFS(クリーチャー_2!S23:U24,"減衰*") -> 0 | AP16: 付加効果 | AQ16: {=IF(クリーチャー_3!S23="－",0,VLOOKUP(クリーチャー_3!S23,$M$6:$P$49,2,FALSE()))+IF(クリーチャー_3!T23="－",0,VLOOKUP(クリーチャー_3!T23,M6:$P$49,2,FALSE()))+IF(クリーチャー_3!U23="－",0,VLOOKUP(クリーチャー_3!U23,$M$6:$P$49,2,FALSE()))+IF(クリーチャー_3!S24="－",0,VLOOKUP(クリーチャー_3!S24,$M$6:$P$49,2,FALSE()))+IF(クリーチャー_3!T24="－",0,VLOOKUP(クリーチャー_3!T24,$M$6:$P$49,2,FALSE()))+IF(クリーチャー_3!U24="－",0,VLOOKUP(クリーチャー_3!U24,$M$6:$P$49,2,FALSE()))+_xlfn.IFS(AS16>=2,1+2*(AS16-1),AS16=1,1,AS16=0,0)+_xlfn.IFS(AT16>=2,1+2*(AT16-1),AT16=1,1,AT16=0,0)} -> 0 | AR16: =IF(クリーチャー_3!S23="－",0,VLOOKUP(クリーチャー_3!S23,$M$6:$P$49,3,FALSE()))+IF(クリーチャー_3!T23="－",0,VLOOKUP(クリーチャー_3!T23,$M$6:$P$49,3,FALSE()))+IF(クリーチャー_3!U23="－",0,VLOOKUP(クリーチャー_3!U23,$M$6:$P$49,3,FALSE()))+IF(クリーチャー_3!S24="－",0,VLOOKUP(クリーチャー_3!S24,$M$6:$P$49,3,FALSE()))+IF(クリーチャー_3!T24="－",0,VLOOKUP(クリーチャー_3!T24,$M$6:$P$49,3,FALSE()))+IF(クリーチャー_3!U24="－",0,VLOOKUP(クリーチャー_3!U24,$M$6:$P$49,3,FALSE())) -> 0 | AS16: =COUNTIFS(クリーチャー_3!S23:U24,"強化*") -> 0 | AT16: =COUNTIFS(クリーチャー_3!S23:U24,"減衰*") -> 0
B17: SE | C17: =IF(応用技!H23="－",0,VLOOKUP(応用技!H23,$I$15:$K$27,2,FALSE()))+IF(応用技!I23="－",0,VLOOKUP(応用技!I23,$I$15:$K$27,2,FALSE()))+IF(応用技!J23="－",0,VLOOKUP(応用技!J23,$I$15:$K$27,2,FALSE()))+IF(応用技!H24="－",0,VLOOKUP(応用技!H24,$I$15:$K$27,2,FALSE()))+IF(応用技!I24="－",0,VLOOKUP(応用技!I24,$I$15:$K$27,2,FALSE()))+IF(応用技!J24="－",0,VLOOKUP(応用技!J24,$I$15:$K$27,2,FALSE())) -> 0 | D17: =IF(応用技!H23="－",0,VLOOKUP(応用技!H23,$I$15:$K$27,3,FALSE()))+IF(応用技!I23="－",0,VLOOKUP(応用技!I23,$I$15:$K$27,3,FALSE()))+IF(応用技!J23="－",0,VLOOKUP(応用技!J23,$I$15:$K$27,3,FALSE()))+IF(応用技!H24="－",0,VLOOKUP(応用技!H24,$I$15:$K$27,3,FALSE()))+IF(応用技!I24="－",0,VLOOKUP(応用技!I24,$I$15:$K$27,3,FALSE()))+IF(応用技!J24="－",0,VLOOKUP(応用技!J24,$I$15:$K$27,3,FALSE())) -> 0 | I17: テリトリー | J17: 3 | K17: 1 | M17: 減衰【抵】 | N17: 0 | O17: 1 | P17: 減衰系 | T17: テリトリー | U17: 3 | V17: 1 | X17: 減衰【抵】 | Y17: 0 | Z17: 1 | AA17: 減衰系 | AD17: SE | AE17: =IF(クリーチャー!V23="－",0,VLOOKUP(クリーチャー!V23,$I$15:$K$27,2,FALSE()))+IF(クリーチャー!W23="－",0,VLOOKUP(クリーチャー!W23,$I$15:$K$27,2,FALSE()))+IF(クリーチャー!X23="－",0,VLOOKUP(クリーチャー!X23,$I$15:$K$27,2,FALSE()))+IF(クリーチャー!V24="－",0,VLOOKUP(クリーチャー!V24,$I$15:$K$27,2,FALSE()))+IF(クリーチャー!W24="－",0,VLOOKUP(クリーチャー!W24,$I$15:$K$27,2,FALSE()))+IF(クリーチャー!X24="－",0,VLOOKUP(クリーチャー!X24,$I$15:$K$27,2,FALSE())) -> 0 | AF17: =IF(クリーチャー!V23="－",0,VLOOKUP(クリーチャー!V23,$I$15:$K$27,3,FALSE()))+IF(クリーチャー!W23="－",0,VLOOKUP(クリーチャー!W23,$I$15:$K$27,3,FALSE()))+IF(クリーチャー!X23="－",0,VLOOKUP(クリーチャー!X23,$I$15:$K$27,3,FALSE()))+IF(クリーチャー!V24="－",0,VLOOKUP(クリーチャー!V24,$I$15:$K$27,3,FALSE()))+IF(クリーチャー!W24="－",0,VLOOKUP(クリーチャー!W24,$I$15:$K$27,3,FALSE()))+IF(クリーチャー!X24="－",0,VLOOKUP(クリーチャー!X24,$I$15:$K$27,3,FALSE())) -> 0 | AJ17: SE | AK17: =IF(クリーチャー_2!V23="－",0,VLOOKUP(クリーチャー_2!V23,$I$15:$K$27,2,FALSE()))+IF(クリーチャー_2!W23="－",0,VLOOKUP(クリーチャー_2!W23,$I$15:$K$27,2,FALSE()))+IF(クリーチャー_2!X23="－",0,VLOOKUP(クリーチャー_2!X23,$I$15:$K$27,2,FALSE()))+IF(クリーチャー_2!V24="－",0,VLOOKUP(クリーチャー_2!V24,$I$15:$K$27,2,FALSE()))+IF(クリーチャー_2!W24="－",0,VLOOKUP(クリーチャー_2!W24,$I$15:$K$27,2,FALSE()))+IF(クリーチャー_2!X24="－",0,VLOOKUP(クリーチャー_2!X24,$I$15:$K$27,2,FALSE())) -> 0 | AL17: =IF(クリーチャー_2!V23="－",0,VLOOKUP(クリーチャー_2!V23,$I$15:$K$27,3,FALSE()))+IF(クリーチャー_2!W23="－",0,VLOOKUP(クリーチャー_2!W23,$I$15:$K$27,3,FALSE()))+IF(クリーチャー_2!X23="－",0,VLOOKUP(クリーチャー_2!X23,$I$15:$K$27,3,FALSE()))+IF(クリーチャー_2!V24="－",0,VLOOKUP(クリーチャー_2!V24,$I$15:$K$27,3,FALSE()))+IF(クリーチャー_2!W24="－",0,VLOOKUP(クリーチャー_2!W24,$I$15:$K$27,3,FALSE()))+IF(クリーチャー_2!X24="－",0,VLOOKUP(クリーチャー_2!X24,$I$15:$K$27,3,FALSE())) -> 0 | AP17: SE | AQ17: =IF(クリーチャー_3!V23="－",0,VLOOKUP(クリーチャー_3!V23,$I$15:$K$27,2,FALSE()))+IF(クリーチャー_3!W23="－",0,VLOOKUP(クリーチャー_3!W23,$I$15:$K$27,2,FALSE()))+IF(クリーチャー_3!X23="－",0,VLOOKUP(クリーチャー_3!X23,$I$15:$K$27,2,FALSE()))+IF(クリーチャー_3!V24="－",0,VLOOKUP(クリーチャー_3!V24,$I$15:$K$27,2,FALSE()))+IF(クリーチャー_3!W24="－",0,VLOOKUP(クリーチャー_3!W24,$I$15:$K$27,2,FALSE()))+IF(クリーチャー_3!X24="－",0,VLOOKUP(クリーチャー_3!X24,$I$15:$K$27,2,FALSE())) -> 0 | AR17: =IF(クリーチャー_3!V23="－",0,VLOOKUP(クリーチャー_3!V23,$I$15:$K$27,3,FALSE()))+IF(クリーチャー_3!W23="－",0,VLOOKUP(クリーチャー_3!W23,$I$15:$K$27,3,FALSE()))+IF(クリーチャー_3!X23="－",0,VLOOKUP(クリーチャー_3!X23,$I$15:$K$27,3,FALSE()))+IF(クリーチャー_3!V24="－",0,VLOOKUP(クリーチャー_3!V24,$I$15:$K$27,3,FALSE()))+IF(クリーチャー_3!W24="－",0,VLOOKUP(クリーチャー_3!W24,$I$15:$K$27,3,FALSE()))+IF(クリーチャー_3!X24="－",0,VLOOKUP(クリーチャー_3!X24,$I$15:$K$27,3,FALSE())) -> 0
B18: 合計 | C18: {=_xlfn.IFS(COUNTIF(応用技!E23:G24,"創造")>=1,SUM(C15:C17)+1&"～"&SUM(C15:C17)+10,COUNTIF(応用技!E23:G24,"限定*")>=1,"※",COUNTIF(応用技!E23:G24,"影響無効")>=1,"※",TRUE(),SUM(C15:C17))} -> 0 | D18: =SUM(D15:D17) -> 0 | I18: コンティニュー | J18: 2 | K18: 1 | M18: 減衰【命】 | N18: 0 | O18: 1 | P18: 減衰系 | T18: コンティニュー | U18: 2 | V18: 1 | X18: 減衰【命】 | Y18: 0 | Z18: 1 | AA18: 減衰系 | AD18: 合計 | AE18: {=_xlfn.IFS(COUNTIF(クリーチャー!S23:U24,"創造")>=1,SUM(AE15:AE17)+1&"～"&SUM(AE15:AE17)+10,COUNTIF(クリーチャー!S23:U24,"限定*")>=1,"※",COUNTIF(クリーチャー!S23:U24,"影響無効")>=1,"※",TRUE(),SUM(AE15:AE17))} -> 0 | AF18: =SUM(AF15:AF17) -> 0 | AJ18: 合計 | AK18: {=_xlfn.IFS(COUNTIF(クリーチャー_2!S23:U24,"創造")>=1,SUM(AK15:AK17)+1&"～"&SUM(AK15:AK17)+10,COUNTIF(クリーチャー_2!S23:U24,"限定*")>=1,"※",COUNTIF(クリーチャー_2!S23:U24,"影響無効")>=1,"※",TRUE(),SUM(AK15:AK17))} -> 0 | AL18: =SUM(AL15:AL17) -> 0 | AP18: 合計 | AQ18: {=_xlfn.IFS(COUNTIF(クリーチャー_3!S23:U24,"創造")>=1,SUM(AQ15:AQ17)+1&"～"&SUM(AQ15:AQ17)+10,COUNTIF(クリーチャー_3!S23:U24,"限定*")>=1,"※",COUNTIF(クリーチャー_3!S23:U24,"影響無効")>=1,"※",TRUE(),SUM(AQ15:AQ17))} -> 0 | AR18: =SUM(AR15:AR17) -> 0
I19: ドレイン | J19: 2 | K19: 1 | M19: 減衰【回】 | N19: 0 | O19: 1 | P19: 減衰系 | T19: ドレイン | U19: 2 | V19: 1 | X19: 減衰【回】 | Y19: 0 | Z19: 1 | AA19: 減衰系
B20: 技2（蟹） | C20: 消費 | D20: スペック | E20: 強化変数 | F20: 減衰変数 | I20: ブレイク | J20: 3 | K20: 1 | M20: 減衰【技】 | N20: 0 | O20: 1 | P20: 減衰系 | T20: ブレイク | U20: 3 | V20: 1 | X20: 減衰【技】 | Y20: 0 | Z20: 1 | AA20: 減衰系 | AD20: 技2（蟹） | AE20: 消費 | AF20: スペック | AG20: 強化変数 | AH20: 減衰変数 | AJ20: 技2（蟹） | AK20: 消費 | AL20: スペック | AM20: 強化変数 | AN20: 減衰変数 | AP20: 技2（蟹） | AQ20: 消費 | AR20: スペック | AS20: 強化変数 | AT20: 減衰変数
B21: 発動系統 | C21: =IF(応用技!B23="－",0,VLOOKUP(応用技!B23,計算用!$T$6:$V$11,2,FALSE()))+IF(応用技!C23="－",0,VLOOKUP(応用技!C23,計算用!$T$6:$V$11,2,FALSE()))+IF(応用技!D23="－",0,VLOOKUP(応用技!D23,計算用!$T$6:$V$11,2,FALSE()))+COUNTIF(応用技!B23:D23,"防御発動")^2 -> 0 | D21: =IF(VALUE(D22)<0,0,IF(応用技!B23="－",0,VLOOKUP(応用技!B23,$I$6:$K$11,3,FALSE()))+IF(応用技!C23="－",0,VLOOKUP(応用技!C23,$I$6:$K$11,3,FALSE()))+IF(応用技!D23="－",0,VLOOKUP(応用技!D23,$I$6:$K$11,3,FALSE()))) -> 0 | I21: チャージ | J21: 2 | K21: 1 | M21: 減衰【解】 | N21: 0 | O21: 1 | P21: 減衰系 | T21: チャージ | U21: 2 | V21: 1 | X21: 減衰【解】 | Y21: 0 | Z21: 1 | AA21: 減衰系 | AD21: 発動系統 | AE21: =IF(クリーチャー!P23="－",0,VLOOKUP(クリーチャー!P23,計算用!$T$6:$V$11,2,FALSE()))+IF(クリーチャー!Q23="－",0,VLOOKUP(クリーチャー!Q23,計算用!$T$6:$V$11,2,FALSE()))+IF(クリーチャー!R23="－",0,VLOOKUP(クリーチャー!R23,計算用!$T$6:$V$11,2,FALSE()))+COUNTIF(クリーチャー!P23:R23,"防御発動")^2 -> 0 | AF21: =IF(AF22<0,0,IF(クリーチャー!P23="－",0,VLOOKUP(クリーチャー!P23,$I$6:$K$11,3,FALSE()))+IF(クリーチャー!Q23="－",0,VLOOKUP(クリーチャー!Q23,$I$6:$K$11,3,FALSE()))+IF(クリーチャー!R23="－",0,VLOOKUP(クリーチャー!R23,$I$6:$K$11,3,FALSE()))) -> 0 | AJ21: 発動系統 | AK21: =IF(クリーチャー_2!P23="－",0,VLOOKUP(クリーチャー_2!P23,計算用!$T$6:$V$11,2,FALSE()))+IF(クリーチャー_2!Q23="－",0,VLOOKUP(クリーチャー_2!Q23,計算用!$T$6:$V$11,2,FALSE()))+IF(クリーチャー_2!R23="－",0,VLOOKUP(クリーチャー_2!R23,計算用!$T$6:$V$11,2,FALSE()))+COUNTIF(クリーチャー_2!P23:R23,"防御発動")^2 -> 0 | AL21: =IF(AL22<0,0,IF(クリーチャー_2!P23="－",0,VLOOKUP(クリーチャー_2!P23,$I$6:$K$11,3,FALSE()))+IF(クリーチャー_2!Q23="－",0,VLOOKUP(クリーチャー_2!Q23,$I$6:$K$11,3,FALSE()))+IF(クリーチャー_2!R23="－",0,VLOOKUP(クリーチャー_2!R23,$I$6:$K$11,3,FALSE()))) -> 0 | AP21: 発動系統 | AQ21: =IF(クリーチャー_3!P23="－",0,VLOOKUP(クリーチャー_3!P23,計算用!$T$6:$V$11,2,FALSE()))+IF(クリーチャー_3!Q23="－",0,VLOOKUP(クリーチャー_3!Q23,計算用!$T$6:$V$11,2,FALSE()))+IF(クリーチャー_3!R23="－",0,VLOOKUP(クリーチャー_3!R23,計算用!$T$6:$V$11,2,FALSE()))+COUNTIF(クリーチャー_3!P23:R23,"防御発動")^2 -> 0 | AR21: =IF(AR22<0,0,IF(クリーチャー_3!P23="－",0,VLOOKUP(クリーチャー_3!P23,$I$6:$K$11,3,FALSE()))+IF(クリーチャー_3!Q23="－",0,VLOOKUP(クリーチャー_3!Q23,$I$6:$K$11,3,FALSE()))+IF(クリーチャー_3!R23="－",0,VLOOKUP(クリーチャー_3!R23,$I$6:$K$11,3,FALSE()))) -> 0
B22: 付加効果 | C22: {=IF(応用技!E23="－",0,VLOOKUP(応用技!E23,$X$6:$AA$68,2,FALSE()))+IF(応用技!F23="－",0,VLOOKUP(応用技!F23,X6:$AA$68,2,FALSE()))+IF(応用技!G23="－",0,VLOOKUP(応用技!G23,$X$6:$AA$68,2,FALSE()))+IF(応用技!E24="－",0,VLOOKUP(応用技!E24,$X$6:$AA$68,2,FALSE()))+IF(応用技!F24="－",0,VLOOKUP(応用技!F24,$X$6:$AA$68,2,FALSE()))+IF(応用技!G24="－",0,VLOOKUP(応用技!G24,$X$6:$AA$68,2,FALSE()))+_xlfn.IFS(E22>=2,1+2*(E22-1),E22=1,1,E22=0,0)+_xlfn.IFS(F22>=2,1+2*(F22-1),F22=1,1,F22=0,0)} -> 0 | D22: =IF(応用技!E23="－",0,VLOOKUP(応用技!E23,$X$6:$AA$68,3,FALSE()))+IF(応用技!F23="－",0,VLOOKUP(応用技!F23,$X$6:$AA$68,3,FALSE()))+IF(応用技!G23="－",0,VLOOKUP(応用技!G23,$X$6:$AA$68,3,FALSE()))+IF(応用技!E24="－",0,VLOOKUP(応用技!E24,$X$6:$AA$68,3,FALSE()))+IF(応用技!F24="－",0,VLOOKUP(応用技!F24,$X$6:$AA$68,3,FALSE()))+IF(応用技!G24="－",0,VLOOKUP(応用技!G24,$X$6:$AA$68,3,FALSE())) -> 0 | E22: =COUNTIFS(応用技!E23:G24,"強化*") -> 0 | F22: =COUNTIFS(応用技!E23:G24,"減衰*")+COUNTIFS(応用技!E23:G24,"瞬減*") -> 0 | I22: リスク | J22: 4 | K22: 1 | M22: 回復 | N22: 2 | O22: 1 | T22: リスク | U22: 4 | V22: 1 | X22: 回復 | Y22: 2 | Z22: 1 | AD22: 付加効果 | AE22: {=IF(クリーチャー!S23="－",0,VLOOKUP(クリーチャー!S23,$X$6:$AA$68,2,FALSE()))+IF(クリーチャー!T23="－",0,VLOOKUP(クリーチャー!T23,X6:$AA$68,2,FALSE()))+IF(クリーチャー!U23="－",0,VLOOKUP(クリーチャー!U23,$X$6:$AA$68,2,FALSE()))+IF(クリーチャー!S24="－",0,VLOOKUP(クリーチャー!S24,$X$6:$AA$68,2,FALSE()))+IF(クリーチャー!T24="－",0,VLOOKUP(クリーチャー!T24,$X$6:$AA$68,2,FALSE()))+IF(クリーチャー!U24="－",0,VLOOKUP(クリーチャー!U24,$X$6:$AA$68,2,FALSE()))+_xlfn.IFS(AG22>=2,1+2*(AG22-1),AG22=1,1,AG22=0,0)+_xlfn.IFS(AH22>=2,1+2*(AH22-1),AH22=1,1,AH22=0,0)} -> 0 | AF22: =IF(クリーチャー!S23="－",0,VLOOKUP(クリーチャー!S23,$X$6:$AA$68,3,FALSE()))+IF(クリーチャー!T23="－",0,VLOOKUP(クリーチャー!T23,$X$6:$AA$68,3,FALSE()))+IF(クリーチャー!U23="－",0,VLOOKUP(クリーチャー!U23,$X$6:$AA$68,3,FALSE()))+IF(クリーチャー!S24="－",0,VLOOKUP(クリーチャー!S24,$X$6:$AA$68,3,FALSE()))+IF(クリーチャー!T24="－",0,VLOOKUP(クリーチャー!T24,$X$6:$AA$68,3,FALSE()))+IF(クリーチャー!U24="－",0,VLOOKUP(クリーチャー!U24,$X$6:$AA$68,3,FALSE())) -> 0 | AG22: =COUNTIFS(クリーチャー!S23:U24,"強化*") -> 0 | AH22: =COUNTIFS(クリーチャー!S23:U24,"減衰*") -> 0 | AJ22: 付加効果 | AK22: {=IF(クリーチャー_2!S23="－",0,VLOOKUP(クリーチャー_2!S23,$X$6:$AA$68,2,FALSE()))+IF(クリーチャー_2!T23="－",0,VLOOKUP(クリーチャー_2!T23,X6:$AA$68,2,FALSE()))+IF(クリーチャー_2!U23="－",0,VLOOKUP(クリーチャー_2!U23,$X$6:$AA$68,2,FALSE()))+IF(クリーチャー_2!S24="－",0,VLOOKUP(クリーチャー_2!S24,$X$6:$AA$68,2,FALSE()))+IF(クリーチャー_2!T24="－",0,VLOOKUP(クリーチャー_2!T24,$X$6:$AA$68,2,FALSE()))+IF(クリーチャー_2!U24="－",0,VLOOKUP(クリーチャー_2!U24,$X$6:$AA$68,2,FALSE()))+_xlfn.IFS(AM22>=2,1+2*(AM22-1),AM22=1,1,AM22=0,0)+_xlfn.IFS(AN22>=2,1+2*(AN22-1),AN22=1,1,AN22=0,0)} -> 0 | AL22: =IF(クリーチャー_2!S23="－",0,VLOOKUP(クリーチャー_2!S23,$X$6:$AA$68,3,FALSE()))+IF(クリーチャー_2!T23="－",0,VLOOKUP(クリーチャー_2!T23,$X$6:$AA$68,3,FALSE()))+IF(クリーチャー_2!U23="－",0,VLOOKUP(クリーチャー_2!U23,$X$6:$AA$68,3,FALSE()))+IF(クリーチャー_2!S24="－",0,VLOOKUP(クリーチャー_2!S24,$X$6:$AA$68,3,FALSE()))+IF(クリーチャー_2!T24="－",0,VLOOKUP(クリーチャー_2!T24,$X$6:$AA$68,3,FALSE()))+IF(クリーチャー_2!U24="－",0,VLOOKUP(クリーチャー_2!U24,$X$6:$AA$68,3,FALSE())) -> 0 | AM22: =COUNTIFS(クリーチャー_2!S23:U24,"強化*") -> 0 | AN22: =COUNTIFS(クリーチャー_2!S23:U24,"減衰*") -> 0 | AP22: 付加効果 | AQ22: {=IF(クリーチャー_3!S23="－",0,VLOOKUP(クリーチャー_3!S23,$X$6:$AA$68,2,FALSE()))+IF(クリーチャー_3!T23="－",0,VLOOKUP(クリーチャー_3!T23,X6:$AA$68,2,FALSE()))+IF(クリーチャー_3!U23="－",0,VLOOKUP(クリーチャー_3!U23,$X$6:$AA$68,2,FALSE()))+IF(クリーチャー_3!S24="－",0,VLOOKUP(クリーチャー_3!S24,$X$6:$AA$68,2,FALSE()))+IF(クリーチャー_3!T24="－",0,VLOOKUP(クリーチャー_3!T24,$X$6:$AA$68,2,FALSE()))+IF(クリーチャー_3!U24="－",0,VLOOKUP(クリーチャー_3!U24,$X$6:$AA$68,2,FALSE()))+_xlfn.IFS(AS22>=2,1+2*(AS22-1),AS22=1,1,AS22=0,0)+_xlfn.IFS(AT22>=2,1+2*(AT22-1),AT22=1,1,AT22=0,0)} -> 0 | AR22: =IF(クリーチャー_3!S23="－",0,VLOOKUP(クリーチャー_3!S23,$X$6:$AA$68,3,FALSE()))+IF(クリーチャー_3!T23="－",0,VLOOKUP(クリーチャー_3!T23,$X$6:$AA$68,3,FALSE()))+IF(クリーチャー_3!U23="－",0,VLOOKUP(クリーチャー_3!U23,$X$6:$AA$68,3,FALSE()))+IF(クリーチャー_3!S24="－",0,VLOOKUP(クリーチャー_3!S24,$X$6:$AA$68,3,FALSE()))+IF(クリーチャー_3!T24="－",0,VLOOKUP(クリーチャー_3!T24,$X$6:$AA$68,3,FALSE()))+IF(クリーチャー_3!U24="－",0,VLOOKUP(クリーチャー_3!U24,$X$6:$AA$68,3,FALSE())) -> 0 | AS22: =COUNTIFS(クリーチャー_3!S23:U24,"強化*") -> 0 | AT22: =COUNTIFS(クリーチャー_3!S23:U24,"減衰*") -> 0
B23: SE | C23: =IF(応用技!H23="－",0,VLOOKUP(応用技!H23,$T$15:$V$28,2,FALSE()))+IF(応用技!I23="－",0,VLOOKUP(応用技!I23,$T$15:$V$28,2,FALSE()))+IF(応用技!J23="－",0,VLOOKUP(応用技!J23,$T$15:$V$28,2,FALSE()))+IF(応用技!H24="－",0,VLOOKUP(応用技!H24,$T$15:$V$28,2,FALSE()))+IF(応用技!I24="－",0,VLOOKUP(応用技!I24,$T$15:$V$28,2,FALSE()))+IF(応用技!J24="－",0,VLOOKUP(応用技!J24,$T$15:$V$28,2,FALSE())) -> 0 | D23: =IF(応用技!H23="－",0,VLOOKUP(応用技!H23,$T$15:$V$28,3,FALSE()))+IF(応用技!I23="－",0,VLOOKUP(応用技!I23,$T$15:$V$28,3,FALSE()))+IF(応用技!J23="－",0,VLOOKUP(応用技!J23,$T$15:$V$28,3,FALSE()))+IF(応用技!H24="－",0,VLOOKUP(応用技!H24,$T$15:$V$28,3,FALSE()))+IF(応用技!I24="－",0,VLOOKUP(応用技!I24,$T$15:$V$28,3,FALSE()))+IF(応用技!J24="－",0,VLOOKUP(応用技!J24,$T$15:$V$28,3,FALSE())) -> 0 | I23: トラップ | J23: 1 | K23: 1 | M23: 拡張 | N23: 2 | O23: 1 | T23: トラップ | U23: 1 | V23: 1 | X23: 拡張 | Y23: 2 | Z23: 1 | AD23: SE | AE23: =IF(クリーチャー!V23="－",0,VLOOKUP(クリーチャー!V23,$T$15:$V$28,2,FALSE()))+IF(クリーチャー!W23="－",0,VLOOKUP(クリーチャー!W23,$T$15:$V$28,2,FALSE()))+IF(クリーチャー!X23="－",0,VLOOKUP(クリーチャー!X23,$T$15:$V$28,2,FALSE()))+IF(クリーチャー!V24="－",0,VLOOKUP(クリーチャー!V24,$T$15:$V$28,2,FALSE()))+IF(クリーチャー!W24="－",0,VLOOKUP(クリーチャー!W24,$T$15:$V$28,2,FALSE()))+IF(クリーチャー!X24="－",0,VLOOKUP(クリーチャー!X24,$T$15:$V$28,2,FALSE())) -> 0 | AF23: =IF(クリーチャー!V23="－",0,VLOOKUP(クリーチャー!V23,$T$15:$V$28,3,FALSE()))+IF(クリーチャー!W23="－",0,VLOOKUP(クリーチャー!W23,$T$15:$V$28,3,FALSE()))+IF(クリーチャー!X23="－",0,VLOOKUP(クリーチャー!X23,$T$15:$V$28,3,FALSE()))+IF(クリーチャー!V24="－",0,VLOOKUP(クリーチャー!V24,$T$15:$V$28,3,FALSE()))+IF(クリーチャー!W24="－",0,VLOOKUP(クリーチャー!W24,$T$15:$V$28,3,FALSE()))+IF(クリーチャー!X24="－",0,VLOOKUP(クリーチャー!X24,$T$15:$V$28,3,FALSE())) -> 0 | AJ23: SE | AK23: =IF(クリーチャー_2!V23="－",0,VLOOKUP(クリーチャー_2!V23,$T$15:$V$28,2,FALSE()))+IF(クリーチャー_2!W23="－",0,VLOOKUP(クリーチャー_2!W23,$T$15:$V$28,2,FALSE()))+IF(クリーチャー_2!X23="－",0,VLOOKUP(クリーチャー_2!X23,$T$15:$V$28,2,FALSE()))+IF(クリーチャー_2!V24="－",0,VLOOKUP(クリーチャー_2!V24,$T$15:$V$28,2,FALSE()))+IF(クリーチャー_2!W24="－",0,VLOOKUP(クリーチャー_2!W24,$T$15:$V$28,2,FALSE()))+IF(クリーチャー_2!X24="－",0,VLOOKUP(クリーチャー_2!X24,$T$15:$V$28,2,FALSE())) -> 0 | AL23: =IF(クリーチャー_2!V23="－",0,VLOOKUP(クリーチャー_2!V23,$T$15:$V$28,3,FALSE()))+IF(クリーチャー_2!W23="－",0,VLOOKUP(クリーチャー_2!W23,$T$15:$V$28,3,FALSE()))+IF(クリーチャー_2!X23="－",0,VLOOKUP(クリーチャー_2!X23,$T$15:$V$28,3,FALSE()))+IF(クリーチャー_2!V24="－",0,VLOOKUP(クリーチャー_2!V24,$T$15:$V$28,3,FALSE()))+IF(クリーチャー_2!W24="－",0,VLOOKUP(クリーチャー_2!W24,$T$15:$V$28,3,FALSE()))+IF(クリーチャー_2!X24="－",0,VLOOKUP(クリーチャー_2!X24,$T$15:$V$28,3,FALSE())) -> 0 | AP23: SE | AQ23: =IF(クリーチャー_3!V23="－",0,VLOOKUP(クリーチャー_3!V23,$T$15:$V$28,2,FALSE()))+IF(クリーチャー_3!W23="－",0,VLOOKUP(クリーチャー_3!W23,$T$15:$V$28,2,FALSE()))+IF(クリーチャー_3!X23="－",0,VLOOKUP(クリーチャー_3!X23,$T$15:$V$28,2,FALSE()))+IF(クリーチャー_3!V24="－",0,VLOOKUP(クリーチャー_3!V24,$T$15:$V$28,2,FALSE()))+IF(クリーチャー_3!W24="－",0,VLOOKUP(クリーチャー_3!W24,$T$15:$V$28,2,FALSE()))+IF(クリーチャー_3!X24="－",0,VLOOKUP(クリーチャー_3!X24,$T$15:$V$28,2,FALSE())) -> 0 | AR23: =IF(クリーチャー_3!V23="－",0,VLOOKUP(クリーチャー_3!V23,$T$15:$V$28,3,FALSE()))+IF(クリーチャー_3!W23="－",0,VLOOKUP(クリーチャー_3!W23,$T$15:$V$28,3,FALSE()))+IF(クリーチャー_3!X23="－",0,VLOOKUP(クリーチャー_3!X23,$T$15:$V$28,3,FALSE()))+IF(クリーチャー_3!V24="－",0,VLOOKUP(クリーチャー_3!V24,$T$15:$V$28,3,FALSE()))+IF(クリーチャー_3!W24="－",0,VLOOKUP(クリーチャー_3!W24,$T$15:$V$28,3,FALSE()))+IF(クリーチャー_3!X24="－",0,VLOOKUP(クリーチャー_3!X24,$T$15:$V$28,3,FALSE())) -> 0
B24: 合計 | C24: {=_xlfn.IFS(COUNTIF(応用技!E23:G24,"創造")>=1,SUM(C21:C23)+1&"～"&SUM(C21:C23)+10,COUNTIF(応用技!E23:G24,"限定*")>=1,"※",COUNTIF(応用技!E23:G24,"影響無効")>=1,"※",TRUE(),SUM(C21:C23))} -> 0 | D24: =SUM(D21:D23) -> 0 | I24: オート | J24: 3 | K24: 1 | M24: 制限 | N24: 2 | O24: 1 | T24: オート | U24: 3 | V24: 1 | X24: 制限 | Y24: 2 | Z24: 1 | AD24: 合計 | AE24: {=_xlfn.IFS(COUNTIF(クリーチャー!S23:U24,"創造")>=1,SUM(AE21:AE23)+1&"～"&SUM(AE21:AE23)+10,COUNTIF(クリーチャー!S23:U24,"限定*")>=1,"※",COUNTIF(クリーチャー!S23:U24,"影響無効")>=1,"※",TRUE(),SUM(AE21:AE23))} -> 0 | AF24: =SUM(AF21:AF23) -> 0 | AJ24: 合計 | AK24: {=_xlfn.IFS(COUNTIF(クリーチャー_2!S23:U24,"創造")>=1,SUM(AK21:AK23)+1&"～"&SUM(AK21:AK23)+10,COUNTIF(クリーチャー_2!S23:U24,"限定*")>=1,"※",COUNTIF(クリーチャー_2!S23:U24,"影響無効")>=1,"※",TRUE(),SUM(AK21:AK23))} -> 0 | AL24: =SUM(AL21:AL23) -> 0 | AP24: 合計 | AQ24: {=_xlfn.IFS(COUNTIF(クリーチャー_3!S23:U24,"創造")>=1,SUM(AQ21:AQ23)+1&"～"&SUM(AQ21:AQ23)+10,COUNTIF(クリーチャー_3!S23:U24,"限定*")>=1,"※",COUNTIF(クリーチャー_3!S23:U24,"影響無効")>=1,"※",TRUE(),SUM(AQ21:AQ23))} -> 0 | AR24: =SUM(AR21:AR23) -> 0
I25: セミオート | J25: 4 | K25: 2 | M25: 幸運 | N25: 2 | O25: 1 | T25: セミオート | U25: 4 | V25: 2 | X25: 幸運 | Y25: 2 | Z25: 1
B26: 技3 | C26: 消費 | D26: スペック | E26: 強化変数 | F26: 減衰変数 | I26: リフレクション | J26: 5 | K26: 2 | M26: 追加【命】 | N26: 2 | O26: 1 | T26: リフレクション | U26: 5 | V26: 2 | X26: 追加【命】 | Y26: 2 | Z26: 1 | AD26: 技3 | AE26: 消費 | AF26: スペック | AG26: 強化変数 | AH26: 減衰変数 | AJ26: 技3 | AK26: 消費 | AL26: スペック | AM26: 強化変数 | AN26: 減衰変数 | AP26: 技3 | AQ26: 消費 | AR26: スペック | AS26: 強化変数 | AT26: 減衰変数
B27: 発動系統 | C27: =IF(応用技!B34="－",0,VLOOKUP(応用技!B34,計算用!$I$6:$K$11,2,FALSE()))+IF(応用技!C34="－",0,VLOOKUP(応用技!C34,計算用!$I$6:$K$11,2,FALSE()))+IF(応用技!D34="－",0,VLOOKUP(応用技!D34,計算用!$I$6:$K$11,2,FALSE()))+COUNTIF(応用技!B34:D34,"防御発動")^2 -> 0 | D27: =IF(D28<0,0,IF(応用技!B34="－",0,VLOOKUP(応用技!B34,$I$6:$K$11,3,FALSE()))+IF(応用技!C34="－",0,VLOOKUP(応用技!C34,$I$6:$K$11,3,FALSE()))+IF(応用技!D34="－",0,VLOOKUP(応用技!D34,$I$6:$K$11,3,FALSE()))) -> 0 | I27: パーフェクト | J27: 9 | K27: 2 | M27: 追加【回】 | N27: 2 | O27: 1 | T27: パーフェクト | U27: 9 | V27: 2 | X27: 追加【回】 | Y27: 2 | Z27: 1 | AD27: 発動系統 | AE27: =IF(クリーチャー!P34="－",0,VLOOKUP(クリーチャー!P34,計算用!$I$6:$K$11,2,FALSE()))+IF(クリーチャー!Q34="－",0,VLOOKUP(クリーチャー!Q34,計算用!$I$6:$K$11,2,FALSE()))+IF(クリーチャー!R34="－",0,VLOOKUP(クリーチャー!R34,計算用!$I$6:$K$11,2,FALSE()))+COUNTIF(クリーチャー!P34:R34,"防御発動")^2 -> 0 | AF27: =IF(AF28<0,0,IF(クリーチャー!P34="－",0,VLOOKUP(クリーチャー!P34,$I$6:$K$11,3,FALSE()))+IF(クリーチャー!Q34="－",0,VLOOKUP(クリーチャー!Q34,$I$6:$K$11,3,FALSE()))+IF(クリーチャー!R34="－",0,VLOOKUP(クリーチャー!R34,$I$6:$K$11,3,FALSE()))) -> 0 | AJ27: 発動系統 | AK27: =IF(クリーチャー_2!P34="－",0,VLOOKUP(クリーチャー_2!P34,計算用!$I$6:$K$11,2,FALSE()))+IF(クリーチャー_2!Q34="－",0,VLOOKUP(クリーチャー_2!Q34,計算用!$I$6:$K$11,2,FALSE()))+IF(クリーチャー_2!R34="－",0,VLOOKUP(クリーチャー_2!R34,計算用!$I$6:$K$11,2,FALSE()))+COUNTIF(クリーチャー_2!P34:R34,"防御発動")^2 -> 0 | AL27: =IF(AL28<0,0,IF(クリーチャー_2!P34="－",0,VLOOKUP(クリーチャー_2!P34,$I$6:$K$11,3,FALSE()))+IF(クリーチャー_2!Q34="－",0,VLOOKUP(クリーチャー_2!Q34,$I$6:$K$11,3,FALSE()))+IF(クリーチャー_2!R34="－",0,VLOOKUP(クリーチャー_2!R34,$I$6:$K$11,3,FALSE()))) -> 0 | AP27: 発動系統 | AQ27: =IF(クリーチャー_3!P34="－",0,VLOOKUP(クリーチャー_3!P34,計算用!$I$6:$K$11,2,FALSE()))+IF(クリーチャー_3!Q34="－",0,VLOOKUP(クリーチャー_3!Q34,計算用!$I$6:$K$11,2,FALSE()))+IF(クリーチャー_3!R34="－",0,VLOOKUP(クリーチャー_3!R34,計算用!$I$6:$K$11,2,FALSE()))+COUNTIF(クリーチャー_3!P34:R34,"防御発動")^2 -> 0 | AR27: =IF(AR28<0,0,IF(クリーチャー_3!P34="－",0,VLOOKUP(クリーチャー_3!P34,$I$6:$K$11,3,FALSE()))+IF(クリーチャー_3!Q34="－",0,VLOOKUP(クリーチャー_3!Q34,$I$6:$K$11,3,FALSE()))+IF(クリーチャー_3!R34="－",0,VLOOKUP(クリーチャー_3!R34,$I$6:$K$11,3,FALSE()))) -> 0
B28: 付加効果 | C28: {=IF(応用技!E34="－",0,VLOOKUP(応用技!E34,$M$6:$P$49,2,FALSE()))+IF(応用技!F34="－",0,VLOOKUP(応用技!F34,M6:$P$49,2,FALSE()))+IF(応用技!G34="－",0,VLOOKUP(応用技!G34,$M$6:$P$49,2,FALSE()))+IF(応用技!E35="－",0,VLOOKUP(応用技!E35,$M$6:$P$49,2,FALSE()))+IF(応用技!F35="－",0,VLOOKUP(応用技!F35,$M$6:$P$49,2,FALSE()))+IF(応用技!G35="－",0,VLOOKUP(応用技!G35,$M$6:$P$49,2,FALSE()))+_xlfn.IFS(E28>=2,1+2*(E28-1),E28=1,1,E28=0,0)+_xlfn.IFS(F28>=2,1+2*(F28-1),F28=1,1,F28=0,0)} -> 0 | D28: =IF(応用技!E34="－",0,VLOOKUP(応用技!E34,$M$6:$P$49,3,FALSE()))+IF(応用技!F34="－",0,VLOOKUP(応用技!F34,$M$6:$P$49,3,FALSE()))+IF(応用技!G34="－",0,VLOOKUP(応用技!G34,$M$6:$P$49,3,FALSE()))+IF(応用技!E35="－",0,VLOOKUP(応用技!E35,$M$6:$P$49,3,FALSE()))+IF(応用技!F35="－",0,VLOOKUP(応用技!F35,$M$6:$P$49,3,FALSE()))+IF(応用技!G35="－",0,VLOOKUP(応用技!G35,$M$6:$P$49,3,FALSE())) -> 0 | E28: =COUNTIFS(応用技!E34:G35,"強化*") -> 0 | F28: =COUNTIFS(応用技!E34:G35,"減衰*") -> 0 | M28: 追加【技】 | N28: 2 | O28: 1 | T28: シンクロニティ | U28: 6 | V28: 2 | X28: 追加【技】 | Y28: 2 | Z28: 1 | AD28: 付加効果 | AE28: {=IF(クリーチャー!S34="－",0,VLOOKUP(クリーチャー!S34,$M$6:$P$49,2,FALSE()))+IF(クリーチャー!T34="－",0,VLOOKUP(クリーチャー!T34,M6:$P$49,2,FALSE()))+IF(クリーチャー!U34="－",0,VLOOKUP(クリーチャー!U34,$M$6:$P$49,2,FALSE()))+IF(クリーチャー!S35="－",0,VLOOKUP(クリーチャー!S35,$M$6:$P$49,2,FALSE()))+IF(クリーチャー!T35="－",0,VLOOKUP(クリーチャー!T35,$M$6:$P$49,2,FALSE()))+IF(クリーチャー!U35="－",0,VLOOKUP(クリーチャー!U35,$M$6:$P$49,2,FALSE()))+_xlfn.IFS(AG28>=2,1+2*(AG28-1),AG28=1,1,AG28=0,0)+_xlfn.IFS(AH28>=2,1+2*(AH28-1),AH28=1,1,AH28=0,0)} -> 0 | AF28: =IF(クリーチャー!S34="－",0,VLOOKUP(クリーチャー!S34,$M$6:$P$49,3,FALSE()))+IF(クリーチャー!T34="－",0,VLOOKUP(クリーチャー!T34,$M$6:$P$49,3,FALSE()))+IF(クリーチャー!U34="－",0,VLOOKUP(クリーチャー!U34,$M$6:$P$49,3,FALSE()))+IF(クリーチャー!S35="－",0,VLOOKUP(クリーチャー!S35,$M$6:$P$49,3,FALSE()))+IF(クリーチャー!T35="－",0,VLOOKUP(クリーチャー!T35,$M$6:$P$49,3,FALSE()))+IF(クリーチャー!U35="－",0,VLOOKUP(クリーチャー!U35,$M$6:$P$49,3,FALSE())) -> 0 | AG28: =COUNTIFS(クリーチャー!S34:U35,"強化*") -> 0 | AH28: =COUNTIFS(クリーチャー!S34:U35,"減衰*") -> 0 | AJ28: 付加効果 | AK28: {=IF(クリーチャー_2!S34="－",0,VLOOKUP(クリーチャー_2!S34,$M$6:$P$49,2,FALSE()))+IF(クリーチャー_2!T34="－",0,VLOOKUP(クリーチャー_2!T34,$M$6:$P$49,2,FALSE()))+IF(クリーチャー_2!U34="－",0,VLOOKUP(クリーチャー_2!U34,$M$6:$P$49,2,FALSE()))+IF(クリーチャー_2!S35="－",0,VLOOKUP(クリーチャー_2!S35,$M$6:$P$49,2,FALSE()))+IF(クリーチャー_2!T35="－",0,VLOOKUP(クリーチャー_2!T35,$M$6:$P$49,2,FALSE()))+IF(クリーチャー_2!U35="－",0,VLOOKUP(クリーチャー_2!U35,$M$6:$P$49,2,FALSE()))+_xlfn.IFS(AM28>=2,1+2*(AM28-1),AM28=1,1,AM28=0,0)+_xlfn.IFS(AN28>=2,1+2*(AN28-1),AN28=1,1,AN28=0,0)} -> 0 | AL28: =IF(クリーチャー_2!S34="－",0,VLOOKUP(クリーチャー_2!S34,$M$6:$P$49,3,FALSE()))+IF(クリーチャー_2!T34="－",0,VLOOKUP(クリーチャー_2!T34,$M$6:$P$49,3,FALSE()))+IF(クリーチャー_2!U34="－",0,VLOOKUP(クリーチャー_2!U34,$M$6:$P$49,3,FALSE()))+IF(クリーチャー_2!S35="－",0,VLOOKUP(クリーチャー_2!S35,$M$6:$P$49,3,FALSE()))+IF(クリーチャー_2!T35="－",0,VLOOKUP(クリーチャー_2!T35,$M$6:$P$49,3,FALSE()))+IF(クリーチャー_2!U35="－",0,VLOOKUP(クリーチャー_2!U35,$M$6:$P$49,3,FALSE())) -> 0 | AM28: =COUNTIFS(クリーチャー_2!S34:U35,"強化*") -> 0 | AN28: =COUNTIFS(クリーチャー_2!S34:U35,"減衰*") -> 0 | AP28: 付加効果 | AQ28: {=IF(クリーチャー_3!S34="－",0,VLOOKUP(クリーチャー_3!S34,$M$6:$P$49,2,FALSE()))+IF(クリーチャー_3!T34="－",0,VLOOKUP(クリーチャー_3!T34,M6:$P$49,2,FALSE()))+IF(クリーチャー_3!U34="－",0,VLOOKUP(クリーチャー_3!U34,$M$6:$P$49,2,FALSE()))+IF(クリーチャー_3!S35="－",0,VLOOKUP(クリーチャー_3!S35,$M$6:$P$49,2,FALSE()))+IF(クリーチャー_3!T35="－",0,VLOOKUP(クリーチャー_3!T35,$M$6:$P$49,2,FALSE()))+IF(クリーチャー_3!U35="－",0,VLOOKUP(クリーチャー_3!U35,$M$6:$P$49,2,FALSE()))+_xlfn.IFS(AS28>=2,1+2*(AS28-1),AS28=1,1,AS28=0,0)+_xlfn.IFS(AT28>=2,1+2*(AT28-1),AT28=1,1,AT28=0,0)} -> 0 | AR28: =IF(クリーチャー_3!S34="－",0,VLOOKUP(クリーチャー_3!S34,$M$6:$P$49,3,FALSE()))+IF(クリーチャー_3!T34="－",0,VLOOKUP(クリーチャー_3!T34,$M$6:$P$49,3,FALSE()))+IF(クリーチャー_3!U34="－",0,VLOOKUP(クリーチャー_3!U34,$M$6:$P$49,3,FALSE()))+IF(クリーチャー_3!S35="－",0,VLOOKUP(クリーチャー_3!S35,$M$6:$P$49,3,FALSE()))+IF(クリーチャー_3!T35="－",0,VLOOKUP(クリーチャー_3!T35,$M$6:$P$49,3,FALSE()))+IF(クリーチャー_3!U35="－",0,VLOOKUP(クリーチャー_3!U35,$M$6:$P$49,3,FALSE())) -> 0 | AS28: =COUNTIFS(クリーチャー_3!S34:U35,"強化*") -> 0 | AT28: =COUNTIFS(クリーチャー_3!S34:U35,"減衰*") -> 0
B29: SE | C29: =IF(応用技!H34="－",0,VLOOKUP(応用技!H34,$I$15:$K$27,2,FALSE()))+IF(応用技!I34="－",0,VLOOKUP(応用技!I34,$I$15:$K$27,2,FALSE()))+IF(応用技!J34="－",0,VLOOKUP(応用技!J34,$I$15:$K$27,2,FALSE()))+IF(応用技!H35="－",0,VLOOKUP(応用技!H35,$I$15:$K$27,2,FALSE()))+IF(応用技!I35="－",0,VLOOKUP(応用技!I35,$I$15:$K$27,2,FALSE()))+IF(応用技!J35="－",0,VLOOKUP(応用技!J35,$I$15:$K$27,2,FALSE())) -> 0 | D29: =IF(応用技!H34="－",0,VLOOKUP(応用技!H34,$I$15:$K$27,3,FALSE()))+IF(応用技!I34="－",0,VLOOKUP(応用技!I34,$I$15:$K$27,3,FALSE()))+IF(応用技!J34="－",0,VLOOKUP(応用技!J34,$I$15:$K$27,3,FALSE()))+IF(応用技!H35="－",0,VLOOKUP(応用技!H35,$I$15:$K$27,3,FALSE()))+IF(応用技!I35="－",0,VLOOKUP(応用技!I35,$I$15:$K$27,3,FALSE()))+IF(応用技!J35="－",0,VLOOKUP(応用技!J35,$I$15:$K$27,3,FALSE())) -> 0 | M29: 追加【解】 | N29: 2 | O29: 1 | X29: 追加【解】 | Y29: 2 | Z29: 1 | AD29: SE | AE29: =IF(クリーチャー!V34="－",0,VLOOKUP(クリーチャー!V34,$I$15:$K$27,2,FALSE()))+IF(クリーチャー!W34="－",0,VLOOKUP(クリーチャー!W34,$I$15:$K$27,2,FALSE()))+IF(クリーチャー!X34="－",0,VLOOKUP(クリーチャー!X34,$I$15:$K$27,2,FALSE()))+IF(クリーチャー!V35="－",0,VLOOKUP(クリーチャー!V35,$I$15:$K$27,2,FALSE()))+IF(クリーチャー!W35="－",0,VLOOKUP(クリーチャー!W35,$I$15:$K$27,2,FALSE()))+IF(クリーチャー!X35="－",0,VLOOKUP(クリーチャー!X35,$I$15:$K$27,2,FALSE())) -> 0 | AF29: =IF(クリーチャー!V34="－",0,VLOOKUP(クリーチャー!V34,$I$15:$K$27,3,FALSE()))+IF(クリーチャー!W34="－",0,VLOOKUP(クリーチャー!W34,$I$15:$K$27,3,FALSE()))+IF(クリーチャー!X34="－",0,VLOOKUP(クリーチャー!X34,$I$15:$K$27,3,FALSE()))+IF(クリーチャー!V35="－",0,VLOOKUP(クリーチャー!V35,$I$15:$K$27,3,FALSE()))+IF(クリーチャー!W35="－",0,VLOOKUP(クリーチャー!W35,$I$15:$K$27,3,FALSE()))+IF(クリーチャー!X35="－",0,VLOOKUP(クリーチャー!X35,$I$15:$K$27,3,FALSE())) -> 0 | AJ29: SE | AK29: =IF(クリーチャー_2!V34="－",0,VLOOKUP(クリーチャー_2!V34,$I$15:$K$27,2,FALSE()))+IF(クリーチャー_2!W34="－",0,VLOOKUP(クリーチャー_2!W34,$I$15:$K$27,2,FALSE()))+IF(クリーチャー_2!X34="－",0,VLOOKUP(クリーチャー_2!X34,$I$15:$K$27,2,FALSE()))+IF(クリーチャー_2!V35="－",0,VLOOKUP(クリーチャー_2!V35,$I$15:$K$27,2,FALSE()))+IF(クリーチャー_2!W35="－",0,VLOOKUP(クリーチャー_2!W35,$I$15:$K$27,2,FALSE()))+IF(クリーチャー_2!X35="－",0,VLOOKUP(クリーチャー_2!X35,$I$15:$K$27,2,FALSE())) -> 0 | AL29: =IF(クリーチャー_2!V34="－",0,VLOOKUP(クリーチャー_2!V34,$I$15:$K$27,3,FALSE()))+IF(クリーチャー_2!W34="－",0,VLOOKUP(クリーチャー_2!W34,$I$15:$K$27,3,FALSE()))+IF(クリーチャー_2!X34="－",0,VLOOKUP(クリーチャー_2!X34,$I$15:$K$27,3,FALSE()))+IF(クリーチャー_2!V35="－",0,VLOOKUP(クリーチャー_2!V35,$I$15:$K$27,3,FALSE()))+IF(クリーチャー_2!W35="－",0,VLOOKUP(クリーチャー_2!W35,$I$15:$K$27,3,FALSE()))+IF(クリーチャー_2!X35="－",0,VLOOKUP(クリーチャー_2!X35,$I$15:$K$27,3,FALSE())) -> 0 | AP29: SE | AQ29: =IF(クリーチャー_3!V34="－",0,VLOOKUP(クリーチャー_3!V34,$I$15:$K$27,2,FALSE()))+IF(クリーチャー_3!W34="－",0,VLOOKUP(クリーチャー_3!W34,$I$15:$K$27,2,FALSE()))+IF(クリーチャー_3!X34="－",0,VLOOKUP(クリーチャー_3!X34,$I$15:$K$27,2,FALSE()))+IF(クリーチャー_3!V35="－",0,VLOOKUP(クリーチャー_3!V35,$I$15:$K$27,2,FALSE()))+IF(クリーチャー_3!W35="－",0,VLOOKUP(クリーチャー_3!W35,$I$15:$K$27,2,FALSE()))+IF(クリーチャー_3!X35="－",0,VLOOKUP(クリーチャー_3!X35,$I$15:$K$27,2,FALSE())) -> 0 | AR29: =IF(クリーチャー_3!V34="－",0,VLOOKUP(クリーチャー_3!V34,$I$15:$K$27,3,FALSE()))+IF(クリーチャー_3!W34="－",0,VLOOKUP(クリーチャー_3!W34,$I$15:$K$27,3,FALSE()))+IF(クリーチャー_3!X34="－",0,VLOOKUP(クリーチャー_3!X34,$I$15:$K$27,3,FALSE()))+IF(クリーチャー_3!V35="－",0,VLOOKUP(クリーチャー_3!V35,$I$15:$K$27,3,FALSE()))+IF(クリーチャー_3!W35="－",0,VLOOKUP(クリーチャー_3!W35,$I$15:$K$27,3,FALSE()))+IF(クリーチャー_3!X35="－",0,VLOOKUP(クリーチャー_3!X35,$I$15:$K$27,3,FALSE())) -> 0
B30: 合計 | C30: {=_xlfn.IFS(COUNTIF(応用技!E34:G35,"創造")>=1,SUM(C27:C29)+1&"～"&SUM(C27:C29)+10,COUNTIF(応用技!E34:G35,"限定*")>=1,"※",COUNTIF(応用技!E34:G35,"影響無効")>=1,"※",TRUE(),SUM(C27:C29))} -> 0 | D30: =SUM(D27:D29) -> 0 | M30: 混乱 | N30: 2 | O30: 1 | X30: 混乱 | Y30: 2 | Z30: 1 | AD30: 合計 | AE30: {=_xlfn.IFS(COUNTIF(クリーチャー!S34:U35,"創造")>=1,SUM(AE27:AE29)+1&"～"&SUM(AE27:AE29)+10,COUNTIF(クリーチャー!S34:U35,"限定*")>=1,"※",COUNTIF(クリーチャー!S34:U35,"影響無効")>=1,"※",TRUE(),SUM(AE27:AE29))} -> 0 | AF30: =SUM(AF27:AF29) -> 0 | AJ30: 合計 | AK30: {=_xlfn.IFS(COUNTIF(クリーチャー_2!S34:U35,"創造")>=1,SUM(AK27:AK29)+1&"～"&SUM(AK27:AK29)+10,COUNTIF(クリーチャー_2!S34:U35,"限定*")>=1,"※",COUNTIF(クリーチャー_2!S34:U35,"影響無効")>=1,"※",TRUE(),SUM(AK27:AK29))} -> 0 | AL30: =SUM(AL27:AL29) -> 0 | AP30: 合計 | AQ30: {=_xlfn.IFS(COUNTIF(クリーチャー_3!S34:U35,"創造")>=1,SUM(AQ27:AQ29)+1&"～"&SUM(AQ27:AQ29)+10,COUNTIF(クリーチャー_3!S34:U35,"限定*")>=1,"※",COUNTIF(クリーチャー_3!S34:U35,"影響無効")>=1,"※",TRUE(),SUM(AQ27:AQ29))} -> 0 | AR30: =SUM(AR27:AR29) -> 0
M31: 複製 | N31: 3 | O31: 1 | X31: 複製 | Y31: 3 | Z31: 1
B32: 技3（蟹） | C32: 消費 | D32: スペック | E32: 強化変数 | F32: 減衰変数 | M32: 制止 | N32: 3 | O32: 1 | X32: 制止 | Y32: 3 | Z32: 1 | AD32: 技3（蟹） | AE32: 消費 | AF32: スペック | AG32: 強化変数 | AH32: 減衰変数 | AJ32: 技3（蟹） | AK32: 消費 | AL32: スペック | AM32: 強化変数 | AN32: 減衰変数 | AP32: 技3（蟹） | AQ32: 消費 | AR32: スペック | AS32: 強化変数 | AT32: 減衰変数
B33: 発動系統 | C33: =IF(応用技!B34="－",0,VLOOKUP(応用技!B34,計算用!$T$6:$V$11,2,FALSE()))+IF(応用技!C34="－",0,VLOOKUP(応用技!C34,計算用!$T$6:$V$11,2,FALSE()))+IF(応用技!D34="－",0,VLOOKUP(応用技!D34,計算用!$T$6:$V$11,2,FALSE()))+COUNTIF(応用技!B34:D34,"防御発動")^2 -> 0 | D33: =IF(D34<0,0,IF(応用技!B34="－",0,VLOOKUP(応用技!B34,$I$6:$K$11,3,FALSE()))+IF(応用技!C34="－",0,VLOOKUP(応用技!C34,$I$6:$K$11,3,FALSE()))+IF(応用技!D34="－",0,VLOOKUP(応用技!D34,$I$6:$K$11,3,FALSE()))) -> 0 | M33: 継続 | N33: 3 | O33: 1 | X33: 継続 | Y33: 3 | Z33: 1 | AD33: 発動系統 | AE33: =IF(クリーチャー!P34="－",0,VLOOKUP(クリーチャー!P34,計算用!$T$6:$V$11,2,FALSE()))+IF(クリーチャー!Q34="－",0,VLOOKUP(クリーチャー!Q34,計算用!$T$6:$V$11,2,FALSE()))+IF(クリーチャー!R34="－",0,VLOOKUP(クリーチャー!R34,計算用!$T$6:$V$11,2,FALSE()))+COUNTIF(クリーチャー!P34:R34,"防御発動")^2 -> 0 | AF33: =IF(AF34<0,0,IF(クリーチャー!P34="－",0,VLOOKUP(クリーチャー!P34,$I$6:$K$11,3,FALSE()))+IF(クリーチャー!Q34="－",0,VLOOKUP(クリーチャー!Q34,$I$6:$K$11,3,FALSE()))+IF(クリーチャー!R34="－",0,VLOOKUP(クリーチャー!R34,$I$6:$K$11,3,FALSE()))) -> 0 | AJ33: 発動系統 | AK33: =IF(クリーチャー_2!P34="－",0,VLOOKUP(クリーチャー_2!P34,計算用!$T$6:$V$11,2,FALSE()))+IF(クリーチャー_2!Q34="－",0,VLOOKUP(クリーチャー_2!Q34,計算用!$T$6:$V$11,2,FALSE()))+IF(クリーチャー_2!R34="－",0,VLOOKUP(クリーチャー_2!R34,計算用!$T$6:$V$11,2,FALSE()))+COUNTIF(クリーチャー_2!P34:R34,"防御発動")^2 -> 0 | AL33: =IF(AL34<0,0,IF(クリーチャー_2!P34="－",0,VLOOKUP(クリーチャー_2!P34,$I$6:$K$11,3,FALSE()))+IF(クリーチャー_2!Q34="－",0,VLOOKUP(クリーチャー_2!Q34,$I$6:$K$11,3,FALSE()))+IF(クリーチャー_2!R34="－",0,VLOOKUP(クリーチャー_2!R34,$I$6:$K$11,3,FALSE()))) -> 0 | AP33: 発動系統 | AQ33: =IF(クリーチャー_3!P34="－",0,VLOOKUP(クリーチャー_3!P34,計算用!$T$6:$V$11,2,FALSE()))+IF(クリーチャー_3!Q34="－",0,VLOOKUP(クリーチャー_3!Q34,計算用!$T$6:$V$11,2,FALSE()))+IF(クリーチャー_3!R34="－",0,VLOOKUP(クリーチャー_3!R34,計算用!$T$6:$V$11,2,FALSE()))+COUNTIF(クリーチャー_3!P34:R34,"防御発動")^2 -> 0 | AR33: =IF(AR34<0,0,IF(クリーチャー_3!P34="－",0,VLOOKUP(クリーチャー_3!P34,$I$6:$K$11,3,FALSE()))+IF(クリーチャー_3!Q34="－",0,VLOOKUP(クリーチャー_3!Q34,$I$6:$K$11,3,FALSE()))+IF(クリーチャー_3!R34="－",0,VLOOKUP(クリーチャー_3!R34,$I$6:$K$11,3,FALSE()))) -> 0
B34: 付加効果 | C34: {=IF(応用技!E34="－",0,VLOOKUP(応用技!E34,$X$6:$AA$68,2,FALSE()))+IF(応用技!F34="－",0,VLOOKUP(応用技!F34,X6:$AA$68,2,FALSE()))+IF(応用技!G34="－",0,VLOOKUP(応用技!G34,$X$6:$AA$68,2,FALSE()))+IF(応用技!E35="－",0,VLOOKUP(応用技!E35,$X$6:$AA$68,2,FALSE()))+IF(応用技!F35="－",0,VLOOKUP(応用技!F35,$X$6:$AA$68,2,FALSE()))+IF(応用技!G35="－",0,VLOOKUP(応用技!G35,$X$6:$AA$68,2,FALSE()))+_xlfn.IFS(E34>=2,1+2*(E34-1),E34=1,1,E34=0,0)+_xlfn.IFS(F34>=2,1+2*(F34-1),F34=1,1,F34=0,0)} -> 0 | D34: =IF(応用技!E34="－",0,VLOOKUP(応用技!E34,$X$6:$AA$68,3,FALSE()))+IF(応用技!F34="－",0,VLOOKUP(応用技!F34,$X$6:$AA$68,3,FALSE()))+IF(応用技!G34="－",0,VLOOKUP(応用技!G34,$X$6:$AA$68,3,FALSE()))+IF(応用技!E35="－",0,VLOOKUP(応用技!E35,$X$6:$AA$68,3,FALSE()))+IF(応用技!F35="－",0,VLOOKUP(応用技!F35,$X$6:$AA$68,3,FALSE()))+IF(応用技!G35="－",0,VLOOKUP(応用技!G35,$X$6:$AA$68,3,FALSE())) -> 0 | E34: =COUNTIFS(応用技!E34:G35,"強化*") -> 0 | F34: =COUNTIFS(応用技!E34:G35,"減衰*")+COUNTIFS(応用技!E34:G35,"瞬減*") -> 0 | M34: 操作 | N34: 3 | O34: 2 | X34: 操作 | Y34: 3 | Z34: 2 | AD34: 付加効果 | AE34: {=IF(クリーチャー!S34="－",0,VLOOKUP(クリーチャー!S34,$X$6:$AA$68,2,FALSE()))+IF(クリーチャー!T34="－",0,VLOOKUP(クリーチャー!T34,X6:$AA$68,2,FALSE()))+IF(クリーチャー!U34="－",0,VLOOKUP(クリーチャー!U34,$X$6:$AA$68,2,FALSE()))+IF(クリーチャー!S35="－",0,VLOOKUP(クリーチャー!S35,$X$6:$AA$68,2,FALSE()))+IF(クリーチャー!T35="－",0,VLOOKUP(クリーチャー!T35,$X$6:$AA$68,2,FALSE()))+IF(クリーチャー!U35="－",0,VLOOKUP(クリーチャー!U35,$X$6:$AA$68,2,FALSE()))+_xlfn.IFS(AG34>=2,1+2*(AG34-1),AG34=1,1,AG34=0,0)+_xlfn.IFS(AH34>=2,1+2*(AH34-1),AH34=1,1,AH34=0,0)} -> 0 | AF34: =IF(クリーチャー!S34="－",0,VLOOKUP(クリーチャー!S34,$X$6:$AA$68,3,FALSE()))+IF(クリーチャー!T34="－",0,VLOOKUP(クリーチャー!T34,$X$6:$AA$68,3,FALSE()))+IF(クリーチャー!U34="－",0,VLOOKUP(クリーチャー!U34,$X$6:$AA$68,3,FALSE()))+IF(クリーチャー!S35="－",0,VLOOKUP(クリーチャー!S35,$X$6:$AA$68,3,FALSE()))+IF(クリーチャー!T35="－",0,VLOOKUP(クリーチャー!T35,$X$6:$AA$68,3,FALSE()))+IF(クリーチャー!U35="－",0,VLOOKUP(クリーチャー!U35,$X$6:$AA$68,3,FALSE())) -> 0 | AG34: =COUNTIFS(クリーチャー!S34:U35,"強化*") -> 0 | AH34: =COUNTIFS(クリーチャー!S34:U35,"減衰*") -> 0 | AJ34: 付加効果 | AK34: {=IF(クリーチャー_2!S34="－",0,VLOOKUP(クリーチャー_2!S34,$X$6:$AA$68,2,FALSE()))+IF(クリーチャー_2!T34="－",0,VLOOKUP(クリーチャー_2!T34,X6:$AA$68,2,FALSE()))+IF(クリーチャー_2!U34="－",0,VLOOKUP(クリーチャー_2!U34,$X$6:$AA$68,2,FALSE()))+IF(クリーチャー_2!S35="－",0,VLOOKUP(クリーチャー_2!S35,$X$6:$AA$68,2,FALSE()))+IF(クリーチャー_2!T35="－",0,VLOOKUP(クリーチャー_2!T35,$X$6:$AA$68,2,FALSE()))+IF(クリーチャー_2!U35="－",0,VLOOKUP(クリーチャー_2!U35,$X$6:$AA$68,2,FALSE()))+_xlfn.IFS(AM34>=2,1+2*(AM34-1),AM34=1,1,AM34=0,0)+_xlfn.IFS(AN34>=2,1+2*(AN34-1),AN34=1,1,AN34=0,0)} -> 0 | AL34: =IF(クリーチャー_2!S34="－",0,VLOOKUP(クリーチャー_2!S34,$X$6:$AA$68,3,FALSE()))+IF(クリーチャー_2!T34="－",0,VLOOKUP(クリーチャー_2!T34,$X$6:$AA$68,3,FALSE()))+IF(クリーチャー_2!U34="－",0,VLOOKUP(クリーチャー_2!U34,$X$6:$AA$68,3,FALSE()))+IF(クリーチャー_2!S35="－",0,VLOOKUP(クリーチャー_2!S35,$X$6:$AA$68,3,FALSE()))+IF(クリーチャー_2!T35="－",0,VLOOKUP(クリーチャー_2!T35,$X$6:$AA$68,3,FALSE()))+IF(クリーチャー_2!U35="－",0,VLOOKUP(クリーチャー_2!U35,$X$6:$AA$68,3,FALSE())) -> 0 | AM34: =COUNTIFS(クリーチャー_2!S34:U35,"強化*") -> 0 | AN34: =COUNTIFS(クリーチャー_2!S34:U35,"減衰*") -> 0 | AP34: 付加効果 | AQ34: {=IF(クリーチャー_3!S34="－",0,VLOOKUP(クリーチャー_3!S34,$X$6:$AA$68,2,FALSE()))+IF(クリーチャー_3!T34="－",0,VLOOKUP(クリーチャー_3!T34,X6:$AA$68,2,FALSE()))+IF(クリーチャー_3!U34="－",0,VLOOKUP(クリーチャー_3!U34,$X$6:$AA$68,2,FALSE()))+IF(クリーチャー_3!S35="－",0,VLOOKUP(クリーチャー_3!S35,$X$6:$AA$68,2,FALSE()))+IF(クリーチャー_3!T35="－",0,VLOOKUP(クリーチャー_3!T35,$X$6:$AA$68,2,FALSE()))+IF(クリーチャー_3!U35="－",0,VLOOKUP(クリーチャー_3!U35,$X$6:$AA$68,2,FALSE()))+_xlfn.IFS(AS34>=2,1+2*(AS34-1),AS34=1,1,AS34=0,0)+_xlfn.IFS(AT34>=2,1+2*(AT34-1),AT34=1,1,AT34=0,0)} -> 0 | AR34: =IF(クリーチャー_3!S34="－",0,VLOOKUP(クリーチャー_3!S34,$X$6:$AA$68,3,FALSE()))+IF(クリーチャー_3!T34="－",0,VLOOKUP(クリーチャー_3!T34,$X$6:$AA$68,3,FALSE()))+IF(クリーチャー_3!U34="－",0,VLOOKUP(クリーチャー_3!U34,$X$6:$AA$68,3,FALSE()))+IF(クリーチャー_3!S35="－",0,VLOOKUP(クリーチャー_3!S35,$X$6:$AA$68,3,FALSE()))+IF(クリーチャー_3!T35="－",0,VLOOKUP(クリーチャー_3!T35,$X$6:$AA$68,3,FALSE()))+IF(クリーチャー_3!U35="－",0,VLOOKUP(クリーチャー_3!U35,$X$6:$AA$68,3,FALSE())) -> 0 | AS34: =COUNTIFS(クリーチャー_3!S34:U35,"強化*") -> 0 | AT34: =COUNTIFS(クリーチャー_3!S34:U35,"減衰*") -> 0
B35: SE | C35: =IF(応用技!H34="－",0,VLOOKUP(応用技!H34,$T$15:$V$28,2,FALSE()))+IF(応用技!I34="－",0,VLOOKUP(応用技!I34,$T$15:$V$28,2,FALSE()))+IF(応用技!J34="－",0,VLOOKUP(応用技!J34,$T$15:$V$28,2,FALSE()))+IF(応用技!H35="－",0,VLOOKUP(応用技!H35,$T$15:$V$28,2,FALSE()))+IF(応用技!I35="－",0,VLOOKUP(応用技!I35,$T$15:$V$28,2,FALSE()))+IF(応用技!J35="－",0,VLOOKUP(応用技!J35,$T$15:$V$28,2,FALSE())) -> 0 | D35: =IF(応用技!H34="－",0,VLOOKUP(応用技!H34,$T$15:$V$28,3,FALSE()))+IF(応用技!I34="－",0,VLOOKUP(応用技!I34,$T$15:$V$28,3,FALSE()))+IF(応用技!J34="－",0,VLOOKUP(応用技!J34,$T$15:$V$28,3,FALSE()))+IF(応用技!H35="－",0,VLOOKUP(応用技!H35,$T$15:$V$28,3,FALSE()))+IF(応用技!I35="－",0,VLOOKUP(応用技!I35,$T$15:$V$28,3,FALSE()))+IF(応用技!J35="－",0,VLOOKUP(応用技!J35,$T$15:$V$28,3,FALSE())) -> 0 | M35: 創造 | N35: 0 | O35: 1 | P35: 創造系 | X35: 創造 | Y35: 0 | Z35: 1 | AA35: 創造系 | AD35: SE | AE35: =IF(クリーチャー!V34="－",0,VLOOKUP(クリーチャー!V34,$T$15:$V$28,2,FALSE()))+IF(クリーチャー!W34="－",0,VLOOKUP(クリーチャー!W34,$T$15:$V$28,2,FALSE()))+IF(クリーチャー!X34="－",0,VLOOKUP(クリーチャー!X34,$T$15:$V$28,2,FALSE()))+IF(クリーチャー!V35="－",0,VLOOKUP(クリーチャー!V35,$T$15:$V$28,2,FALSE()))+IF(クリーチャー!W35="－",0,VLOOKUP(クリーチャー!W35,$T$15:$V$28,2,FALSE()))+IF(クリーチャー!X35="－",0,VLOOKUP(クリーチャー!X35,$T$15:$V$28,2,FALSE())) -> 0 | AF35: =IF(クリーチャー!V34="－",0,VLOOKUP(クリーチャー!V34,$T$15:$V$28,3,FALSE()))+IF(クリーチャー!W34="－",0,VLOOKUP(クリーチャー!W34,$T$15:$V$28,3,FALSE()))+IF(クリーチャー!X34="－",0,VLOOKUP(クリーチャー!X34,$T$15:$V$28,3,FALSE()))+IF(クリーチャー!V35="－",0,VLOOKUP(クリーチャー!V35,$T$15:$V$28,3,FALSE()))+IF(クリーチャー!W35="－",0,VLOOKUP(クリーチャー!W35,$T$15:$V$28,3,FALSE()))+IF(クリーチャー!X35="－",0,VLOOKUP(クリーチャー!X35,$T$15:$V$28,3,FALSE())) -> 0 | AJ35: SE | AK35: =IF(クリーチャー_2!V34="－",0,VLOOKUP(クリーチャー_2!V34,$T$15:$V$28,2,FALSE()))+IF(クリーチャー_2!W34="－",0,VLOOKUP(クリーチャー_2!W34,$T$15:$V$28,2,FALSE()))+IF(クリーチャー_2!X34="－",0,VLOOKUP(クリーチャー_2!X34,$T$15:$V$28,2,FALSE()))+IF(クリーチャー_2!V35="－",0,VLOOKUP(クリーチャー_2!V35,$T$15:$V$28,2,FALSE()))+IF(クリーチャー_2!W35="－",0,VLOOKUP(クリーチャー_2!W35,$T$15:$V$28,2,FALSE()))+IF(クリーチャー_2!X35="－",0,VLOOKUP(クリーチャー_2!X35,$T$15:$V$28,2,FALSE())) -> 0 | AL35: =IF(クリーチャー_2!V34="－",0,VLOOKUP(クリーチャー_2!V34,$T$15:$V$28,3,FALSE()))+IF(クリーチャー_2!W34="－",0,VLOOKUP(クリーチャー_2!W34,$T$15:$V$28,3,FALSE()))+IF(クリーチャー_2!X34="－",0,VLOOKUP(クリーチャー_2!X34,$T$15:$V$28,3,FALSE()))+IF(クリーチャー_2!V35="－",0,VLOOKUP(クリーチャー_2!V35,$T$15:$V$28,3,FALSE()))+IF(クリーチャー_2!W35="－",0,VLOOKUP(クリーチャー_2!W35,$T$15:$V$28,3,FALSE()))+IF(クリーチャー_2!X35="－",0,VLOOKUP(クリーチャー_2!X35,$T$15:$V$28,3,FALSE())) -> 0 | AP35: SE | AQ35: =IF(クリーチャー_3!V34="－",0,VLOOKUP(クリーチャー_3!V34,$T$15:$V$28,2,FALSE()))+IF(クリーチャー_3!W34="－",0,VLOOKUP(クリーチャー_3!W34,$T$15:$V$28,2,FALSE()))+IF(クリーチャー_3!X34="－",0,VLOOKUP(クリーチャー_3!X34,$T$15:$V$28,2,FALSE()))+IF(クリーチャー_3!V35="－",0,VLOOKUP(クリーチャー_3!V35,$T$15:$V$28,2,FALSE()))+IF(クリーチャー_3!W35="－",0,VLOOKUP(クリーチャー_3!W35,$T$15:$V$28,2,FALSE()))+IF(クリーチャー_3!X35="－",0,VLOOKUP(クリーチャー_3!X35,$T$15:$V$28,2,FALSE())) -> 0 | AR35: =IF(クリーチャー_3!V34="－",0,VLOOKUP(クリーチャー_3!V34,$T$15:$V$28,3,FALSE()))+IF(クリーチャー_3!W34="－",0,VLOOKUP(クリーチャー_3!W34,$T$15:$V$28,3,FALSE()))+IF(クリーチャー_3!X34="－",0,VLOOKUP(クリーチャー_3!X34,$T$15:$V$28,3,FALSE()))+IF(クリーチャー_3!V35="－",0,VLOOKUP(クリーチャー_3!V35,$T$15:$V$28,3,FALSE()))+IF(クリーチャー_3!W35="－",0,VLOOKUP(クリーチャー_3!W35,$T$15:$V$28,3,FALSE()))+IF(クリーチャー_3!X35="－",0,VLOOKUP(クリーチャー_3!X35,$T$15:$V$28,3,FALSE())) -> 0
B36: 合計 | C36: {=_xlfn.IFS(COUNTIF(応用技!E34:G35,"創造")>=1,SUM(C33:C35)+1&"～"&SUM(C33:C35)+10,COUNTIF(応用技!E34:G35,"限定*")>=1,"※",COUNTIF(応用技!E34:G35,"影響無効")>=1,"※",TRUE(),SUM(C33:C35))} -> 0 | D36: =SUM(D33:D35) -> 0 | M36: 性質【威力】 | N36: 0 | O36: -1 | X36: 性質【増強】 | Y36: 0 | Z36: -1 | AD36: 合計 | AE36: {=_xlfn.IFS(COUNTIF(クリーチャー!S34:U35,"創造")>=1,SUM(AE33:AE35)+1&"～"&SUM(AE33:AE35)+10,COUNTIF(クリーチャー!S34:U35,"限定*")>=1,"※",COUNTIF(クリーチャー!S34:U35,"影響無効")>=1,"※",TRUE(),SUM(AE33:AE35))} -> 0 | AF36: =SUM(AF33:AF35) -> 0 | AJ36: 合計 | AK36: {=_xlfn.IFS(COUNTIF(クリーチャー_2!S34:U35,"創造")>=1,SUM(AK33:AK35)+1&"～"&SUM(AK33:AK35)+10,COUNTIF(クリーチャー_2!S34:U35,"限定*")>=1,"※",COUNTIF(クリーチャー_2!S34:U35,"影響無効")>=1,"※",TRUE(),SUM(AK33:AK35))} -> 0 | AL36: =SUM(AL33:AL35) -> 0 | AP36: 合計 | AQ36: {=_xlfn.IFS(COUNTIF(クリーチャー_3!S34:U35,"創造")>=1,SUM(AQ33:AQ35)+1&"～"&SUM(AQ33:AQ35)+10,COUNTIF(クリーチャー_3!S34:U35,"限定*")>=1,"※",COUNTIF(クリーチャー_3!S34:U35,"影響無効")>=1,"※",TRUE(),SUM(AQ33:AQ35))} -> 0 | AR36: =SUM(AR33:AR35) -> 0
M37: 性質【反応】 | N37: 0 | O37: -1 | X37: 性質【反応】 | Y37: 0 | Z37: -1
B38: 技4 | C38: 消費 | D38: スペック | E38: 強化変数 | F38: 減衰変数 | M38: 性質【耐性】 | N38: 0 | O38: -1 | X38: - | Y38: 0 | Z38: 0 | AD38: 技4 | AE38: 消費 | AF38: スペック | AG38: 強化変数 | AH38: 減衰変数 | AJ38: 技4 | AK38: 消費 | AL38: スペック | AM38: 強化変数 | AN38: 減衰変数 | AP38: 技4 | AQ38: 消費 | AR38: スペック | AS38: 強化変数 | AT38: 減衰変数
B39: 発動系統 | C39: =IF(応用技!B45="－",0,VLOOKUP(応用技!B45,計算用!$I$6:$K$11,2,FALSE()))+IF(応用技!C45="－",0,VLOOKUP(応用技!C45,計算用!$I$6:$K$11,2,FALSE()))+IF(応用技!D45="－",0,VLOOKUP(応用技!D45,計算用!$I$6:$K$11,2,FALSE()))+COUNTIF(応用技!B45:D45,"防御発動")^2 -> 0 | D39: =IF(D40<0,0,IF(応用技!B45="－",0,VLOOKUP(応用技!B45,$I$6:$K$11,3,FALSE()))+IF(応用技!C45="－",0,VLOOKUP(応用技!C45,$I$6:$K$11,3,FALSE()))+IF(応用技!D45="－",0,VLOOKUP(応用技!D45,$I$6:$K$11,3,FALSE()))) -> 0 | M39: 性質【感覚】 | N39: 0 | O39: -1 | X39: 性質【感覚】 | Y39: 0 | Z39: -1 | AD39: 発動系統 | AE39: =IF(クリーチャー!P45="－",0,VLOOKUP(クリーチャー!P45,計算用!$I$6:$K$11,2,FALSE()))+IF(クリーチャー!Q45="－",0,VLOOKUP(クリーチャー!Q45,計算用!$I$6:$K$11,2,FALSE()))+IF(クリーチャー!R45="－",0,VLOOKUP(クリーチャー!R45,計算用!$I$6:$K$11,2,FALSE()))+COUNTIF(クリーチャー!P45:R45,"防御発動")^2 -> 0 | AF39: =IF(AF40<0,0,IF(クリーチャー!P45="－",0,VLOOKUP(クリーチャー!P45,$I$6:$K$11,3,FALSE()))+IF(クリーチャー!Q45="－",0,VLOOKUP(クリーチャー!Q45,$I$6:$K$11,3,FALSE()))+IF(クリーチャー!R45="－",0,VLOOKUP(クリーチャー!R45,$I$6:$K$11,3,FALSE()))) -> 0 | AJ39: 発動系統 | AK39: =IF(クリーチャー_2!P45="－",0,VLOOKUP(クリーチャー_2!P45,計算用!$I$6:$K$11,2,FALSE()))+IF(クリーチャー_2!Q45="－",0,VLOOKUP(クリーチャー_2!Q45,計算用!$I$6:$K$11,2,FALSE()))+IF(クリーチャー_2!R45="－",0,VLOOKUP(クリーチャー_2!R45,計算用!$I$6:$K$11,2,FALSE()))+COUNTIF(クリーチャー_2!P45:R45,"防御発動")^2 -> 0 | AL39: =IF(AL40<0,0,IF(クリーチャー_2!P45="－",0,VLOOKUP(クリーチャー_2!P45,$I$6:$K$11,3,FALSE()))+IF(クリーチャー_2!Q45="－",0,VLOOKUP(クリーチャー_2!Q45,$I$6:$K$11,3,FALSE()))+IF(クリーチャー_2!R45="－",0,VLOOKUP(クリーチャー_2!R45,$I$6:$K$11,3,FALSE()))) -> 0 | AP39: 発動系統 | AQ39: =IF(クリーチャー_3!P45="－",0,VLOOKUP(クリーチャー_3!P45,計算用!$I$6:$K$11,2,FALSE()))+IF(クリーチャー_3!Q45="－",0,VLOOKUP(クリーチャー_3!Q45,計算用!$I$6:$K$11,2,FALSE()))+IF(クリーチャー_3!R45="－",0,VLOOKUP(クリーチャー_3!R45,計算用!$I$6:$K$11,2,FALSE()))+COUNTIF(クリーチャー_3!P45:R45,"防御発動")^2 -> 0 | AR39: =IF(AR40<0,0,IF(クリーチャー_3!P45="－",0,VLOOKUP(クリーチャー_3!P45,$I$6:$K$11,3,FALSE()))+IF(クリーチャー_3!Q45="－",0,VLOOKUP(クリーチャー_3!Q45,$I$6:$K$11,3,FALSE()))+IF(クリーチャー_3!R45="－",0,VLOOKUP(クリーチャー_3!R45,$I$6:$K$11,3,FALSE()))) -> 0
B40: 付加効果 | C40: {=IF(応用技!E45="－",0,VLOOKUP(応用技!E45,$M$6:$P$49,2,FALSE()))+IF(応用技!F45="－",0,VLOOKUP(応用技!F45,M6:$P$49,2,FALSE()))+IF(応用技!G45="－",0,VLOOKUP(応用技!G45,$M$6:$P$49,2,FALSE()))+IF(応用技!E46="－",0,VLOOKUP(応用技!E46,$M$6:$P$49,2,FALSE()))+IF(応用技!F46="－",0,VLOOKUP(応用技!F46,$M$6:$P$49,2,FALSE()))+IF(応用技!G46="－",0,VLOOKUP(応用技!G46,$M$6:$P$49,2,FALSE()))+_xlfn.IFS(E40>=2,1+2*(E40-1),E40=1,1,E40=0,0)+_xlfn.IFS(F40>=2,1+2*(F40-1),F40=1,1,F40=0,0)} -> 0 | D40: =IF(応用技!E45="－",0,VLOOKUP(応用技!E45,$M$6:$P$49,3,FALSE()))+IF(応用技!F45="－",0,VLOOKUP(応用技!F45,$M$6:$P$49,3,FALSE()))+IF(応用技!G45="－",0,VLOOKUP(応用技!G45,$M$6:$P$49,3,FALSE()))+IF(応用技!E46="－",0,VLOOKUP(応用技!E46,$M$6:$P$49,3,FALSE()))+IF(応用技!F46="－",0,VLOOKUP(応用技!F46,$M$6:$P$49,3,FALSE()))+IF(応用技!G46="－",0,VLOOKUP(応用技!G46,$M$6:$P$49,3,FALSE())) -> 0 | E40: =COUNTIFS(応用技!E45:G46,"強化*") -> 0 | F40: =COUNTIFS(応用技!E45:G46,"減衰*") -> 0 | M40: 性質【幸運】 | N40: 0 | O40: -1 | X40: 性質【幸運】 | Y40: 0 | Z40: -1 | AD40: 付加効果 | AE40: {=IF(クリーチャー!S45="－",0,VLOOKUP(クリーチャー!S45,$M$6:$P$49,2,FALSE()))+IF(クリーチャー!T45="－",0,VLOOKUP(クリーチャー!T45,M6:$P$49,2,FALSE()))+IF(クリーチャー!U45="－",0,VLOOKUP(クリーチャー!U45,$M$6:$P$49,2,FALSE()))+IF(クリーチャー!S46="－",0,VLOOKUP(クリーチャー!S46,$M$6:$P$49,2,FALSE()))+IF(クリーチャー!T46="－",0,VLOOKUP(クリーチャー!T46,$M$6:$P$49,2,FALSE()))+IF(クリーチャー!U46="－",0,VLOOKUP(クリーチャー!U46,$M$6:$P$49,2,FALSE()))+_xlfn.IFS(AG40>=2,1+2*(AG40-1),AG40=1,1,AG40=0,0)+_xlfn.IFS(AH40>=2,1+2*(AH40-1),AH40=1,1,AH40=0,0)} -> 0 | AF40: =IF(クリーチャー!S45="－",0,VLOOKUP(クリーチャー!S45,$M$6:$P$49,3,FALSE()))+IF(クリーチャー!T45="－",0,VLOOKUP(クリーチャー!T45,$M$6:$P$49,3,FALSE()))+IF(クリーチャー!U45="－",0,VLOOKUP(クリーチャー!U45,$M$6:$P$49,3,FALSE()))+IF(クリーチャー!S46="－",0,VLOOKUP(クリーチャー!S46,$M$6:$P$49,3,FALSE()))+IF(クリーチャー!T46="－",0,VLOOKUP(クリーチャー!T46,$M$6:$P$49,3,FALSE()))+IF(クリーチャー!U46="－",0,VLOOKUP(クリーチャー!U46,$M$6:$P$49,3,FALSE())) -> 0 | AG40: =COUNTIFS(クリーチャー!S45:U46,"強化*") -> 0 | AH40: =COUNTIFS(クリーチャー!S45:U46,"減衰*") -> 0 | AJ40: 付加効果 | AK40: {=IF(クリーチャー_2!S45="－",0,VLOOKUP(クリーチャー_2!S45,$M$6:$P$49,2,FALSE()))+IF(クリーチャー_2!T45="－",0,VLOOKUP(クリーチャー_2!T45,$M$6:$P$49,2,FALSE()))+IF(クリーチャー_2!U45="－",0,VLOOKUP(クリーチャー_2!U45,$M$6:$P$49,2,FALSE()))+IF(クリーチャー_2!S46="－",0,VLOOKUP(クリーチャー_2!S46,$M$6:$P$49,2,FALSE()))+IF(クリーチャー_2!T46="－",0,VLOOKUP(クリーチャー_2!T46,$M$6:$P$49,2,FALSE()))+IF(クリーチャー_2!U46="－",0,VLOOKUP(クリーチャー_2!U46,$M$6:$P$49,2,FALSE()))+_xlfn.IFS(AM40>=2,1+2*(AM40-1),AM40=1,1,AM40=0,0)+_xlfn.IFS(AN40>=2,1+2*(AN40-1),AN40=1,1,AN40=0,0)} -> 0 | AL40: =IF(クリーチャー_2!S45="－",0,VLOOKUP(クリーチャー_2!S45,$M$6:$P$49,3,FALSE()))+IF(クリーチャー_2!T45="－",0,VLOOKUP(クリーチャー_2!T45,$M$6:$P$49,3,FALSE()))+IF(クリーチャー_2!U45="－",0,VLOOKUP(クリーチャー_2!U45,$M$6:$P$49,3,FALSE()))+IF(クリーチャー_2!S46="－",0,VLOOKUP(クリーチャー_2!S46,$M$6:$P$49,3,FALSE()))+IF(クリーチャー_2!T46="－",0,VLOOKUP(クリーチャー_2!T46,$M$6:$P$49,3,FALSE()))+IF(クリーチャー_2!U46="－",0,VLOOKUP(クリーチャー_2!U46,$M$6:$P$49,3,FALSE())) -> 0 | AM40: =COUNTIFS(クリーチャー_2!S45:U46,"強化*") -> 0 | AN40: =COUNTIFS(クリーチャー_2!S45:U46,"減衰*") -> 0 | AP40: 付加効果 | AQ40: {=IF(クリーチャー_3!S45="－",0,VLOOKUP(クリーチャー_3!S45,$M$6:$P$49,2,FALSE()))+IF(クリーチャー_3!T45="－",0,VLOOKUP(クリーチャー_3!T45,M6:$P$49,2,FALSE()))+IF(クリーチャー_3!U45="－",0,VLOOKUP(クリーチャー_3!U45,$M$6:$P$49,2,FALSE()))+IF(クリーチャー_3!S46="－",0,VLOOKUP(クリーチャー_3!S46,$M$6:$P$49,2,FALSE()))+IF(クリーチャー_3!T46="－",0,VLOOKUP(クリーチャー_3!T46,$M$6:$P$49,2,FALSE()))+IF(クリーチャー_3!U46="－",0,VLOOKUP(クリーチャー_3!U46,$M$6:$P$49,2,FALSE()))+_xlfn.IFS(AS40>=2,1+2*(AS40-1),AS40=1,1,AS40=0,0)+_xlfn.IFS(AT40>=2,1+2*(AT40-1),AT40=1,1,AT40=0,0)} -> 0 | AR40: =IF(クリーチャー_3!S45="－",0,VLOOKUP(クリーチャー_3!S45,$M$6:$P$49,3,FALSE()))+IF(クリーチャー_3!T45="－",0,VLOOKUP(クリーチャー_3!T45,$M$6:$P$49,3,FALSE()))+IF(クリーチャー_3!U45="－",0,VLOOKUP(クリーチャー_3!U45,$M$6:$P$49,3,FALSE()))+IF(クリーチャー_3!S46="－",0,VLOOKUP(クリーチャー_3!S46,$M$6:$P$49,3,FALSE()))+IF(クリーチャー_3!T46="－",0,VLOOKUP(クリーチャー_3!T46,$M$6:$P$49,3,FALSE()))+IF(クリーチャー_3!U46="－",0,VLOOKUP(クリーチャー_3!U46,$M$6:$P$49,3,FALSE())) -> 0 | AS40: =COUNTIFS(クリーチャー_3!S45:U46,"強化*") -> 0 | AT40: =COUNTIFS(クリーチャー_3!S45:U46,"減衰*") -> 0
B41: SE | C41: =IF(応用技!H45="－",0,VLOOKUP(応用技!H45,$I$15:$K$27,2,FALSE()))+IF(応用技!I45="－",0,VLOOKUP(応用技!I45,$I$15:$K$27,2,FALSE()))+IF(応用技!J45="－",0,VLOOKUP(応用技!J45,$I$15:$K$27,2,FALSE()))+IF(応用技!H46="－",0,VLOOKUP(応用技!H46,$I$15:$K$27,2,FALSE()))+IF(応用技!I46="－",0,VLOOKUP(応用技!I46,$I$15:$K$27,2,FALSE()))+IF(応用技!J46="－",0,VLOOKUP(応用技!J46,$I$15:$K$27,2,FALSE())) -> 0 | D41: =IF(応用技!H45="－",0,VLOOKUP(応用技!H45,$I$15:$K$27,3,FALSE()))+IF(応用技!I45="－",0,VLOOKUP(応用技!I45,$I$15:$K$27,3,FALSE()))+IF(応用技!J45="－",0,VLOOKUP(応用技!J45,$I$15:$K$27,3,FALSE()))+IF(応用技!H46="－",0,VLOOKUP(応用技!H46,$I$15:$K$27,3,FALSE()))+IF(応用技!I46="－",0,VLOOKUP(応用技!I46,$I$15:$K$27,3,FALSE()))+IF(応用技!J46="－",0,VLOOKUP(応用技!J46,$I$15:$K$27,3,FALSE())) -> 0 | M41: 限定耐性 | N41: 0 | O41: 0 | P41: 限定系 | X41: 限定耐性 | Y41: 0 | Z41: 0 | AA41: 限定系 | AD41: SE | AE41: =IF(クリーチャー!V45="－",0,VLOOKUP(クリーチャー!V45,$I$15:$K$27,2,FALSE()))+IF(クリーチャー!W45="－",0,VLOOKUP(クリーチャー!W45,$I$15:$K$27,2,FALSE()))+IF(クリーチャー!X45="－",0,VLOOKUP(クリーチャー!X45,$I$15:$K$27,2,FALSE()))+IF(クリーチャー!V46="－",0,VLOOKUP(クリーチャー!V46,$I$15:$K$27,2,FALSE()))+IF(クリーチャー!W46="－",0,VLOOKUP(クリーチャー!W46,$I$15:$K$27,2,FALSE()))+IF(クリーチャー!X46="－",0,VLOOKUP(クリーチャー!X46,$I$15:$K$27,2,FALSE())) -> 0 | AF41: =IF(クリーチャー!V45="－",0,VLOOKUP(クリーチャー!V45,$I$15:$K$27,3,FALSE()))+IF(クリーチャー!W45="－",0,VLOOKUP(クリーチャー!W45,$I$15:$K$27,3,FALSE()))+IF(クリーチャー!X45="－",0,VLOOKUP(クリーチャー!X45,$I$15:$K$27,3,FALSE()))+IF(クリーチャー!V46="－",0,VLOOKUP(クリーチャー!V46,$I$15:$K$27,3,FALSE()))+IF(クリーチャー!W46="－",0,VLOOKUP(クリーチャー!W46,$I$15:$K$27,3,FALSE()))+IF(クリーチャー!X46="－",0,VLOOKUP(クリーチャー!X46,$I$15:$K$27,3,FALSE())) -> 0 | AJ41: SE | AK41: =IF(クリーチャー_2!V45="－",0,VLOOKUP(クリーチャー_2!V45,$I$15:$K$27,2,FALSE()))+IF(クリーチャー_2!W45="－",0,VLOOKUP(クリーチャー_2!W45,$I$15:$K$27,2,FALSE()))+IF(クリーチャー_2!X45="－",0,VLOOKUP(クリーチャー_2!X45,$I$15:$K$27,2,FALSE()))+IF(クリーチャー_2!V46="－",0,VLOOKUP(クリーチャー_2!V46,$I$15:$K$27,2,FALSE()))+IF(クリーチャー_2!W46="－",0,VLOOKUP(クリーチャー_2!W46,$I$15:$K$27,2,FALSE()))+IF(クリーチャー_2!X46="－",0,VLOOKUP(クリーチャー_2!X46,$I$15:$K$27,2,FALSE())) -> 0 | AL41: =IF(クリーチャー_2!V45="－",0,VLOOKUP(クリーチャー_2!V45,$I$15:$K$27,3,FALSE()))+IF(クリーチャー_2!W45="－",0,VLOOKUP(クリーチャー_2!W45,$I$15:$K$27,3,FALSE()))+IF(クリーチャー_2!X45="－",0,VLOOKUP(クリーチャー_2!X45,$I$15:$K$27,3,FALSE()))+IF(クリーチャー_2!V46="－",0,VLOOKUP(クリーチャー_2!V46,$I$15:$K$27,3,FALSE()))+IF(クリーチャー_2!W46="－",0,VLOOKUP(クリーチャー_2!W46,$I$15:$K$27,3,FALSE()))+IF(クリーチャー_2!X46="－",0,VLOOKUP(クリーチャー_2!X46,$I$15:$K$27,3,FALSE())) -> 0 | AP41: SE | AQ41: =IF(クリーチャー_3!V45="－",0,VLOOKUP(クリーチャー_3!V45,$I$15:$K$27,2,FALSE()))+IF(クリーチャー_3!W45="－",0,VLOOKUP(クリーチャー_3!W45,$I$15:$K$27,2,FALSE()))+IF(クリーチャー_3!X45="－",0,VLOOKUP(クリーチャー_3!X45,$I$15:$K$27,2,FALSE()))+IF(クリーチャー_3!V46="－",0,VLOOKUP(クリーチャー_3!V46,$I$15:$K$27,2,FALSE()))+IF(クリーチャー_3!W46="－",0,VLOOKUP(クリーチャー_3!W46,$I$15:$K$27,2,FALSE()))+IF(クリーチャー_3!X46="－",0,VLOOKUP(クリーチャー_3!X46,$I$15:$K$27,2,FALSE())) -> 0 | AR41: =IF(クリーチャー_3!V45="－",0,VLOOKUP(クリーチャー_3!V45,$I$15:$K$27,3,FALSE()))+IF(クリーチャー_3!W45="－",0,VLOOKUP(クリーチャー_3!W45,$I$15:$K$27,3,FALSE()))+IF(クリーチャー_3!X45="－",0,VLOOKUP(クリーチャー_3!X45,$I$15:$K$27,3,FALSE()))+IF(クリーチャー_3!V46="－",0,VLOOKUP(クリーチャー_3!V46,$I$15:$K$27,3,FALSE()))+IF(クリーチャー_3!W46="－",0,VLOOKUP(クリーチャー_3!W46,$I$15:$K$27,3,FALSE()))+IF(クリーチャー_3!X46="－",0,VLOOKUP(クリーチャー_3!X46,$I$15:$K$27,3,FALSE())) -> 0
B42: 合計 | C42: {=_xlfn.IFS(COUNTIF(応用技!E45:G46,"創造")>=1,SUM(C39:C41)+1&"～"&SUM(C39:C41)+10,COUNTIF(応用技!E45:G46,"限定*")>=1,"※",COUNTIF(応用技!E45:G46,"影響無効")>=1,"※",TRUE(),SUM(C39:C41))} -> 0 | D42: =SUM(D39:D41) -> 0 | M42: 限定無効 | N42: 0 | O42: 0 | P42: 限定系 | X42: 限定無効 | Y42: 0 | Z42: 0 | AA42: 限定系 | AD42: 合計 | AE42: {=_xlfn.IFS(COUNTIF(クリーチャー!S45:U46,"創造")>=1,SUM(AE39:AE41)+1&"～"&SUM(AE39:AE41)+10,COUNTIF(クリーチャー!S45:U46,"限定*")>=1,"※",COUNTIF(クリーチャー!S45:U46,"影響無効")>=1,"※",TRUE(),SUM(AE39:AE41))} -> 0 | AF42: =SUM(AF39:AF41) -> 0 | AJ42: 合計 | AK42: {=_xlfn.IFS(COUNTIF(クリーチャー_2!S45:U46,"創造")>=1,SUM(AK39:AK41)+1&"～"&SUM(AK39:AK41)+10,COUNTIF(クリーチャー_2!S45:U46,"限定*")>=1,"※",COUNTIF(クリーチャー_2!S45:U46,"影響無効")>=1,"※",TRUE(),SUM(AK39:AK41))} -> 0 | AL42: =SUM(AL39:AL41) -> 0 | AP42: 合計 | AQ42: {=_xlfn.IFS(COUNTIF(クリーチャー_3!S45:U46,"創造")>=1,SUM(AQ39:AQ41)+1&"～"&SUM(AQ39:AQ41)+10,COUNTIF(クリーチャー_3!S45:U46,"限定*")>=1,"※",COUNTIF(クリーチャー_3!S45:U46,"影響無効")>=1,"※",TRUE(),SUM(AQ39:AQ41))} -> 0 | AR42: =SUM(AR39:AR41) -> 0
M43: 限定吸収 | N43: 0 | O43: 0 | P43: 限定系 | X43: 限定吸収 | Y43: 0 | Z43: 0 | AA43: 限定系
B44: 技4（蟹） | C44: 消費 | D44: スペック | E44: 強化変数 | F44: 減衰変数 | M44: 貫通無効 | N44: 3 | O44: 1 | X44: 貫通無効 | Y44: 3 | Z44: 1 | AD44: 技4（蟹） | AE44: 消費 | AF44: スペック | AG44: 強化変数 | AH44: 減衰変数 | AJ44: 技4（蟹） | AK44: 消費 | AL44: スペック | AM44: 強化変数 | AN44: 減衰変数 | AP44: 技4（蟹） | AQ44: 消費 | AR44: スペック | AS44: 強化変数 | AT44: 減衰変数
B45: 発動系統 | C45: =IF(応用技!B45="－",0,VLOOKUP(応用技!B45,計算用!$T$6:$V$11,2,FALSE()))+IF(応用技!C45="－",0,VLOOKUP(応用技!C45,計算用!$T$6:$V$11,2,FALSE()))+IF(応用技!D45="－",0,VLOOKUP(応用技!D45,計算用!$T$6:$V$11,2,FALSE()))+COUNTIF(応用技!B45:D45,"防御発動")^2 -> 0 | D45: =IF(D46<0,0,IF(応用技!B45="－",0,VLOOKUP(応用技!B45,$I$6:$K$11,3,FALSE()))+IF(応用技!C45="－",0,VLOOKUP(応用技!C45,$I$6:$K$11,3,FALSE()))+IF(応用技!D45="－",0,VLOOKUP(応用技!D45,$I$6:$K$11,3,FALSE()))) -> 0 | M45: 領域無効 | N45: 3 | O45: 1 | X45: 領域無効 | Y45: 3 | Z45: 1 | AD45: 発動系統 | AE45: =IF(クリーチャー!P45="－",0,VLOOKUP(クリーチャー!P45,計算用!$T$6:$V$11,2,FALSE()))+IF(クリーチャー!Q45="－",0,VLOOKUP(クリーチャー!Q45,計算用!$T$6:$V$11,2,FALSE()))+IF(クリーチャー!R45="－",0,VLOOKUP(クリーチャー!R45,計算用!$T$6:$V$11,2,FALSE()))+COUNTIF(クリーチャー!P45:R45,"防御発動")^2 -> 0 | AF45: =IF(AF46<0,0,IF(クリーチャー!P45="－",0,VLOOKUP(クリーチャー!P45,$I$6:$K$11,3,FALSE()))+IF(クリーチャー!Q45="－",0,VLOOKUP(クリーチャー!Q45,$I$6:$K$11,3,FALSE()))+IF(クリーチャー!R45="－",0,VLOOKUP(クリーチャー!R45,$I$6:$K$11,3,FALSE()))) -> 0 | AJ45: 発動系統 | AK45: =IF(クリーチャー_2!P45="－",0,VLOOKUP(クリーチャー_2!P45,計算用!$T$6:$V$11,2,FALSE()))+IF(クリーチャー_2!Q45="－",0,VLOOKUP(クリーチャー_2!Q45,計算用!$T$6:$V$11,2,FALSE()))+IF(クリーチャー_2!R45="－",0,VLOOKUP(クリーチャー_2!R45,計算用!$T$6:$V$11,2,FALSE()))+COUNTIF(クリーチャー_2!P45:R45,"防御発動")^2 -> 0 | AL45: =IF(AL46<0,0,IF(クリーチャー_2!P45="－",0,VLOOKUP(クリーチャー_2!P45,$I$6:$K$11,3,FALSE()))+IF(クリーチャー_2!Q45="－",0,VLOOKUP(クリーチャー_2!Q45,$I$6:$K$11,3,FALSE()))+IF(クリーチャー_2!R45="－",0,VLOOKUP(クリーチャー_2!R45,$I$6:$K$11,3,FALSE()))) -> 0 | AP45: 発動系統 | AQ45: =IF(クリーチャー_3!P45="－",0,VLOOKUP(クリーチャー_3!P45,計算用!$T$6:$V$11,2,FALSE()))+IF(クリーチャー_3!Q45="－",0,VLOOKUP(クリーチャー_3!Q45,計算用!$T$6:$V$11,2,FALSE()))+IF(クリーチャー_3!R45="－",0,VLOOKUP(クリーチャー_3!R45,計算用!$T$6:$V$11,2,FALSE()))+COUNTIF(クリーチャー_3!P45:R45,"防御発動")^2 -> 0 | AR45: =IF(AR46<0,0,IF(クリーチャー_3!P45="－",0,VLOOKUP(クリーチャー_3!P45,$I$6:$K$11,3,FALSE()))+IF(クリーチャー_3!Q45="－",0,VLOOKUP(クリーチャー_3!Q45,$I$6:$K$11,3,FALSE()))+IF(クリーチャー_3!R45="－",0,VLOOKUP(クリーチャー_3!R45,$I$6:$K$11,3,FALSE()))) -> 0
B46: 付加効果 | C46: {=IF(応用技!E45="－",0,VLOOKUP(応用技!E45,$X$6:$AA$68,2,FALSE()))+IF(応用技!F45="－",0,VLOOKUP(応用技!F45,X6:$AA$68,2,FALSE()))+IF(応用技!G45="－",0,VLOOKUP(応用技!G45,$X$6:$AA$68,2,FALSE()))+IF(応用技!E46="－",0,VLOOKUP(応用技!E46,$X$6:$AA$68,2,FALSE()))+IF(応用技!F46="－",0,VLOOKUP(応用技!F46,$X$6:$AA$68,2,FALSE()))+IF(応用技!G46="－",0,VLOOKUP(応用技!G46,$X$6:$AA$68,2,FALSE()))+_xlfn.IFS(E46>=2,1+2*(E46-1),E46=1,1,E46=0,0)+_xlfn.IFS(F46>=2,1+2*(F46-1),F46=1,1,F46=0,0)} -> 0 | D46: =IF(応用技!E45="－",0,VLOOKUP(応用技!E45,$X$6:$AA$68,3,FALSE()))+IF(応用技!F45="－",0,VLOOKUP(応用技!F45,$X$6:$AA$68,3,FALSE()))+IF(応用技!G45="－",0,VLOOKUP(応用技!G45,$X$6:$AA$68,3,FALSE()))+IF(応用技!E46="－",0,VLOOKUP(応用技!E46,$X$6:$AA$68,3,FALSE()))+IF(応用技!F46="－",0,VLOOKUP(応用技!F46,$X$6:$AA$68,3,FALSE()))+IF(応用技!G46="－",0,VLOOKUP(応用技!G46,$X$6:$AA$68,3,FALSE())) -> 0 | E46: =COUNTIFS(応用技!E45:G46,"強化*") -> 0 | F46: =COUNTIFS(応用技!E45:G46,"減衰*")+COUNTIFS(応用技!E45:G46,"瞬減*") -> 0 | M46: 影響無効 | N46: 0 | O46: 1 | P46: 影響無効 | X46: 影響無効 | Y46: 0 | Z46: 1 | AA46: 影響無効 | AD46: 付加効果 | AE46: {=IF(クリーチャー!S45="－",0,VLOOKUP(クリーチャー!S45,$X$6:$AA$68,2,FALSE()))+IF(クリーチャー!T45="－",0,VLOOKUP(クリーチャー!T45,X6:$AA$68,2,FALSE()))+IF(クリーチャー!U45="－",0,VLOOKUP(クリーチャー!U45,$X$6:$AA$68,2,FALSE()))+IF(クリーチャー!S46="－",0,VLOOKUP(クリーチャー!S46,$X$6:$AA$68,2,FALSE()))+IF(クリーチャー!T46="－",0,VLOOKUP(クリーチャー!T46,$X$6:$AA$68,2,FALSE()))+IF(クリーチャー!U46="－",0,VLOOKUP(クリーチャー!U46,$X$6:$AA$68,2,FALSE()))+_xlfn.IFS(AG46>=2,1+2*(AG46-1),AG46=1,1,AG46=0,0)+_xlfn.IFS(AH46>=2,1+2*(AH46-1),AH46=1,1,AH46=0,0)} -> 0 | AF46: =IF(クリーチャー!S45="－",0,VLOOKUP(クリーチャー!S45,$X$6:$AA$68,3,FALSE()))+IF(クリーチャー!T45="－",0,VLOOKUP(クリーチャー!T45,$X$6:$AA$68,3,FALSE()))+IF(クリーチャー!U45="－",0,VLOOKUP(クリーチャー!U45,$X$6:$AA$68,3,FALSE()))+IF(クリーチャー!S46="－",0,VLOOKUP(クリーチャー!S46,$X$6:$AA$68,3,FALSE()))+IF(クリーチャー!T46="－",0,VLOOKUP(クリーチャー!T46,$X$6:$AA$68,3,FALSE()))+IF(クリーチャー!U46="－",0,VLOOKUP(クリーチャー!U46,$X$6:$AA$68,3,FALSE())) -> 0 | AG46: =COUNTIFS(クリーチャー!S45:U46,"強化*") -> 0 | AH46: =COUNTIFS(クリーチャー!S45:U46,"減衰*") -> 0 | AJ46: 付加効果 | AK46: {=IF(クリーチャー_2!S45="－",0,VLOOKUP(クリーチャー_2!S45,$X$6:$AA$68,2,FALSE()))+IF(クリーチャー_2!T45="－",0,VLOOKUP(クリーチャー_2!T45,X6:$AA$68,2,FALSE()))+IF(クリーチャー_2!U45="－",0,VLOOKUP(クリーチャー_2!U45,$X$6:$AA$68,2,FALSE()))+IF(クリーチャー_2!S46="－",0,VLOOKUP(クリーチャー_2!S46,$X$6:$AA$68,2,FALSE()))+IF(クリーチャー_2!T46="－",0,VLOOKUP(クリーチャー_2!T46,$X$6:$AA$68,2,FALSE()))+IF(クリーチャー_2!U46="－",0,VLOOKUP(クリーチャー_2!U46,$X$6:$AA$68,2,FALSE()))+_xlfn.IFS(AM46>=2,1+2*(AM46-1),AM46=1,1,AM46=0,0)+_xlfn.IFS(AN46>=2,1+2*(AN46-1),AN46=1,1,AN46=0,0)} -> 0 | AL46: =IF(クリーチャー_2!S45="－",0,VLOOKUP(クリーチャー_2!S45,$X$6:$AA$68,3,FALSE()))+IF(クリーチャー_2!T45="－",0,VLOOKUP(クリーチャー_2!T45,$X$6:$AA$68,3,FALSE()))+IF(クリーチャー_2!U45="－",0,VLOOKUP(クリーチャー_2!U45,$X$6:$AA$68,3,FALSE()))+IF(クリーチャー_2!S46="－",0,VLOOKUP(クリーチャー_2!S46,$X$6:$AA$68,3,FALSE()))+IF(クリーチャー_2!T46="－",0,VLOOKUP(クリーチャー_2!T46,$X$6:$AA$68,3,FALSE()))+IF(クリーチャー_2!U46="－",0,VLOOKUP(クリーチャー_2!U46,$X$6:$AA$68,3,FALSE())) -> 0 | AM46: =COUNTIFS(クリーチャー_2!S45:U46,"強化*") -> 0 | AN46: =COUNTIFS(クリーチャー_2!S45:U46,"減衰*") -> 0 | AP46: 付加効果 | AQ46: {=IF(クリーチャー_3!S45="－",0,VLOOKUP(クリーチャー_3!S45,$X$6:$AA$68,2,FALSE()))+IF(クリーチャー_3!T45="－",0,VLOOKUP(クリーチャー_3!T45,X6:$AA$68,2,FALSE()))+IF(クリーチャー_3!U45="－",0,VLOOKUP(クリーチャー_3!U45,$X$6:$AA$68,2,FALSE()))+IF(クリーチャー_3!S46="－",0,VLOOKUP(クリーチャー_3!S46,$X$6:$AA$68,2,FALSE()))+IF(クリーチャー_3!T46="－",0,VLOOKUP(クリーチャー_3!T46,$X$6:$AA$68,2,FALSE()))+IF(クリーチャー_3!U46="－",0,VLOOKUP(クリーチャー_3!U46,$X$6:$AA$68,2,FALSE()))+_xlfn.IFS(AS46>=2,1+2*(AS46-1),AS46=1,1,AS46=0,0)+_xlfn.IFS(AT46>=2,1+2*(AT46-1),AT46=1,1,AT46=0,0)} -> 0 | AR46: =IF(クリーチャー_3!S45="－",0,VLOOKUP(クリーチャー_3!S45,$X$6:$AA$68,3,FALSE()))+IF(クリーチャー_3!T45="－",0,VLOOKUP(クリーチャー_3!T45,$X$6:$AA$68,3,FALSE()))+IF(クリーチャー_3!U45="－",0,VLOOKUP(クリーチャー_3!U45,$X$6:$AA$68,3,FALSE()))+IF(クリーチャー_3!S46="－",0,VLOOKUP(クリーチャー_3!S46,$X$6:$AA$68,3,FALSE()))+IF(クリーチャー_3!T46="－",0,VLOOKUP(クリーチャー_3!T46,$X$6:$AA$68,3,FALSE()))+IF(クリーチャー_3!U46="－",0,VLOOKUP(クリーチャー_3!U46,$X$6:$AA$68,3,FALSE())) -> 0 | AS46: =COUNTIFS(クリーチャー_3!S45:U46,"強化*") -> 0 | AT46: =COUNTIFS(クリーチャー_3!S45:U46,"減衰*") -> 0
B47: SE | C47: =IF(応用技!H45="－",0,VLOOKUP(応用技!H45,$T$15:$V$28,2,FALSE()))+IF(応用技!I45="－",0,VLOOKUP(応用技!I45,$T$15:$V$28,2,FALSE()))+IF(応用技!J45="－",0,VLOOKUP(応用技!J45,$T$15:$V$28,2,FALSE()))+IF(応用技!H46="－",0,VLOOKUP(応用技!H46,$T$15:$V$28,2,FALSE()))+IF(応用技!I46="－",0,VLOOKUP(応用技!I46,$T$15:$V$28,2,FALSE()))+IF(応用技!J46="－",0,VLOOKUP(応用技!J46,$T$15:$V$28,2,FALSE())) -> 0 | D47: =IF(応用技!H45="－",0,VLOOKUP(応用技!H45,$T$15:$V$28,3,FALSE()))+IF(応用技!I45="－",0,VLOOKUP(応用技!I45,$T$15:$V$28,3,FALSE()))+IF(応用技!J45="－",0,VLOOKUP(応用技!J45,$T$15:$V$28,3,FALSE()))+IF(応用技!H46="－",0,VLOOKUP(応用技!H46,$T$15:$V$28,3,FALSE()))+IF(応用技!I46="－",0,VLOOKUP(応用技!I46,$T$15:$V$28,3,FALSE()))+IF(応用技!J46="－",0,VLOOKUP(応用技!J46,$T$15:$V$28,3,FALSE())) -> 0 | M47: 精神無効 | N47: 6 | O47: 1 | X47: 精神無効 | Y47: 6 | Z47: 1 | AD47: SE | AE47: =IF(クリーチャー!V45="－",0,VLOOKUP(クリーチャー!V45,$T$15:$V$28,2,FALSE()))+IF(クリーチャー!W45="－",0,VLOOKUP(クリーチャー!W45,$T$15:$V$28,2,FALSE()))+IF(クリーチャー!X45="－",0,VLOOKUP(クリーチャー!X45,$T$15:$V$28,2,FALSE()))+IF(クリーチャー!V46="－",0,VLOOKUP(クリーチャー!V46,$T$15:$V$28,2,FALSE()))+IF(クリーチャー!W46="－",0,VLOOKUP(クリーチャー!W46,$T$15:$V$28,2,FALSE()))+IF(クリーチャー!X46="－",0,VLOOKUP(クリーチャー!X46,$T$15:$V$28,2,FALSE())) -> 0 | AF47: =IF(クリーチャー!V45="－",0,VLOOKUP(クリーチャー!V45,$T$15:$V$28,3,FALSE()))+IF(クリーチャー!W45="－",0,VLOOKUP(クリーチャー!W45,$T$15:$V$28,3,FALSE()))+IF(クリーチャー!X45="－",0,VLOOKUP(クリーチャー!X45,$T$15:$V$28,3,FALSE()))+IF(クリーチャー!V46="－",0,VLOOKUP(クリーチャー!V46,$T$15:$V$28,3,FALSE()))+IF(クリーチャー!W46="－",0,VLOOKUP(クリーチャー!W46,$T$15:$V$28,3,FALSE()))+IF(クリーチャー!X46="－",0,VLOOKUP(クリーチャー!X46,$T$15:$V$28,3,FALSE())) -> 0 | AJ47: SE | AK47: =IF(クリーチャー_2!V45="－",0,VLOOKUP(クリーチャー_2!V45,$T$15:$V$28,2,FALSE()))+IF(クリーチャー_2!W45="－",0,VLOOKUP(クリーチャー_2!W45,$T$15:$V$28,2,FALSE()))+IF(クリーチャー_2!X45="－",0,VLOOKUP(クリーチャー_2!X45,$T$15:$V$28,2,FALSE()))+IF(クリーチャー_2!V46="－",0,VLOOKUP(クリーチャー_2!V46,$T$15:$V$28,2,FALSE()))+IF(クリーチャー_2!W46="－",0,VLOOKUP(クリーチャー_2!W46,$T$15:$V$28,2,FALSE()))+IF(クリーチャー_2!X46="－",0,VLOOKUP(クリーチャー_2!X46,$T$15:$V$28,2,FALSE())) -> 0 | AL47: =IF(クリーチャー_2!V45="－",0,VLOOKUP(クリーチャー_2!V45,$T$15:$V$28,3,FALSE()))+IF(クリーチャー_2!W45="－",0,VLOOKUP(クリーチャー_2!W45,$T$15:$V$28,3,FALSE()))+IF(クリーチャー_2!X45="－",0,VLOOKUP(クリーチャー_2!X45,$T$15:$V$28,3,FALSE()))+IF(クリーチャー_2!V46="－",0,VLOOKUP(クリーチャー_2!V46,$T$15:$V$28,3,FALSE()))+IF(クリーチャー_2!W46="－",0,VLOOKUP(クリーチャー_2!W46,$T$15:$V$28,3,FALSE()))+IF(クリーチャー_2!X46="－",0,VLOOKUP(クリーチャー_2!X46,$T$15:$V$28,3,FALSE())) -> 0 | AP47: SE | AQ47: =IF(クリーチャー_3!V45="－",0,VLOOKUP(クリーチャー_3!V45,$T$15:$V$28,2,FALSE()))+IF(クリーチャー_3!W45="－",0,VLOOKUP(クリーチャー_3!W45,$T$15:$V$28,2,FALSE()))+IF(クリーチャー_3!X45="－",0,VLOOKUP(クリーチャー_3!X45,$T$15:$V$28,2,FALSE()))+IF(クリーチャー_3!V46="－",0,VLOOKUP(クリーチャー_3!V46,$T$15:$V$28,2,FALSE()))+IF(クリーチャー_3!W46="－",0,VLOOKUP(クリーチャー_3!W46,$T$15:$V$28,2,FALSE()))+IF(クリーチャー_3!X46="－",0,VLOOKUP(クリーチャー_3!X46,$T$15:$V$28,2,FALSE())) -> 0 | AR47: =IF(クリーチャー_3!V45="－",0,VLOOKUP(クリーチャー_3!V45,$T$15:$V$28,3,FALSE()))+IF(クリーチャー_3!W45="－",0,VLOOKUP(クリーチャー_3!W45,$T$15:$V$28,3,FALSE()))+IF(クリーチャー_3!X45="－",0,VLOOKUP(クリーチャー_3!X45,$T$15:$V$28,3,FALSE()))+IF(クリーチャー_3!V46="－",0,VLOOKUP(クリーチャー_3!V46,$T$15:$V$28,3,FALSE()))+IF(クリーチャー_3!W46="－",0,VLOOKUP(クリーチャー_3!W46,$T$15:$V$28,3,FALSE()))+IF(クリーチャー_3!X46="－",0,VLOOKUP(クリーチャー_3!X46,$T$15:$V$28,3,FALSE())) -> 0
B48: 合計 | C48: {=_xlfn.IFS(COUNTIF(応用技!E45:G46,"創造")>=1,SUM(C45:C47)+1&"～"&SUM(C45:C47)+10,COUNTIF(応用技!E45:G46,"限定*")>=1,"※",COUNTIF(応用技!E45:G46,"影響無効")>=1,"※",TRUE(),SUM(C45:C47))} -> 0 | D48: =SUM(D45:D47) -> 0 | M48: 系統無効 | N48: 7 | O48: 2 | X48: 系統無効 | Y48: 7 | Z48: 2 | AD48: 合計 | AE48: {=_xlfn.IFS(COUNTIF(クリーチャー!S45:U46,"創造")>=1,SUM(AE45:AE47)+1&"～"&SUM(AE45:AE47)+10,COUNTIF(クリーチャー!S45:U46,"限定*")>=1,"※",COUNTIF(クリーチャー!S45:U46,"影響無効")>=1,"※",TRUE(),SUM(AE45:AE47))} -> 0 | AF48: =SUM(AF45:AF47) -> 0 | AJ48: 合計 | AK48: {=_xlfn.IFS(COUNTIF(クリーチャー_2!S45:U46,"創造")>=1,SUM(AK45:AK47)+1&"～"&SUM(AK45:AK47)+10,COUNTIF(クリーチャー_2!S45:U46,"限定*")>=1,"※",COUNTIF(クリーチャー_2!S45:U46,"影響無効")>=1,"※",TRUE(),SUM(AK45:AK47))} -> 0 | AL48: =SUM(AL45:AL47) -> 0 | AP48: 合計 | AQ48: {=_xlfn.IFS(COUNTIF(クリーチャー_3!S45:U46,"創造")>=1,SUM(AQ45:AQ47)+1&"～"&SUM(AQ45:AQ47)+10,COUNTIF(クリーチャー_3!S45:U46,"限定*")>=1,"※",COUNTIF(クリーチャー_3!S45:U46,"影響無効")>=1,"※",TRUE(),SUM(AQ45:AQ47))} -> 0 | AR48: =SUM(AR45:AR47) -> 0
M49: 物理無効 | N49: 9 | O49: 2 | X49: 物理無効 | Y49: 9 | Z49: 2
B50: 技5 | C50: 消費 | D50: スペック | E50: 強化変数 | F50: 減衰変数 | X50: 瞬減【行】 | Y50: 0 | Z50: 1 | AA50: 減衰系 | AD50: 技5 | AE50: 消費 | AF50: スペック | AG50: 強化変数 | AH50: 減衰変数 | AJ50: 技5 | AK50: 消費 | AL50: スペック | AM50: 強化変数 | AN50: 減衰変数 | AP50: 技5 | AQ50: 消費 | AR50: スペック | AS50: 強化変数 | AT50: 減衰変数
B51: 発動系統 | C51: =IF(応用技!B56="－",0,VLOOKUP(応用技!B56,計算用!$I$6:$K$11,2,FALSE()))+IF(応用技!C56="－",0,VLOOKUP(応用技!C56,計算用!$I$6:$K$11,2,FALSE()))+IF(応用技!D56="－",0,VLOOKUP(応用技!D56,計算用!$I$6:$K$11,2,FALSE()))+COUNTIF(応用技!B56:D56,"防御発動")^2 -> 0 | D51: =IF(D52<0,0,IF(応用技!B56="－",0,VLOOKUP(応用技!B56,$I$6:$K$11,3,FALSE()))+IF(応用技!C56="－",0,VLOOKUP(応用技!C56,$I$6:$K$11,3,FALSE()))+IF(応用技!D56="－",0,VLOOKUP(応用技!D56,$I$6:$K$11,3,FALSE()))) -> 0 | X51: 瞬減【攻】 | Y51: 0 | Z51: 1 | AA51: 減衰系 | AD51: 発動系統 | AE51: =IF(クリーチャー!P56="－",0,VLOOKUP(クリーチャー!P56,計算用!$I$6:$K$11,2,FALSE()))+IF(クリーチャー!Q56="－",0,VLOOKUP(クリーチャー!Q56,計算用!$I$6:$K$11,2,FALSE()))+IF(クリーチャー!R56="－",0,VLOOKUP(クリーチャー!R56,計算用!$I$6:$K$11,2,FALSE()))+COUNTIF(クリーチャー!P56:R56,"防御発動")^2 -> 0 | AF51: =IF(AF52<0,0,IF(クリーチャー!P56="－",0,VLOOKUP(クリーチャー!P56,$I$6:$K$11,3,FALSE()))+IF(クリーチャー!Q56="－",0,VLOOKUP(クリーチャー!Q56,$I$6:$K$11,3,FALSE()))+IF(クリーチャー!R56="－",0,VLOOKUP(クリーチャー!R56,$I$6:$K$11,3,FALSE()))) -> 0 | AJ51: 発動系統 | AK51: =IF(クリーチャー_2!P56="－",0,VLOOKUP(クリーチャー_2!P56,計算用!$I$6:$K$11,2,FALSE()))+IF(クリーチャー_2!Q56="－",0,VLOOKUP(クリーチャー_2!Q56,計算用!$I$6:$K$11,2,FALSE()))+IF(クリーチャー_2!R56="－",0,VLOOKUP(クリーチャー_2!R56,計算用!$I$6:$K$11,2,FALSE()))+COUNTIF(クリーチャー_2!P56:R56,"防御発動")^2 -> 0 | AL51: =IF(AL52<0,0,IF(クリーチャー_2!P56="－",0,VLOOKUP(クリーチャー_2!P56,$I$6:$K$11,3,FALSE()))+IF(クリーチャー_2!Q56="－",0,VLOOKUP(クリーチャー_2!Q56,$I$6:$K$11,3,FALSE()))+IF(クリーチャー_2!R56="－",0,VLOOKUP(クリーチャー_2!R56,$I$6:$K$11,3,FALSE()))) -> 0 | AP51: 発動系統 | AQ51: =IF(クリーチャー_3!P56="－",0,VLOOKUP(クリーチャー_3!P56,計算用!$I$6:$K$11,2,FALSE()))+IF(クリーチャー_3!Q56="－",0,VLOOKUP(クリーチャー_3!Q56,計算用!$I$6:$K$11,2,FALSE()))+IF(クリーチャー_3!R56="－",0,VLOOKUP(クリーチャー_3!R56,計算用!$I$6:$K$11,2,FALSE()))+COUNTIF(クリーチャー_3!P56:R56,"防御発動")^2 -> 0 | AR51: =IF(AR52<0,0,F(クリーチャー_3!P56="－",0,VLOOKUP(クリーチャー_3!P56,$I$6:$K$11,3,FALSE()))+IF(クリーチャー_3!Q56="－",0,VLOOKUP(クリーチャー_3!Q56,$I$6:$K$11,3,FALSE()))+IF(クリーチャー_3!R56="－",0,VLOOKUP(クリーチャー_3!R56,$I$6:$K$11,3,FALSE()))) -> #NAME?
B52: 付加効果 | C52: {=IF(応用技!E56="－",0,VLOOKUP(応用技!E56,$M$6:$P$49,2,FALSE()))+IF(応用技!F56="－",0,VLOOKUP(応用技!F56,M6:$P$49,2,FALSE()))+IF(応用技!G56="－",0,VLOOKUP(応用技!G56,$M$6:$P$49,2,FALSE()))+IF(応用技!E57="－",0,VLOOKUP(応用技!E57,$M$6:$P$49,2,FALSE()))+IF(応用技!F57="－",0,VLOOKUP(応用技!F57,$M$6:$P$49,2,FALSE()))+IF(応用技!G57="－",0,VLOOKUP(応用技!G57,$M$6:$P$49,2,FALSE()))+_xlfn.IFS(E52>=2,1+2*(E52-1),E52=1,1,E52=0,0)+_xlfn.IFS(F52>=2,1+2*(F52-1),F52=1,1,F52=0,0)} -> 0 | D52: =IF(応用技!E56="－",0,VLOOKUP(応用技!E56,$M$6:$P$49,3,FALSE()))+IF(応用技!F56="－",0,VLOOKUP(応用技!F56,$M$6:$P$49,3,FALSE()))+IF(応用技!G56="－",0,VLOOKUP(応用技!G56,$M$6:$P$49,3,FALSE()))+IF(応用技!E57="－",0,VLOOKUP(応用技!E57,$M$6:$P$49,3,FALSE()))+IF(応用技!F57="－",0,VLOOKUP(応用技!F57,$M$6:$P$49,3,FALSE()))+IF(応用技!G57="－",0,VLOOKUP(応用技!G57,$M$6:$P$49,3,FALSE())) -> 0 | E52: =COUNTIFS(応用技!E56:G57,"強化*") -> 0 | F52: =COUNTIFS(応用技!E56:G57,"減衰*") -> 0 | X52: 瞬減【防】 | Y52: 0 | Z52: 1 | AA52: 減衰系 | AD52: 付加効果 | AE52: {=IF(クリーチャー!S56="－",0,VLOOKUP(クリーチャー!S56,$M$6:$P$49,2,FALSE()))+IF(クリーチャー!T56="－",0,VLOOKUP(クリーチャー!T56,M6:$P$49,2,FALSE()))+IF(クリーチャー!U56="－",0,VLOOKUP(クリーチャー!U56,$M$6:$P$49,2,FALSE()))+IF(クリーチャー!S57="－",0,VLOOKUP(クリーチャー!S57,$M$6:$P$49,2,FALSE()))+IF(クリーチャー!T57="－",0,VLOOKUP(クリーチャー!T57,$M$6:$P$49,2,FALSE()))+IF(クリーチャー!U57="－",0,VLOOKUP(クリーチャー!U57,$M$6:$P$49,2,FALSE()))+_xlfn.IFS(AG52>=2,1+2*(AG52-1),AG52=1,1,AG52=0,0)+_xlfn.IFS(AH52>=2,1+2*(AH52-1),AH52=1,1,AH52=0,0)} -> 0 | AF52: =IF(クリーチャー!S56="－",0,VLOOKUP(クリーチャー!S56,$M$6:$P$49,3,FALSE()))+IF(クリーチャー!T56="－",0,VLOOKUP(クリーチャー!T56,$M$6:$P$49,3,FALSE()))+IF(クリーチャー!U56="－",0,VLOOKUP(クリーチャー!U56,$M$6:$P$49,3,FALSE()))+IF(クリーチャー!S57="－",0,VLOOKUP(クリーチャー!S57,$M$6:$P$49,3,FALSE()))+IF(クリーチャー!T57="－",0,VLOOKUP(クリーチャー!T57,$M$6:$P$49,3,FALSE()))+IF(クリーチャー!U57="－",0,VLOOKUP(クリーチャー!U57,$M$6:$P$49,3,FALSE())) -> 0 | AG52: =COUNTIFS(クリーチャー!S56:U57,"強化*") -> 0 | AH52: =COUNTIFS(クリーチャー!S56:U57,"減衰*") -> 0 | AJ52: 付加効果 | AK52: {=IF(クリーチャー_2!S56="－",0,VLOOKUP(クリーチャー_2!S56,$M$6:$P$49,2,FALSE()))+IF(クリーチャー_2!T56="－",0,VLOOKUP(クリーチャー_2!T56,$M$6:$P$49,2,FALSE()))+IF(クリーチャー_2!U56="－",0,VLOOKUP(クリーチャー_2!U56,$M$6:$P$49,2,FALSE()))+IF(クリーチャー_2!S57="－",0,VLOOKUP(クリーチャー_2!S57,$M$6:$P$49,2,FALSE()))+IF(クリーチャー_2!T57="－",0,VLOOKUP(クリーチャー_2!T57,$M$6:$P$49,2,FALSE()))+IF(クリーチャー_2!U57="－",0,VLOOKUP(クリーチャー_2!U57,$M$6:$P$49,2,FALSE()))+_xlfn.IFS(AM52>=2,1+2*(AM52-1),AM52=1,1,AM52=0,0)+_xlfn.IFS(AN52>=2,1+2*(AN52-1),AN52=1,1,AN52=0,0)} -> 0 | AL52: =IF(クリーチャー_2!S56="－",0,VLOOKUP(クリーチャー_2!S56,$M$6:$P$49,3,FALSE()))+IF(クリーチャー_2!T56="－",0,VLOOKUP(クリーチャー_2!T56,$M$6:$P$49,3,FALSE()))+IF(クリーチャー_2!U56="－",0,VLOOKUP(クリーチャー_2!U56,$M$6:$P$49,3,FALSE()))+IF(クリーチャー_2!S57="－",0,VLOOKUP(クリーチャー_2!S57,$M$6:$P$49,3,FALSE()))+IF(クリーチャー_2!T57="－",0,VLOOKUP(クリーチャー_2!T57,$M$6:$P$49,3,FALSE()))+IF(クリーチャー_2!U57="－",0,VLOOKUP(クリーチャー_2!U57,$M$6:$P$49,3,FALSE())) -> 0 | AM52: =COUNTIFS(クリーチャー_2!S56:U57,"強化*") -> 0 | AN52: =COUNTIFS(クリーチャー_2!S56:U57,"減衰*") -> 0 | AP52: 付加効果 | AQ52: {=IF(クリーチャー_3!S56="－",0,VLOOKUP(クリーチャー_3!S56,$M$6:$P$49,2,FALSE()))+IF(クリーチャー_3!T56="－",0,VLOOKUP(クリーチャー_3!T56,M6:$P$49,2,FALSE()))+IF(クリーチャー_3!U56="－",0,VLOOKUP(クリーチャー_3!U56,$M$6:$P$49,2,FALSE()))+IF(クリーチャー_3!S57="－",0,VLOOKUP(クリーチャー_3!S57,$M$6:$P$49,2,FALSE()))+IF(クリーチャー_3!T57="－",0,VLOOKUP(クリーチャー_3!T57,$M$6:$P$49,2,FALSE()))+IF(クリーチャー_3!U57="－",0,VLOOKUP(クリーチャー_3!U57,$M$6:$P$49,2,FALSE()))+_xlfn.IFS(AS52>=2,1+2*(AS52-1),AS52=1,1,AS52=0,0)+_xlfn.IFS(AT52>=2,1+2*(AT52-1),AT52=1,1,AT52=0,0)} -> 0 | AR52: =IF(クリーチャー_3!S56="－",0,VLOOKUP(クリーチャー_3!S56,$M$6:$P$49,3,FALSE()))+IF(クリーチャー_3!T56="－",0,VLOOKUP(クリーチャー_3!T56,$M$6:$P$49,3,FALSE()))+IF(クリーチャー_3!U56="－",0,VLOOKUP(クリーチャー_3!U56,$M$6:$P$49,3,FALSE()))+IF(クリーチャー_3!S57="－",0,VLOOKUP(クリーチャー_3!S57,$M$6:$P$49,3,FALSE()))+IF(クリーチャー_3!T57="－",0,VLOOKUP(クリーチャー_3!T57,$M$6:$P$49,3,FALSE()))+IF(クリーチャー_3!U57="－",0,VLOOKUP(クリーチャー_3!U57,$M$6:$P$49,3,FALSE())) -> 0 | AS52: =COUNTIFS(クリーチャー_3!S56:U57,"強化*") -> 0 | AT52: =COUNTIFS(クリーチャー_3!S56:U57,"減衰*") -> 0
B53: SE | C53: =IF(応用技!H56="－",0,VLOOKUP(応用技!H56,$I$15:$K$27,2,FALSE()))+IF(応用技!I56="－",0,VLOOKUP(応用技!I56,$I$15:$K$27,2,FALSE()))+IF(応用技!J56="－",0,VLOOKUP(応用技!J56,$I$15:$K$27,2,FALSE()))+IF(応用技!H57="－",0,VLOOKUP(応用技!H57,$I$15:$K$27,2,FALSE()))+IF(応用技!I57="－",0,VLOOKUP(応用技!I57,$I$15:$K$27,2,FALSE()))+IF(応用技!J57="－",0,VLOOKUP(応用技!J57,$I$15:$K$27,2,FALSE())) -> 0 | D53: =IF(応用技!H56="－",0,VLOOKUP(応用技!H56,$I$15:$K$27,3,FALSE()))+IF(応用技!I56="－",0,VLOOKUP(応用技!I56,$I$15:$K$27,3,FALSE()))+IF(応用技!J56="－",0,VLOOKUP(応用技!J56,$I$15:$K$27,3,FALSE()))+IF(応用技!H57="－",0,VLOOKUP(応用技!H57,$I$15:$K$27,3,FALSE()))+IF(応用技!I57="－",0,VLOOKUP(応用技!I57,$I$15:$K$27,3,FALSE()))+IF(応用技!J57="－",0,VLOOKUP(応用技!J57,$I$15:$K$27,3,FALSE())) -> 0 | X53: 瞬減【抵】 | Y53: 0 | Z53: 1 | AA53: 減衰系 | AD53: SE | AE53: =IF(クリーチャー!V56="－",0,VLOOKUP(クリーチャー!V56,$I$15:$K$27,2,FALSE()))+IF(クリーチャー!W56="－",0,VLOOKUP(クリーチャー!W56,$I$15:$K$27,2,FALSE()))+IF(クリーチャー!X56="－",0,VLOOKUP(クリーチャー!X56,$I$15:$K$27,2,FALSE()))+IF(クリーチャー!V57="－",0,VLOOKUP(クリーチャー!V57,$I$15:$K$27,2,FALSE()))+IF(クリーチャー!W57="－",0,VLOOKUP(クリーチャー!W57,$I$15:$K$27,2,FALSE()))+IF(クリーチャー!X57="－",0,VLOOKUP(クリーチャー!X57,$I$15:$K$27,2,FALSE())) -> 0 | AF53: =IF(クリーチャー!V56="－",0,VLOOKUP(クリーチャー!V56,$I$15:$K$27,3,FALSE()))+IF(クリーチャー!W56="－",0,VLOOKUP(クリーチャー!W56,$I$15:$K$27,3,FALSE()))+IF(クリーチャー!X56="－",0,VLOOKUP(クリーチャー!X56,$I$15:$K$27,3,FALSE()))+IF(クリーチャー!V57="－",0,VLOOKUP(クリーチャー!V57,$I$15:$K$27,3,FALSE()))+IF(クリーチャー!W57="－",0,VLOOKUP(クリーチャー!W57,$I$15:$K$27,3,FALSE()))+IF(クリーチャー!X57="－",0,VLOOKUP(クリーチャー!X57,$I$15:$K$27,3,FALSE())) -> 0 | AJ53: SE | AK53: =IF(クリーチャー_2!V56="－",0,VLOOKUP(クリーチャー_2!V56,$I$15:$K$27,2,FALSE()))+IF(クリーチャー_2!W56="－",0,VLOOKUP(クリーチャー_2!W56,$I$15:$K$27,2,FALSE()))+IF(クリーチャー_2!X56="－",0,VLOOKUP(クリーチャー_2!X56,$I$15:$K$27,2,FALSE()))+IF(クリーチャー_2!V57="－",0,VLOOKUP(クリーチャー_2!V57,$I$15:$K$27,2,FALSE()))+IF(クリーチャー_2!W57="－",0,VLOOKUP(クリーチャー_2!W57,$I$15:$K$27,2,FALSE()))+IF(クリーチャー_2!X57="－",0,VLOOKUP(クリーチャー_2!X57,$I$15:$K$27,2,FALSE())) -> 0 | AL53: =IF(クリーチャー_2!V56="－",0,VLOOKUP(クリーチャー_2!V56,$I$15:$K$27,3,FALSE()))+IF(クリーチャー_2!W56="－",0,VLOOKUP(クリーチャー_2!W56,$I$15:$K$27,3,FALSE()))+IF(クリーチャー_2!X56="－",0,VLOOKUP(クリーチャー_2!X56,$I$15:$K$27,3,FALSE()))+IF(クリーチャー_2!V57="－",0,VLOOKUP(クリーチャー_2!V57,$I$15:$K$27,3,FALSE()))+IF(クリーチャー_2!W57="－",0,VLOOKUP(クリーチャー_2!W57,$I$15:$K$27,3,FALSE()))+IF(クリーチャー_2!X57="－",0,VLOOKUP(クリーチャー_2!X57,$I$15:$K$27,3,FALSE())) -> 0 | AP53: SE | AQ53: =IF(クリーチャー_3!V56="－",0,VLOOKUP(クリーチャー_3!V56,$I$15:$K$27,2,FALSE()))+IF(クリーチャー_3!W56="－",0,VLOOKUP(クリーチャー_3!W56,$I$15:$K$27,2,FALSE()))+IF(クリーチャー_3!X56="－",0,VLOOKUP(クリーチャー_3!X56,$I$15:$K$27,2,FALSE()))+IF(クリーチャー_3!V57="－",0,VLOOKUP(クリーチャー_3!V57,$I$15:$K$27,2,FALSE()))+IF(クリーチャー_3!W57="－",0,VLOOKUP(クリーチャー_3!W57,$I$15:$K$27,2,FALSE()))+IF(クリーチャー_3!X57="－",0,VLOOKUP(クリーチャー_3!X57,$I$15:$K$27,2,FALSE())) -> 0 | AR53: =IF(クリーチャー_3!V56="－",0,VLOOKUP(クリーチャー_3!V56,$I$15:$K$27,3,FALSE()))+IF(クリーチャー_3!W56="－",0,VLOOKUP(クリーチャー_3!W56,$I$15:$K$27,3,FALSE()))+IF(クリーチャー_3!X56="－",0,VLOOKUP(クリーチャー_3!X56,$I$15:$K$27,3,FALSE()))+IF(クリーチャー_3!V57="－",0,VLOOKUP(クリーチャー_3!V57,$I$15:$K$27,3,FALSE()))+IF(クリーチャー_3!W57="－",0,VLOOKUP(クリーチャー_3!W57,$I$15:$K$27,3,FALSE()))+IF(クリーチャー_3!X57="－",0,VLOOKUP(クリーチャー_3!X57,$I$15:$K$27,3,FALSE())) -> 0
B54: 合計 | C54: {=_xlfn.IFS(COUNTIF(応用技!E56:G57,"創造")>=1,SUM(C51:C53)+1&"～"&SUM(C51:C53)+10,COUNTIF(応用技!E56:G57,"限定*")>=1,"※",COUNTIF(応用技!E56:G57,"影響無効")>=1,"※",TRUE(),SUM(C51:C53))} -> 0 | D54: =SUM(D51:D53) -> 0 | X54: 瞬減【命】 | Y54: 0 | Z54: 1 | AA54: 減衰系 | AD54: 合計 | AE54: {=_xlfn.IFS(COUNTIF(クリーチャー!S56:U57,"創造")>=1,SUM(AE51:AE53)+1&"～"&SUM(AE51:AE53)+10,COUNTIF(クリーチャー!S56:U57,"限定*")>=1,"※",COUNTIF(クリーチャー!S56:U57,"影響無効")>=1,"※",TRUE(),SUM(AE51:AE53))} -> 0 | AF54: =SUM(AF51:AF53) -> 0 | AJ54: 合計 | AK54: {=_xlfn.IFS(COUNTIF(クリーチャー_2!S56:U57,"創造")>=1,SUM(AK51:AK53)+1&"～"&SUM(AK51:AK53)+10,COUNTIF(クリーチャー_2!S56:U57,"限定*")>=1,"※",COUNTIF(クリーチャー_2!S56:U57,"影響無効")>=1,"※",TRUE(),SUM(AK51:AK53))} -> 0 | AL54: =SUM(AL51:AL53) -> 0 | AP54: 合計 | AQ54: {=_xlfn.IFS(COUNTIF(クリーチャー_3!S56:U57,"創造")>=1,SUM(AQ51:AQ53)+1&"～"&SUM(AQ51:AQ53)+10,COUNTIF(クリーチャー_3!S56:U57,"限定*")>=1,"※",COUNTIF(クリーチャー_3!S56:U57,"影響無効")>=1,"※",TRUE(),SUM(AQ51:AQ53))} -> 0 | AR54: =SUM(AR51:AR53) -> #NAME?
X55: 瞬減【回】 | Y55: 0 | Z55: 1 | AA55: 減衰系
B56: 技5（蟹） | C56: 消費 | D56: スペック | E56: 強化変数 | F56: 減衰変数 | X56: 瞬減【技】 | Y56: 0 | Z56: 1 | AA56: 減衰系 | AD56: 技5（蟹） | AE56: 消費 | AF56: スペック | AG56: 強化変数 | AH56: 減衰変数 | AJ56: 技5（蟹） | AK56: 消費 | AL56: スペック | AM56: 強化変数 | AN56: 減衰変数 | AP56: 技5（蟹） | AQ56: 消費 | AR56: スペック | AS56: 強化変数 | AT56: 減衰変数
B57: 発動系統 | C57: =IF(応用技!B56="－",0,VLOOKUP(応用技!B56,計算用!$T$6:$V$11,2,FALSE()))+IF(応用技!C56="－",0,VLOOKUP(応用技!C56,計算用!$T$6:$V$11,2,FALSE()))+IF(応用技!D56="－",0,VLOOKUP(応用技!D56,計算用!$T$6:$V$11,2,FALSE()))+COUNTIF(応用技!B56:D56,"防御発動")^2 -> 0 | D57: =IF(D58<0,0,IF(応用技!B56="－",0,VLOOKUP(応用技!B56,$I$6:$K$11,3,FALSE()))+IF(応用技!C56="－",0,VLOOKUP(応用技!C56,$I$6:$K$11,3,FALSE()))+IF(応用技!D56="－",0,VLOOKUP(応用技!D56,$I$6:$K$11,3,FALSE()))) -> 0 | X57: 瞬減【解】 | Y57: 0 | Z57: 1 | AA57: 減衰系 | AD57: 発動系統 | AE57: =IF(クリーチャー!P56="－",0,VLOOKUP(クリーチャー!P56,計算用!$T$6:$V$11,2,FALSE()))+IF(クリーチャー!Q56="－",0,VLOOKUP(クリーチャー!Q56,計算用!$T$6:$V$11,2,FALSE()))+IF(クリーチャー!R56="－",0,VLOOKUP(クリーチャー!R56,計算用!$T$6:$V$11,2,FALSE()))+COUNTIF(クリーチャー!P56:R56,"防御発動")^2 -> 0 | AF57: =IF(AF58<0,0,IF(クリーチャー!P56="－",0,VLOOKUP(クリーチャー!P56,$I$6:$K$11,3,FALSE()))+IF(クリーチャー!Q56="－",0,VLOOKUP(クリーチャー!Q56,$I$6:$K$11,3,FALSE()))+IF(クリーチャー!R56="－",0,VLOOKUP(クリーチャー!R56,$I$6:$K$11,3,FALSE()))) -> 0 | AJ57: 発動系統 | AK57: =IF(クリーチャー_2!P56="－",0,VLOOKUP(クリーチャー_2!P56,計算用!$T$6:$V$11,2,FALSE()))+IF(クリーチャー_2!Q56="－",0,VLOOKUP(クリーチャー_2!Q56,計算用!$T$6:$V$11,2,FALSE()))+IF(クリーチャー_2!R56="－",0,VLOOKUP(クリーチャー_2!R56,計算用!$T$6:$V$11,2,FALSE()))+COUNTIF(クリーチャー_2!P56:R56,"防御発動")^2 -> 0 | AL57: =IF(AL58<0,0,IF(クリーチャー_2!P56="－",0,VLOOKUP(クリーチャー_2!P56,$I$6:$K$11,3,FALSE()))+IF(クリーチャー_2!Q56="－",0,VLOOKUP(クリーチャー_2!Q56,$I$6:$K$11,3,FALSE()))+IF(クリーチャー_2!R56="－",0,VLOOKUP(クリーチャー_2!R56,$I$6:$K$11,3,FALSE()))) -> 0 | AP57: 発動系統 | AQ57: =IF(クリーチャー_3!P56="－",0,VLOOKUP(クリーチャー_3!P56,計算用!$T$6:$V$11,2,FALSE()))+IF(クリーチャー_3!Q56="－",0,VLOOKUP(クリーチャー_3!Q56,計算用!$T$6:$V$11,2,FALSE()))+IF(クリーチャー_3!R56="－",0,VLOOKUP(クリーチャー_3!R56,計算用!$T$6:$V$11,2,FALSE()))+COUNTIF(クリーチャー_3!P56:R56,"防御発動")^2 -> 0 | AR57: =IF(AR58<0,0,IF(クリーチャー_3!P56="－",0,VLOOKUP(クリーチャー_3!P56,$I$6:$K$11,3,FALSE()))+IF(クリーチャー_3!Q56="－",0,VLOOKUP(クリーチャー_3!Q56,$I$6:$K$11,3,FALSE()))+IF(クリーチャー_3!R56="－",0,VLOOKUP(クリーチャー_3!R56,$I$6:$K$11,3,FALSE()))) -> 0
B58: 付加効果 | C58: {=IF(応用技!E56="－",0,VLOOKUP(応用技!E56,$X$6:$AA$68,2,FALSE()))+IF(応用技!F56="－",0,VLOOKUP(応用技!F56,X6:$AA$68,2,FALSE()))+IF(応用技!G56="－",0,VLOOKUP(応用技!G56,$X$6:$AA$68,2,FALSE()))+IF(応用技!E57="－",0,VLOOKUP(応用技!E57,$X$6:$AA$68,2,FALSE()))+IF(応用技!F57="－",0,VLOOKUP(応用技!F57,$X$6:$AA$68,2,FALSE()))+IF(応用技!G57="－",0,VLOOKUP(応用技!G57,$X$6:$AA$68,2,FALSE()))+_xlfn.IFS(E58>=2,1+2*(E58-1),E58=1,1,E58=0,0)+_xlfn.IFS(F58>=2,1+2*(F58-1),F58=1,1,F58=0,0)} -> 0 | D58: =IF(応用技!E56="－",0,VLOOKUP(応用技!E56,$X$6:$AA$68,3,FALSE()))+IF(応用技!F56="－",0,VLOOKUP(応用技!F56,$X$6:$AA$68,3,FALSE()))+IF(応用技!G56="－",0,VLOOKUP(応用技!G56,$X$6:$AA$68,3,FALSE()))+IF(応用技!E57="－",0,VLOOKUP(応用技!E57,$X$6:$AA$68,3,FALSE()))+IF(応用技!F57="－",0,VLOOKUP(応用技!F57,$X$6:$AA$68,3,FALSE()))+IF(応用技!G57="－",0,VLOOKUP(応用技!G57,$X$6:$AA$68,3,FALSE())) -> 0 | E58: =COUNTIFS(応用技!E56:G57,"強化*") -> 0 | F58: =COUNTIFS(応用技!E56:G57,"減衰*")+COUNTIFS(応用技!E56:G57,"瞬減*") -> 0 | X58: 除外 | Y58: 2 | Z58: 1 | AD58: 付加効果 | AE58: {=IF(クリーチャー!S56="－",0,VLOOKUP(クリーチャー!S56,$X$6:$AA$68,2,FALSE())) +IF(クリーチャー!T56="－",0,VLOOKUP(クリーチャー!T56,X6:$AA$68,2,FALSE())) +IF(クリーチャー!U56="－",0,VLOOKUP(クリーチャー!U56,$X$6:$AA$68,2,FALSE())) +IF(クリーチャー!S57="－",0,VLOOKUP(クリーチャー!S57,$X$6:$AA$68,2,FALSE())) +IF(クリーチャー!T57="－",0,VLOOKUP(クリーチャー!T57,$X$6:$AA$68,2,FALSE())) +IF(クリーチャー!U57="－",0,VLOOKUP(クリーチャー!U57,$X$6:$AA$68,2,FALSE())) +_xlfn.IFS(AG58>=2,1+2*(AG58-1),AG58=1,1,AG58=0,0)+_xlfn.IFS(AH58>=2,1+2*(AH58-1),AH58=1,1,AH58=0,0)} -> 0 | AF58: =IF(クリーチャー!S56="－",0,VLOOKUP(クリーチャー!S56,$X$6:$AA$68,3,FALSE())) +IF(クリーチャー!T56="－",0,VLOOKUP(クリーチャー!T56,$X$6:$AA$68,3,FALSE())) +IF(クリーチャー!U56="－",0,VLOOKUP(クリーチャー!U56,$X$6:$AA$68,3,FALSE())) +IF(クリーチャー!S57="－",0,VLOOKUP(クリーチャー!S57,$X$6:$AA$68,3,FALSE())) +IF(クリーチャー!T57="－",0,VLOOKUP(クリーチャー!T57,$X$6:$AA$68,3,FALSE())) +IF(クリーチャー!U57="－",0,VLOOKUP(クリーチャー!U57,$X$6:$AA$68,3,FALSE())) -> 0 | AG58: =COUNTIFS(クリーチャー!S56:U57,"強化*") -> 0 | AH58: =COUNTIFS(クリーチャー!S56:U57,"減衰*") -> 0 | AJ58: 付加効果 | AK58: {=IF(クリーチャー_2!S56="－",0,VLOOKUP(クリーチャー_2!S56,$X$6:$AA$68,2,FALSE()))+IF(クリーチャー_2!T56="－",0,VLOOKUP(クリーチャー_2!T56,X6:$AA$68,2,FALSE()))+IF(クリーチャー_2!U56="－",0,VLOOKUP(クリーチャー_2!U56,$X$6:$AA$68,2,FALSE()))+IF(クリーチャー_2!S57="－",0,VLOOKUP(クリーチャー_2!S57,$X$6:$AA$68,2,FALSE()))+IF(クリーチャー_2!T57="－",0,VLOOKUP(クリーチャー_2!T57,$X$6:$AA$68,2,FALSE()))+IF(クリーチャー_2!U57="－",0,VLOOKUP(クリーチャー_2!U57,$X$6:$AA$68,2,FALSE()))+_xlfn.IFS(AM58>=2,1+2*(AM58-1),AM58=1,1,AM58=0,0)+_xlfn.IFS(AN58>=2,1+2*(AN58-1),AN58=1,1,AN58=0,0)} -> 0 | AL58: =IF(クリーチャー_2!S56="－",0,VLOOKUP(クリーチャー_2!S56,$X$6:$AA$68,3,FALSE()))+IF(クリーチャー_2!T56="－",0,VLOOKUP(クリーチャー_2!T56,$X$6:$AA$68,3,FALSE()))+IF(クリーチャー_2!U56="－",0,VLOOKUP(クリーチャー_2!U56,$X$6:$AA$68,3,FALSE()))+IF(クリーチャー_2!S57="－",0,VLOOKUP(クリーチャー_2!S57,$X$6:$AA$68,3,FALSE()))+IF(クリーチャー_2!T57="－",0,VLOOKUP(クリーチャー_2!T57,$X$6:$AA$68,3,FALSE()))+IF(クリーチャー_2!U57="－",0,VLOOKUP(クリーチャー_2!U57,$X$6:$AA$68,3,FALSE())) -> 0 | AM58: =COUNTIFS(クリーチャー_2!S56:U57,"強化*") -> 0 | AN58: =COUNTIFS(クリーチャー_2!S56:U57,"減衰*") -> 0 | AP58: 付加効果 | AQ58: {=IF(クリーチャー_3!S56="－",0,VLOOKUP(クリーチャー_3!S56,$X$6:$AA$68,2,FALSE()))+IF(クリーチャー_3!T56="－",0,VLOOKUP(クリーチャー_3!T56,X6:$AA$68,2,FALSE()))+IF(クリーチャー_3!U56="－",0,VLOOKUP(クリーチャー_3!U56,$X$6:$AA$68,2,FALSE()))+IF(クリーチャー_3!S57="－",0,VLOOKUP(クリーチャー_3!S57,$X$6:$AA$68,2,FALSE()))+IF(クリーチャー_3!T57="－",0,VLOOKUP(クリーチャー_3!T57,$X$6:$AA$68,2,FALSE()))+IF(クリーチャー_3!U57="－",0,VLOOKUP(クリーチャー_3!U57,$X$6:$AA$68,2,FALSE()))+_xlfn.IFS(AS58>=2,1+2*(AS58-1),AS58=1,1,AS58=0,0)+_xlfn.IFS(AT58>=2,1+2*(AT58-1),AT58=1,1,AT58=0,0)} -> 0 | AR58: =IF(クリーチャー_3!S56="－",0,VLOOKUP(クリーチャー_3!S56,$X$6:$AA$68,3,FALSE()))+IF(クリーチャー_3!T56="－",0,VLOOKUP(クリーチャー_3!T56,$X$6:$AA$68,3,FALSE()))+IF(クリーチャー_3!U56="－",0,VLOOKUP(クリーチャー_3!U56,$X$6:$AA$68,3,FALSE()))+IF(クリーチャー_3!S57="－",0,VLOOKUP(クリーチャー_3!S57,$X$6:$AA$68,3,FALSE()))+IF(クリーチャー_3!T57="－",0,VLOOKUP(クリーチャー_3!T57,$X$6:$AA$68,3,FALSE()))+IF(クリーチャー_3!U57="－",0,VLOOKUP(クリーチャー_3!U57,$X$6:$AA$68,3,FALSE())) -> 0 | AS58: =COUNTIFS(クリーチャー_3!S56:U57,"強化*") -> 0 | AT58: =COUNTIFS(クリーチャー_3!S56:U57,"減衰*") -> 0
B59: SE | C59: =IF(応用技!H56="－",0,VLOOKUP(応用技!H56,$T$15:$V$28,2,FALSE()))+IF(応用技!I56="－",0,VLOOKUP(応用技!I56,$T$15:$V$28,2,FALSE()))+IF(応用技!J56="－",0,VLOOKUP(応用技!J56,$T$15:$V$28,2,FALSE()))+IF(応用技!H57="－",0,VLOOKUP(応用技!H57,$T$15:$V$28,2,FALSE()))+IF(応用技!I57="－",0,VLOOKUP(応用技!I57,$T$15:$V$28,2,FALSE()))+IF(応用技!J57="－",0,VLOOKUP(応用技!J57,$T$15:$V$28,2,FALSE())) -> 0 | D59: =IF(応用技!H56="－",0,VLOOKUP(応用技!H56,$T$15:$V$28,3,FALSE()))+IF(応用技!I56="－",0,VLOOKUP(応用技!I56,$T$15:$V$28,3,FALSE()))+IF(応用技!J56="－",0,VLOOKUP(応用技!J56,$T$15:$V$28,3,FALSE()))+IF(応用技!H57="－",0,VLOOKUP(応用技!H57,$T$15:$V$28,3,FALSE()))+IF(応用技!I57="－",0,VLOOKUP(応用技!I57,$T$15:$V$28,3,FALSE()))+IF(応用技!J57="－",0,VLOOKUP(応用技!J57,$T$15:$V$28,3,FALSE())) -> 0 | X59: 敵視 | Y59: 2 | Z59: 1 | AD59: SE | AE59: =IF(クリーチャー!V56="－",0,VLOOKUP(クリーチャー!V56,$T$15:$V$28,2,FALSE())) +IF(クリーチャー!W56="－",0,VLOOKUP(クリーチャー!W56,$T$15:$V$28,2,FALSE())) +IF(クリーチャー!X56="－",0,VLOOKUP(クリーチャー!X56,$T$15:$V$28,2,FALSE())) +IF(クリーチャー!V57="－",0,VLOOKUP(クリーチャー!V57,$T$15:$V$28,2,FALSE())) +IF(クリーチャー!W57="－",0,VLOOKUP(クリーチャー!W57,$T$15:$V$28,2,FALSE())) +IF(クリーチャー!X57="－",0,VLOOKUP(クリーチャー!X57,$T$15:$V$28,2,FALSE())) -> 0 | AF59: =IF(クリーチャー!V56="－",0,VLOOKUP(クリーチャー!V56,$T$15:$V$28,3,FALSE())) +IF(クリーチャー!W56="－",0,VLOOKUP(クリーチャー!W56,$T$15:$V$28,3,FALSE())) +IF(クリーチャー!X56="－",0,VLOOKUP(クリーチャー!X56,$T$15:$V$28,3,FALSE())) +IF(クリーチャー!V57="－",0,VLOOKUP(クリーチャー!V57,$T$15:$V$28,3,FALSE())) +IF(クリーチャー!W57="－",0,VLOOKUP(クリーチャー!W57,$T$15:$V$28,3,FALSE())) +IF(クリーチャー!X57="－",0,VLOOKUP(クリーチャー!X57,$T$15:$V$28,3,FALSE())) -> 0 | AJ59: SE | AK59: =IF(クリーチャー_2!V56="－",0,VLOOKUP(クリーチャー_2!V56,$T$15:$V$28,2,FALSE()))+IF(クリーチャー_2!W56="－",0,VLOOKUP(クリーチャー_2!W56,$T$15:$V$28,2,FALSE()))+IF(クリーチャー_2!X56="－",0,VLOOKUP(クリーチャー_2!X56,$T$15:$V$28,2,FALSE()))+IF(クリーチャー_2!V57="－",0,VLOOKUP(クリーチャー_2!V57,$T$15:$V$28,2,FALSE()))+IF(クリーチャー_2!W57="－",0,VLOOKUP(クリーチャー_2!W57,$T$15:$V$28,2,FALSE()))+IF(クリーチャー_2!X57="－",0,VLOOKUP(クリーチャー_2!X57,$T$15:$V$28,2,FALSE())) -> 0 | AL59: =IF(クリーチャー_2!V56="－",0,VLOOKUP(クリーチャー_2!V56,$T$15:$V$28,3,FALSE()))+IF(クリーチャー_2!W56="－",0,VLOOKUP(クリーチャー_2!W56,$T$15:$V$28,3,FALSE()))+IF(クリーチャー_2!X56="－",0,VLOOKUP(クリーチャー_2!X56,$T$15:$V$28,3,FALSE()))+IF(クリーチャー_2!V57="－",0,VLOOKUP(クリーチャー_2!V57,$T$15:$V$28,3,FALSE()))+IF(クリーチャー_2!W57="－",0,VLOOKUP(クリーチャー_2!W57,$T$15:$V$28,3,FALSE()))+IF(クリーチャー_2!X57="－",0,VLOOKUP(クリーチャー_2!X57,$T$15:$V$28,3,FALSE())) -> 0 | AP59: SE | AQ59: =IF(クリーチャー_3!V56="－",0,VLOOKUP(クリーチャー_3!V56,$T$15:$V$28,2,FALSE()))+IF(クリーチャー_3!W56="－",0,VLOOKUP(クリーチャー_3!W56,$T$15:$V$28,2,FALSE()))+IF(クリーチャー_3!X56="－",0,VLOOKUP(クリーチャー_3!X56,$T$15:$V$28,2,FALSE()))+IF(クリーチャー_3!V57="－",0,VLOOKUP(クリーチャー_3!V57,$T$15:$V$28,2,FALSE()))+IF(クリーチャー_3!W57="－",0,VLOOKUP(クリーチャー_3!W57,$T$15:$V$28,2,FALSE()))+IF(クリーチャー_3!X57="－",0,VLOOKUP(クリーチャー_3!X57,$T$15:$V$28,2,FALSE())) -> 0 | AR59: =IF(クリーチャー_3!V56="－",0,VLOOKUP(クリーチャー_3!V56,$T$15:$V$28,3,FALSE()))+IF(クリーチャー_3!W56="－",0,VLOOKUP(クリーチャー_3!W56,$T$15:$V$28,3,FALSE()))+IF(クリーチャー_3!X56="－",0,VLOOKUP(クリーチャー_3!X56,$T$15:$V$28,3,FALSE()))+IF(クリーチャー_3!V57="－",0,VLOOKUP(クリーチャー_3!V57,$T$15:$V$28,3,FALSE()))+IF(クリーチャー_3!W57="－",0,VLOOKUP(クリーチャー_3!W57,$T$15:$V$28,3,FALSE()))+IF(クリーチャー_3!X57="－",0,VLOOKUP(クリーチャー_3!X57,$T$15:$V$28,3,FALSE())) -> 0
B60: 合計 | C60: {=_xlfn.IFS(COUNTIF(応用技!E56:G57,"創造")>=1,SUM(C57:C59)+1&"～"&SUM(C57:C59)+10,COUNTIF(応用技!E56:G57,"限定*")>=1,"※",COUNTIF(応用技!E56:G57,"影響無効")>=1,"※",TRUE(),SUM(C57:C59))} -> 0 | D60: =SUM(D57:D59) -> 0 | X60: 晩成【増強】 | Y60: 0 | Z60: -1 | AD60: 合計 | AE60: {=_xlfn.IFS(COUNTIF(クリーチャー!S56:U57,"創造")>=1,SUM(AE57:AE59)+1&"～"&SUM(AE57:AE59)+10,COUNTIF(クリーチャー!S56:U57,"限定*")>=1,"※",COUNTIF(クリーチャー!S56:U57,"影響無効")>=1,"※",TRUE(),SUM(AE57:AE59))} -> 0 | AF60: =SUM(AF57:AF59) -> 0 | AJ60: 合計 | AK60: {=_xlfn.IFS(COUNTIF(クリーチャー_2!S56:U57,"創造")>=1,SUM(AK57:AK59)+1&"～"&SUM(AK57:AK59)+10,COUNTIF(クリーチャー_2!S56:U57,"限定*")>=1,"※",COUNTIF(クリーチャー_2!S56:U57,"影響無効")>=1,"※",TRUE(),SUM(AK57:AK59))} -> 0 | AL60: =SUM(AL57:AL59) -> 0 | AP60: 合計 | AQ60: {=_xlfn.IFS(COUNTIF(クリーチャー_3!S56:U57,"創造")>=1,SUM(AQ57:AQ59)+1&"～"&SUM(AQ57:AQ59)+10,COUNTIF(クリーチャー_3!S56:U57,"限定*")>=1,"※",COUNTIF(クリーチャー_3!S56:U57,"影響無効")>=1,"※",TRUE(),SUM(AQ57:AQ59))} -> 0 | AR60: =SUM(AR57:AR59) -> 0
X61: 晩成【反応】 | Y61: 0 | Z61: -1
B62: 技6 | C62: 消費 | D62: スペック | E62: 強化変数 | F62: 減衰変数 | X62: 晩成【感覚】 | Y62: 0 | Z62: -1
B63: 発動系統 | C63: =IF(応用技!B67="－",0,VLOOKUP(応用技!B67,計算用!$I$6:$K$11,2,FALSE()))+IF(応用技!C67="－",0,VLOOKUP(応用技!C67,計算用!$I$6:$K$11,2,FALSE()))+IF(応用技!D67="－",0,VLOOKUP(応用技!D67,計算用!$I$6:$K$11,2,FALSE()))+COUNTIF(応用技!B67:D67,"防御発動")^2 -> 0 | D63: =IF(D64<0,0,IF(応用技!B67="－",0,VLOOKUP(応用技!B67,$I$6:$K$11,3,FALSE()))+IF(応用技!C67="－",0,VLOOKUP(応用技!C67,$I$6:$K$11,3,FALSE()))+IF(応用技!D67="－",0,VLOOKUP(応用技!D67,$I$6:$K$11,3,FALSE()))) -> 0 | X63: 晩成【幸運】 | Y63: 0 | Z63: -1
B64: 付加効果 | C64: {=IF(応用技!E67="－",0,VLOOKUP(応用技!E67,$M$6:$P$49,2,FALSE()))+IF(応用技!F67="－",0,VLOOKUP(応用技!F67,M6:$P$49,2,FALSE()))+IF(応用技!G67="－",0,VLOOKUP(応用技!G67,$M$6:$P$49,2,FALSE()))+IF(応用技!E68="－",0,VLOOKUP(応用技!E68,$M$6:$P$49,2,FALSE()))+IF(応用技!F68="－",0,VLOOKUP(応用技!F68,$M$6:$P$49,2,FALSE()))+IF(応用技!G68="－",0,VLOOKUP(応用技!G68,$M$6:$P$49,2,FALSE()))+_xlfn.IFS(E64>=2,1+2*(E64-1),E64=1,1,E64=0,0)+_xlfn.IFS(F64>=2,1+2*(F64-1),F64=1,1,F64=0,0)} -> 0 | D64: =IF(応用技!E67="－",0,VLOOKUP(応用技!E67,$M$6:$P$49,3,FALSE()))+IF(応用技!F67="－",0,VLOOKUP(応用技!F67,$M$6:$P$49,3,FALSE()))+IF(応用技!G67="－",0,VLOOKUP(応用技!G67,$M$6:$P$49,3,FALSE()))+IF(応用技!E68="－",0,VLOOKUP(応用技!E68,$M$6:$P$49,3,FALSE()))+IF(応用技!F68="－",0,VLOOKUP(応用技!F68,$M$6:$P$49,3,FALSE()))+IF(応用技!G68="－",0,VLOOKUP(応用技!G68,$M$6:$P$49,3,FALSE())) -> 0 | E64: =COUNTIFS(応用技!E67:G68,"強化*") -> 0 | F64: =COUNTIFS(応用技!E67:G68,"減衰*") -> 0 | X64: 喚装 | Y64: 0 | Z64: -2 | AA64: 喚装系
B65: SE | C65: =IF(応用技!H67="－",0,VLOOKUP(応用技!H67,$I$15:$K$27,2,FALSE()))+IF(応用技!I67="－",0,VLOOKUP(応用技!I67,$I$15:$K$27,2,FALSE()))+IF(応用技!J67="－",0,VLOOKUP(応用技!J67,$I$15:$K$27,2,FALSE()))+IF(応用技!H68="－",0,VLOOKUP(応用技!H68,$I$15:$K$27,2,FALSE()))+IF(応用技!I68="－",0,VLOOKUP(応用技!I68,$I$15:$K$27,2,FALSE()))+IF(応用技!J68="－",0,VLOOKUP(応用技!J68,$I$15:$K$27,2,FALSE())) -> 0 | D65: =IF(応用技!H67="－",0,VLOOKUP(応用技!H67,$I$15:$K$27,3,FALSE()))+IF(応用技!I67="－",0,VLOOKUP(応用技!I67,$I$15:$K$27,3,FALSE()))+IF(応用技!J67="－",0,VLOOKUP(応用技!J67,$I$15:$K$27,3,FALSE()))+IF(応用技!H68="－",0,VLOOKUP(応用技!H68,$I$15:$K$27,3,FALSE()))+IF(応用技!I68="－",0,VLOOKUP(応用技!I68,$I$15:$K$27,3,FALSE()))+IF(応用技!J68="－",0,VLOOKUP(応用技!J68,$I$15:$K$27,3,FALSE())) -> 0 | X65: 縮小【命】 | Y65: 2 | Z65: 1
B66: 合計 | C66: {=_xlfn.IFS(COUNTIF(応用技!E67:G68,"創造")>=1,SUM(C63:C65)+1&"～"&SUM(C63:C65)+10,COUNTIF(応用技!E67:G68,"限定*")>=1,"※",COUNTIF(応用技!E67:G68,"影響無効")>=1,"※",TRUE(),SUM(C63:C65))} -> 0 | D66: =SUM(D63:D65) -> 0 | X66: 縮小【回】 | Y66: 2 | Z66: 1
X67: 縮小【技】 | Y67: 2 | Z67: 1
B68: 技6（蟹） | C68: 消費 | D68: スペック | E68: 強化変数 | F68: 減衰変数 | X68: 縮小【解】 | Y68: 2 | Z68: 1
B69: 発動系統 | C69: =IF(応用技!B67="－",0,VLOOKUP(応用技!B67,計算用!$T$6:$V$11,2,FALSE()))+IF(応用技!C67="－",0,VLOOKUP(応用技!C67,計算用!$T$6:$V$11,2,FALSE()))+IF(応用技!D67="－",0,VLOOKUP(応用技!D67,計算用!$T$6:$V$11,2,FALSE()))+COUNTIF(応用技!B67:D67,"防御発動")^2 -> 0 | D69: =IF(D70<0,0,IF(応用技!B67="－",0,VLOOKUP(応用技!B67,$I$6:$K$11,3,FALSE()))+IF(応用技!C67="－",0,VLOOKUP(応用技!C67,$I$6:$K$11,3,FALSE()))+IF(応用技!D67="－",0,VLOOKUP(応用技!D67,$I$6:$K$11,3,FALSE()))) -> 0
B70: 付加効果 | C70: {=IF(応用技!E67="－",0,VLOOKUP(応用技!E67,$X$6:$AA$68,2,FALSE()))+IF(応用技!F67="－",0,VLOOKUP(応用技!F67,X6:$AA$68,2,FALSE()))+IF(応用技!G67="－",0,VLOOKUP(応用技!G67,$X$6:$AA$68,2,FALSE()))+IF(応用技!E68="－",0,VLOOKUP(応用技!E68,$X$6:$AA$68,2,FALSE()))+IF(応用技!F68="－",0,VLOOKUP(応用技!F68,$X$6:$AA$68,2,FALSE()))+IF(応用技!G68="－",0,VLOOKUP(応用技!G68,$X$6:$AA$68,2,FALSE()))+_xlfn.IFS(E70>=2,1+2*(E70-1),E70=1,1,E70=0,0)+_xlfn.IFS(F70>=2,1+2*(F70-1),F70=1,1,F70=0,0)} -> 0 | D70: =IF(応用技!E67="－",0,VLOOKUP(応用技!E67,$X$6:$AA$68,3,FALSE()))+IF(応用技!F67="－",0,VLOOKUP(応用技!F67,$X$6:$AA$68,3,FALSE()))+IF(応用技!G67="－",0,VLOOKUP(応用技!G67,$X$6:$AA$68,3,FALSE()))+IF(応用技!E68="－",0,VLOOKUP(応用技!E68,$X$6:$AA$68,3,FALSE()))+IF(応用技!F68="－",0,VLOOKUP(応用技!F68,$X$6:$AA$68,3,FALSE()))+IF(応用技!G68="－",0,VLOOKUP(応用技!G68,$X$6:$AA$68,3,FALSE())) -> 0 | E70: =COUNTIFS(応用技!E67:G68,"強化*") -> 0 | F70: =COUNTIFS(応用技!E67:G68,"減衰*")+COUNTIFS(応用技!E67:G68,"瞬減*") -> 0
B71: SE | C71: =IF(応用技!H67="－",0,VLOOKUP(応用技!H67,$T$15:$V$28,2,FALSE()))+IF(応用技!I67="－",0,VLOOKUP(応用技!I67,$T$15:$V$28,2,FALSE()))+IF(応用技!J67="－",0,VLOOKUP(応用技!J67,$T$15:$V$28,2,FALSE()))+IF(応用技!H68="－",0,VLOOKUP(応用技!H68,$T$15:$V$28,2,FALSE()))+IF(応用技!I68="－",0,VLOOKUP(応用技!I68,$T$15:$V$28,2,FALSE()))+IF(応用技!J68="－",0,VLOOKUP(応用技!J68,$T$15:$V$28,2,FALSE())) -> 0 | D71: =IF(応用技!H67="－",0,VLOOKUP(応用技!H67,$T$15:$V$28,3,FALSE()))+IF(応用技!I67="－",0,VLOOKUP(応用技!I67,$T$15:$V$28,3,FALSE()))+IF(応用技!J67="－",0,VLOOKUP(応用技!J67,$T$15:$V$28,3,FALSE()))+IF(応用技!H68="－",0,VLOOKUP(応用技!H68,$T$15:$V$28,3,FALSE()))+IF(応用技!I68="－",0,VLOOKUP(応用技!I68,$T$15:$V$28,3,FALSE()))+IF(応用技!J68="－",0,VLOOKUP(応用技!J68,$T$15:$V$28,3,FALSE())) -> 0
B72: 合計 | C72: {=_xlfn.IFS(COUNTIF(応用技!E67:G68,"創造")>=1,SUM(C69:C71)+1&"～"&SUM(C69:C71)+10,COUNTIF(応用技!E67:G68,"限定*")>=1,"※",COUNTIF(応用技!E67:G68,"影響無効")>=1,"※",TRUE(),SUM(C69:C71))} -> 0 | D72: =SUM(D69:D71) -> 0
B74: 技7 | C74: 消費 | D74: スペック | E74: 強化変数 | F74: 減衰変数
B75: 発動系統 | C75: =IF(応用技!B78="－",0,VLOOKUP(応用技!B78,計算用!$I$6:$K$11,2,FALSE()))+IF(応用技!C78="－",0,VLOOKUP(応用技!C78,計算用!$I$6:$K$11,2,FALSE()))+IF(応用技!D78="－",0,VLOOKUP(応用技!D78,計算用!$I$6:$K$11,2,FALSE()))+COUNTIF(応用技!B78:D78,"防御発動")^2 -> 0 | D75: =IF(D76<0,0,IF(応用技!B78="－",0,VLOOKUP(応用技!B78,$I$6:$K$11,3,FALSE()))+IF(応用技!C78="－",0,VLOOKUP(応用技!C78,$I$6:$K$11,3,FALSE()))+IF(応用技!D78="－",0,VLOOKUP(応用技!D78,$I$6:$K$11,3,FALSE()))) -> 0
B76: 付加効果 | C76: {=IF(応用技!E78="－",0,VLOOKUP(応用技!E78,$M$6:$P$49,2,FALSE()))+IF(応用技!F78="－",0,VLOOKUP(応用技!F78,M6:$P$49,2,FALSE()))+IF(応用技!G78="－",0,VLOOKUP(応用技!G78,$M$6:$P$49,2,FALSE()))+IF(応用技!E79="－",0,VLOOKUP(応用技!E79,$M$6:$P$49,2,FALSE()))+IF(応用技!F79="－",0,VLOOKUP(応用技!F79,$M$6:$P$49,2,FALSE()))+IF(応用技!G79="－",0,VLOOKUP(応用技!G79,$M$6:$P$49,2,FALSE()))+_xlfn.IFS(E76>=2,1+2*(E76-1),E76=1,1,E76=0,0)+_xlfn.IFS(F76>=2,1+2*(F76-1),F76=1,1,F76=0,0)} -> 0 | D76: =IF(応用技!E78="－",0,VLOOKUP(応用技!E78,$M$6:$P$49,3,FALSE()))+IF(応用技!F78="－",0,VLOOKUP(応用技!F78,$M$6:$P$49,3,FALSE()))+IF(応用技!G78="－",0,VLOOKUP(応用技!G78,$M$6:$P$49,3,FALSE()))+IF(応用技!E79="－",0,VLOOKUP(応用技!E79,$M$6:$P$49,3,FALSE()))+IF(応用技!F79="－",0,VLOOKUP(応用技!F79,$M$6:$P$49,3,FALSE()))+IF(応用技!G79="－",0,VLOOKUP(応用技!G79,$M$6:$P$49,3,FALSE())) -> 0 | E76: =COUNTIFS(応用技!E78:G79,"強化*") -> 0 | F76: =COUNTIFS(応用技!E78:G79,"減衰*") -> 0
B77: SE | C77: =IF(応用技!H78="－",0,VLOOKUP(応用技!H78,$I$15:$K$27,2,FALSE()))+IF(応用技!I78="－",0,VLOOKUP(応用技!I78,$I$15:$K$27,2,FALSE()))+IF(応用技!J78="－",0,VLOOKUP(応用技!J78,$I$15:$K$27,2,FALSE()))+IF(応用技!H79="－",0,VLOOKUP(応用技!H79,$I$15:$K$27,2,FALSE()))+IF(応用技!I79="－",0,VLOOKUP(応用技!I79,$I$15:$K$27,2,FALSE()))+IF(応用技!J79="－",0,VLOOKUP(応用技!J79,$I$15:$K$27,2,FALSE())) -> 0 | D77: =IF(応用技!H78="－",0,VLOOKUP(応用技!H78,$I$15:$K$27,3,FALSE()))+IF(応用技!I78="－",0,VLOOKUP(応用技!I78,$I$15:$K$27,3,FALSE()))+IF(応用技!J78="－",0,VLOOKUP(応用技!J78,$I$15:$K$27,3,FALSE()))+IF(応用技!H79="－",0,VLOOKUP(応用技!H79,$I$15:$K$27,3,FALSE()))+IF(応用技!I79="－",0,VLOOKUP(応用技!I79,$I$15:$K$27,3,FALSE()))+IF(応用技!J79="－",0,VLOOKUP(応用技!J79,$I$15:$K$27,3,FALSE())) -> 0
B78: 合計 | C78: {=_xlfn.IFS(COUNTIF(応用技!E78:G79,"創造")>=1,SUM(C75:C77)+1&"～"&SUM(C75:C77)+10,COUNTIF(応用技!E78:G79,"限定*")>=1,"※",COUNTIF(応用技!E78:G79,"影響無効")>=1,"※",TRUE(),SUM(C75:C77))} -> 0 | D78: =SUM(D75:D77) -> 0
B80: 技7（蟹） | C80: 消費 | D80: スペック | E80: 強化変数 | F80: 減衰変数
B81: 発動系統 | C81: =IF(応用技!B78="－",0,VLOOKUP(応用技!B78,計算用!$T$6:$V$11,2,FALSE()))+IF(応用技!C78="－",0,VLOOKUP(応用技!C78,計算用!$T$6:$V$11,2,FALSE()))+IF(応用技!D78="－",0,VLOOKUP(応用技!D78,計算用!$T$6:$V$11,2,FALSE()))+COUNTIF(応用技!B78:D78,"防御発動")^2 -> 0 | D81: =IF(D82<0,0,IF(応用技!B78="－",0,VLOOKUP(応用技!B78,$I$6:$K$11,3,FALSE()))+IF(応用技!C78="－",0,VLOOKUP(応用技!C78,$I$6:$K$11,3,FALSE()))+IF(応用技!D78="－",0,VLOOKUP(応用技!D78,$I$6:$K$11,3,FALSE()))) -> 0
B82: 付加効果 | C82: {=IF(応用技!E78="－",0,VLOOKUP(応用技!E78,$X$6:$AA$68,2,FALSE()))+IF(応用技!F78="－",0,VLOOKUP(応用技!F78,X6:$AA$68,2,FALSE()))+IF(応用技!G78="－",0,VLOOKUP(応用技!G78,$X$6:$AA$68,2,FALSE()))+IF(応用技!E79="－",0,VLOOKUP(応用技!E79,$X$6:$AA$68,2,FALSE()))+IF(応用技!F79="－",0,VLOOKUP(応用技!F79,$X$6:$AA$68,2,FALSE()))+IF(応用技!G79="－",0,VLOOKUP(応用技!G79,$X$6:$AA$68,2,FALSE()))+_xlfn.IFS(E82>=2,1+2*(E82-1),E82=1,1,E82=0,0)+_xlfn.IFS(F82>=2,1+2*(F82-1),F82=1,1,F82=0,0)} -> 0 | D82: =IF(応用技!E78="－",0,VLOOKUP(応用技!E78,$X$6:$AA$68,3,FALSE()))+IF(応用技!F78="－",0,VLOOKUP(応用技!F78,$X$6:$AA$68,3,FALSE()))+IF(応用技!G78="－",0,VLOOKUP(応用技!G78,$X$6:$AA$68,3,FALSE()))+IF(応用技!E79="－",0,VLOOKUP(応用技!E79,$X$6:$AA$68,3,FALSE()))+IF(応用技!F79="－",0,VLOOKUP(応用技!F79,$X$6:$AA$68,3,FALSE()))+IF(応用技!G79="－",0,VLOOKUP(応用技!G79,$X$6:$AA$68,3,FALSE())) -> 0 | E82: =COUNTIFS(応用技!E78:G79,"強化*") -> 0 | F82: =COUNTIFS(応用技!E78:G79,"減衰*")+COUNTIFS(応用技!E78:G79,"瞬減*") -> 0
B83: SE | C83: =IF(応用技!H78="－",0,VLOOKUP(応用技!H78,$T$15:$V$28,2,FALSE()))+IF(応用技!I78="－",0,VLOOKUP(応用技!I78,$T$15:$V$28,2,FALSE()))+IF(応用技!J78="－",0,VLOOKUP(応用技!J78,$T$15:$V$28,2,FALSE()))+IF(応用技!H79="－",0,VLOOKUP(応用技!H79,$T$15:$V$28,2,FALSE()))+IF(応用技!I79="－",0,VLOOKUP(応用技!I79,$T$15:$V$28,2,FALSE()))+IF(応用技!J79="－",0,VLOOKUP(応用技!J79,$T$15:$V$28,2,FALSE())) -> 0 | D83: =IF(応用技!H78="－",0,VLOOKUP(応用技!H78,$T$15:$V$28,3,FALSE()))+IF(応用技!I78="－",0,VLOOKUP(応用技!I78,$T$15:$V$28,3,FALSE()))+IF(応用技!J78="－",0,VLOOKUP(応用技!J78,$T$15:$V$28,3,FALSE()))+IF(応用技!H79="－",0,VLOOKUP(応用技!H79,$T$15:$V$28,3,FALSE()))+IF(応用技!I79="－",0,VLOOKUP(応用技!I79,$T$15:$V$28,3,FALSE()))+IF(応用技!J79="－",0,VLOOKUP(応用技!J79,$T$15:$V$28,3,FALSE())) -> 0
B84: 合計 | C84: {=_xlfn.IFS(COUNTIF(応用技!E78:G79,"創造")>=1,SUM(C81:C83)+1&"～"&SUM(C81:C83)+10,COUNTIF(応用技!E78:G79,"限定*")>=1,"※",COUNTIF(応用技!E78:G79,"影響無効")>=1,"※",TRUE(),SUM(C81:C83))} -> 0 | D84: =SUM(D81:D83) -> 0
B86: 技8 | C86: 消費 | D86: スペック | E86: 強化変数 | F86: 減衰変数
B87: 発動系統 | C87: =IF(応用技!B89="－",0,VLOOKUP(応用技!B89,計算用!$I$6:$K$11,2,FALSE()))+IF(応用技!C89="－",0,VLOOKUP(応用技!C89,計算用!$I$6:$K$11,2,FALSE()))+IF(応用技!D89="－",0,VLOOKUP(応用技!D89,計算用!$I$6:$K$11,2,FALSE()))+COUNTIF(応用技!B89:D89,"防御発動")^2 -> 0 | D87: =IF(D88<0,0,IF(応用技!B89="－",0,VLOOKUP(応用技!B89,$I$6:$K$11,3,FALSE()))+IF(応用技!C89="－",0,VLOOKUP(応用技!C89,$I$6:$K$11,3,FALSE()))+IF(応用技!D89="－",0,VLOOKUP(応用技!D89,$I$6:$K$11,3,FALSE()))) -> 0
B88: 付加効果 | C88: {=IF(応用技!E89="－",0,VLOOKUP(応用技!E89,$M$6:$P$49,2,FALSE()))+IF(応用技!F89="－",0,VLOOKUP(応用技!F89,M6:$P$49,2,FALSE()))+IF(応用技!G89="－",0,VLOOKUP(応用技!G89,$M$6:$P$49,2,FALSE()))+IF(応用技!E90="－",0,VLOOKUP(応用技!E90,$M$6:$P$49,2,FALSE()))+IF(応用技!F90="－",0,VLOOKUP(応用技!F90,$M$6:$P$49,2,FALSE()))+IF(応用技!G90="－",0,VLOOKUP(応用技!G90,$M$6:$P$49,2,FALSE()))+_xlfn.IFS(E88>=2,1+2*(E88-1),E88=1,1,E88=0,0)+_xlfn.IFS(F88>=2,1+2*(F88-1),F88=1,1,F88=0,0)} -> 0 | D88: =IF(応用技!E89="－",0,VLOOKUP(応用技!E89,$M$6:$P$49,3,FALSE()))+IF(応用技!F89="－",0,VLOOKUP(応用技!F89,$M$6:$P$49,3,FALSE()))+IF(応用技!G89="－",0,VLOOKUP(応用技!G89,$M$6:$P$49,3,FALSE()))+IF(応用技!E90="－",0,VLOOKUP(応用技!E90,$M$6:$P$49,3,FALSE()))+IF(応用技!F90="－",0,VLOOKUP(応用技!F90,$M$6:$P$49,3,FALSE()))+IF(応用技!G90="－",0,VLOOKUP(応用技!G90,$M$6:$P$49,3,FALSE())) -> 0 | E88: =COUNTIFS(応用技!E89:G90,"強化*") -> 0 | F88: =COUNTIFS(応用技!E89:G90,"減衰*") -> 0
B89: SE | C89: =IF(応用技!H89="－",0,VLOOKUP(応用技!H89,$I$15:$K$27,2,FALSE()))+IF(応用技!I89="－",0,VLOOKUP(応用技!I89,$I$15:$K$27,2,FALSE()))+IF(応用技!J89="－",0,VLOOKUP(応用技!J89,$I$15:$K$27,2,FALSE()))+IF(応用技!H90="－",0,VLOOKUP(応用技!H90,$I$15:$K$27,2,FALSE()))+IF(応用技!I90="－",0,VLOOKUP(応用技!I90,$I$15:$K$27,2,FALSE()))+IF(応用技!J90="－",0,VLOOKUP(応用技!J90,$I$15:$K$27,2,FALSE())) -> 0 | D89: =IF(応用技!H89="－",0,VLOOKUP(応用技!H89,$I$15:$K$27,3,FALSE()))+IF(応用技!I89="－",0,VLOOKUP(応用技!I89,$I$15:$K$27,3,FALSE()))+IF(応用技!J89="－",0,VLOOKUP(応用技!J89,$I$15:$K$27,3,FALSE()))+IF(応用技!H90="－",0,VLOOKUP(応用技!H90,$I$15:$K$27,3,FALSE()))+IF(応用技!I90="－",0,VLOOKUP(応用技!I90,$I$15:$K$27,3,FALSE()))+IF(応用技!J90="－",0,VLOOKUP(応用技!J90,$I$15:$K$27,3,FALSE())) -> 0
B90: 合計 | C90: {=_xlfn.IFS(COUNTIF(応用技!E89:G90,"創造")>=1,SUM(C87:C89)+1&"～"&SUM(C87:C89)+10,COUNTIF(応用技!E89:G90,"限定*")>=1,"※",COUNTIF(応用技!E89:G90,"影響無効")>=1,"※",TRUE(),SUM(C87:C89))} -> 0 | D90: =SUM(D87:D89) -> 0
B92: 技8（蟹） | C92: 消費 | D92: スペック | E92: 強化変数 | F92: 減衰変数
B93: 発動系統 | C93: =IF(応用技!B89="－",0,VLOOKUP(応用技!B89,計算用!$T$6:$V$11,2,FALSE()))+IF(応用技!C89="－",0,VLOOKUP(応用技!C89,計算用!$T$6:$V$11,2,FALSE()))+IF(応用技!D89="－",0,VLOOKUP(応用技!D89,計算用!$T$6:$V$11,2,FALSE()))+COUNTIF(応用技!B89:D89,"防御発動")^2 -> 0 | D93: =IF(D94<0,0,IF(応用技!B89="－",0,VLOOKUP(応用技!B89,$I$6:$K$11,3,FALSE()))+IF(応用技!C89="－",0,VLOOKUP(応用技!C89,$I$6:$K$11,3,FALSE()))+IF(応用技!D89="－",0,VLOOKUP(応用技!D89,$I$6:$K$11,3,FALSE()))) -> 0
B94: 付加効果 | C94: {=IF(応用技!E89="－",0,VLOOKUP(応用技!E89,$X$6:$AA$68,2,FALSE()))+IF(応用技!F89="－",0,VLOOKUP(応用技!F89,X6:$AA$68,2,FALSE()))+IF(応用技!G89="－",0,VLOOKUP(応用技!G89,$X$6:$AA$68,2,FALSE()))+IF(応用技!E90="－",0,VLOOKUP(応用技!E90,$X$6:$AA$68,2,FALSE()))+IF(応用技!F90="－",0,VLOOKUP(応用技!F90,$X$6:$AA$68,2,FALSE()))+IF(応用技!G90="－",0,VLOOKUP(応用技!G90,$X$6:$AA$68,2,FALSE()))+_xlfn.IFS(E94>=2,1+2*(E94-1),E94=1,1,E94=0,0)+_xlfn.IFS(F94>=2,1+2*(F94-1),F94=1,1,F94=0,0)} -> 0 | D94: =IF(応用技!E89="－",0,VLOOKUP(応用技!E89,$X$6:$AA$68,3,FALSE()))+IF(応用技!F89="－",0,VLOOKUP(応用技!F89,$X$6:$AA$68,3,FALSE()))+IF(応用技!G89="－",0,VLOOKUP(応用技!G89,$X$6:$AA$68,3,FALSE()))+IF(応用技!E90="－",0,VLOOKUP(応用技!E90,$X$6:$AA$68,3,FALSE()))+IF(応用技!F90="－",0,VLOOKUP(応用技!F90,$X$6:$AA$68,3,FALSE()))+IF(応用技!G90="－",0,VLOOKUP(応用技!G90,$X$6:$AA$68,3,FALSE())) -> 0 | E94: =COUNTIFS(応用技!E89:G90,"強化*") -> 0 | F94: =COUNTIFS(応用技!E89:G90,"減衰*")+COUNTIFS(応用技!E89:G90,"瞬減*") -> 0
B95: SE | C95: =IF(応用技!H89="－",0,VLOOKUP(応用技!H89,$T$15:$V$28,2,FALSE()))+IF(応用技!I89="－",0,VLOOKUP(応用技!I89,$T$15:$V$28,2,FALSE()))+IF(応用技!J89="－",0,VLOOKUP(応用技!J89,$T$15:$V$28,2,FALSE()))+IF(応用技!H90="－",0,VLOOKUP(応用技!H90,$T$15:$V$28,2,FALSE()))+IF(応用技!I90="－",0,VLOOKUP(応用技!I90,$T$15:$V$28,2,FALSE()))+IF(応用技!J90="－",0,VLOOKUP(応用技!J90,$T$15:$V$28,2,FALSE())) -> 0 | D95: =IF(応用技!H89="－",0,VLOOKUP(応用技!H89,$T$15:$V$28,3,FALSE()))+IF(応用技!I89="－",0,VLOOKUP(応用技!I89,$T$15:$V$28,3,FALSE()))+IF(応用技!J89="－",0,VLOOKUP(応用技!J89,$T$15:$V$28,3,FALSE()))+IF(応用技!H90="－",0,VLOOKUP(応用技!H90,$T$15:$V$28,3,FALSE()))+IF(応用技!I90="－",0,VLOOKUP(応用技!I90,$T$15:$V$28,3,FALSE()))+IF(応用技!J90="－",0,VLOOKUP(応用技!J90,$T$15:$V$28,3,FALSE())) -> 0
B96: 合計 | C96: {=_xlfn.IFS(COUNTIF(応用技!E89:G90,"創造")>=1,SUM(C93:C95)+1&"～"&SUM(C93:C95)+10,COUNTIF(応用技!E89:G90,"限定*")>=1,"※",COUNTIF(応用技!E89:G90,"影響無効")>=1,"※",TRUE(),SUM(C93:C95))} -> 0 | D96: =SUM(D93:D95) -> 0
B98: 圧迫合計
B99: 圧迫合計蟹
B101: 性質センサ
B102: 性質【増強】 | C102: =COUNTIF(応用技!$B$12:$J$90,計算用!B102) -> 0
B103: 性質【反応】 | C103: =COUNTIF(応用技!$B$12:$J$90,計算用!B103) -> 0
B104: 性質【感覚】 | C104: =COUNTIF(応用技!$B$12:$J$90,計算用!B104) -> 0
B105: 性質【幸運】 | C105: =COUNTIF(応用技!$B$12:$J$90,計算用!B105) -> 0
B106: 性質【威力】 | C106: =COUNTIF(応用技!$B$12:$J$90,計算用!B106) -> 0
...

Sheet クリーチャー
B2: クリーチャー名 | I2: 創造タイプ | K2: － | P2: 能力応用技 ※応用技は最大８個まで
P4: 発動スペック | R4: =F23 -> 2 | S4: 防御発動量 | U4: =ROUNDDOWN((C23)/2,0) -> 2 | V4: 付加補正量 | X4: =ROUNDDOWN((C23)/3,0) -> 1
B5: 使用PP | D5: 0 | F5: クリーチャー判定値 | H5: =C23 -> 4 | I5: =IF(L2="探索型",ROUNDDOWN(D23/3,0)+D23,D23) -> 0 | J5: クリーチャー能力タイプ | L5: －
P6: 喚装系圧迫分 | R6: =SUMPRODUCT(IFERROR(--RIGHT(キャラシート!H40:J51,1),0)) -> 0
B8: ステータス | F8: 取得探索技能 | I8: クリーチャーイメージ | P8: 技名 | U8: 射程 | V8: 技系統 | W8: 消費 | X8: 必要スペック
D9: 変動値 | U9: － | V9: － | W9: =IF(キャラシート!$I$3="蟹",計算用!AE12,計算用!AE6) -> 0 | X9: =IF(キャラシート!$I$3="蟹",計算用!AF12,計算用!AF6) -> 0
B10: HP | C10: =D5 -> 0 | F10: 取得可能数 | G10: =F23 -> 2
B11: SS | C11: =D5 -> 0 | P11: 発動系統 | S11: 付加効果 | V11: ＳＥ
B12: 命中力 | C12: =D5 -> 0 | P12: － | Q12: － | R12: － | S12: － | T12: － | U12: － | V12: － | W12: － | X12: －
B13: 回避力 | C13: =D5 -> 0 | S13: － | T13: － | U13: － | V13: － | W13: － | X13: －
B14: 防御力 | C14: =IF(K2="攻撃型",ROUNDDOWN(C23/3,0),0) -> 0 | P14: 効果補足
B15: 精神抵抗 | C15: =IF(K2="攻撃型",ROUNDDOWN(C23/3,0),0) -> 0
B16: 行動値 | C16: =D5 -> 0
P17: ※この行には具体的な補正量やトリガー条件などをお書き下さい。
B18: 攻撃力 | D18: ダメージボーナス | F18: 命中回避ダイス | G18: 探索判定ダイス
B19: =キャラシート!G35 -> 0 | C19: =キャラシート!H35 -> 0 | D19: =IF(K2="攻撃型",ROUNDDOWN(C23/3,0),0) -> 0 | F19: =IF(K2="速度型","2D6","1D6") -> 1D6 | G19: =IF(K2="探索型","2D6","1D6") -> 1D6 | P19: 技名 | U19: 射程 | V19: 技系統 | W19: 消費 | X19: 必要スペック
U20: － | V20: － | W20: =IF(キャラシート!$I$3="蟹",計算用!AE24,計算用!AE18) -> 0 | X20: =IF(キャラシート!$I$3="蟹",計算用!AF24,計算用!AF18) -> 0
B21: 能力名
P22: 発動系統 | S22: 付加効果 | V22: ＳＥ
B23: 能力精度 | C23: =キャラシート!H25-キャラシート!Y58 -> 4 | E23: 発動スペック | F23: =キャラシート!H27 -> 2 | P23: － | Q23: － | R23: － | S23: － | T23: － | U23: － | V23: － | W23: － | X23: －
B24: 能力説明 | S24: － | T24: － | U24: － | V24: － | W24: － | X24: －
P25: 効果補足
P28: ※この行には具体的な補正量やトリガー条件などをお書き下さい。
P30: 技名 | U30: 射程 | V30: 技系統 | W30: 消費 | X30: 必要スペック
B31: クリーチャー説明 | U31: － | V31: － | W31: =IF(キャラシート!$I$3="蟹",計算用!AE36,計算用!AE30) -> 0 | X31: =IF(キャラシート!$I$3="蟹",計算用!AF36,計算用!AF30) -> 0
P33: 発動系統 | S33: 付加効果 | V33: ＳＥ
P34: － | Q34: － | R34: － | S34: － | T34: － | U34: － | V34: － | W34: － | X34: －
S35: － | T35: － | U35: － | V35: － | W35: － | X35: －
P36: 効果補足
P39: ※この行には具体的な補正量やトリガー条件などをお書き下さい。
P41: 技名 | U41: 射程 | V41: 技系統 | W41: 消費 | X41: 必要スペック
U42: － | V42: － | W42: =IF(キャラシート!$I$3="蟹",計算用!AE48,計算用!AE42) -> 0 | X42: =IF(キャラシート!$I$3="蟹",計算用!AF48,計算用!AF42) -> 0
P44: 発動系統 | S44: 付加効果 | V44: ＳＥ
P45: － | Q45: － | R45: － | S45: － | T45: － | U45: － | V45: － | W45: － | X45: －
S46: － | T46: － | U46: － | V46: － | W46: － | X46: －
P47: 効果補足
P50: ※この行には具体的な補正量やトリガー条件などをお書き下さい。
P52: 技名 | U52: 射程 | V52: 技系統 | W52: 消費 | X52: 必要スペック
U53: － | V53: － | W53: =IF(キャラシート!$I$3="蟹",計算用!AE60,計算用!AE54) -> 0 | X53: =IF(キャラシート!$I$3="蟹",計算用!AF60,計算用!AF54) -> 0
P55: 発動系統 | S55: 付加効果 | V55: ＳＥ
P56: － | Q56: － | R56: － | S56: － | T56: － | U56: － | V56: － | W56: － | X56: －
S57: － | T57: － | U57: － | V57: － | W57: － | X57: －
P58: 効果補足
P61: ※この行には具体的な補正量やトリガー条件などをお書き下さい。

Sheet クリーチャー_2
B2: クリーチャー名 | I2: 創造タイプ | K2: － | P2: 能力応用技 ※応用技は最大８個まで
P4: 発動スペック | R4: =F23 -> 2 | S4: 防御発動量 | U4: =ROUNDDOWN((C23)/2,0) -> 2 | V4: 付加補正量 | X4: =ROUNDDOWN((C23)/3,0) -> 1
B5: 使用PP | D5: 0 | F5: クリーチャー判定値 | H5: =C23 -> 4 | I5: =IF(L2="探索型",ROUNDDOWN(D23/3,0)+D23,D23) -> 0 | J5: クリーチャー能力タイプ | L5: －
P6: 喚装系圧迫分 | R6: =SUMPRODUCT(IFERROR(--RIGHT(キャラシート!H40:J51,1),0)) -> 0
B8: ステータス | F8: 取得探索技能 | I8: クリーチャーイメージ | P8: 技名 | U8: 射程 | V8: 技系統 | W8: 消費 | X8: 必要スペック
D9: 変動値 | U9: － | V9: － | W9: =IF(キャラシート!I3="蟹",計算用!AK12,計算用!AK6) -> 0 | X9: =IF(キャラシート!$I$3="蟹",計算用!AL12,計算用!AL6) -> 0
B10: HP | C10: =D5 -> 0 | F10: 取得可能数 | G10: =F23 -> 2
B11: SS | C11: =D5 -> 0 | P11: 発動系統 | S11: 付加効果 | V11: ＳＥ
B12: 命中力 | C12: =D5 -> 0 | P12: － | Q12: － | R12: － | S12: － | T12: － | U12: － | V12: － | W12: － | X12: －
B13: 回避力 | C13: =D5 -> 0 | S13: － | T13: － | U13: － | V13: － | W13: － | X13: －
B14: 防御力 | C14: =IF(K2="攻撃型",ROUNDDOWN(C23/3,0),0) -> 0 | P14: 効果補足
B15: 精神抵抗 | C15: =IF(K2="攻撃型",ROUNDDOWN(C23/3,0),0) -> 0
B16: 行動値 | C16: =D5 -> 0
P17: ※この行には具体的な補正量やトリガー条件などをお書き下さい。
B18: 攻撃力 | D18: ダメージボーナス | F18: 命中回避ダイス | G18: 探索判定ダイス
B19: =キャラシート!G35 -> 0 | C19: =キャラシート!H35 -> 0 | D19: =IF(K2="攻撃型",ROUNDDOWN(C23/3,0),0) -> 0 | F19: =IF(K2="速度型","2D6","1D6") -> 1D6 | G19: =IF(K2="探索型","2D6","1D6") -> 1D6 | P19: 技名 | U19: 射程 | V19: 技系統 | W19: 消費 | X19: 必要スペック
U20: － | V20: － | W20: =IF(キャラシート!$I$3="蟹",計算用!AK24,計算用!AK18) -> 0 | X20: =IF(キャラシート!$I$3="蟹",計算用!AL24,計算用!AL18) -> 0
B21: 能力名
P22: 発動系統 | S22: 付加効果 | V22: ＳＥ
B23: 能力精度 | C23: =キャラシート!H25-キャラシート!Y58 -> 4 | E23: 発動スペック | F23: =キャラシート!H27 -> 2 | P23: － | Q23: － | R23: － | S23: － | T23: － | U23: － | V23: － | W23: － | X23: －
B24: 能力説明 | S24: － | T24: － | U24: － | V24: － | W24: － | X24: －
P25: 効果補足
P28: ※この行には具体的な補正量やトリガー条件などをお書き下さい。
P30: 技名 | U30: 射程 | V30: 技系統 | W30: 消費 | X30: 必要スペック
B31: クリーチャー説明 | U31: － | V31: － | W31: =IF(キャラシート!$I$3="蟹",計算用!AK36,計算用!AK30) -> 0 | X31: =IF(キャラシート!$I$3="蟹",計算用!AL36,計算用!AL30) -> 0
P33: 発動系統 | S33: 付加効果 | V33: ＳＥ
P34: － | Q34: － | R34: － | S34: － | T34: － | U34: － | V34: － | W34: － | X34: －
S35: － | T35: － | U35: － | V35: － | W35: － | X35: －
P36: 効果補足
P39: ※この行には具体的な補正量やトリガー条件などをお書き下さい。
P41: 技名 | U41: 射程 | V41: 技系統 | W41: 消費 | X41: 必要スペック
U42: － | V42: － | W42: =IF(キャラシート!$I$3="蟹",計算用!AK48,計算用!AK42) -> 0 | X42: =IF(キャラシート!$I$3="蟹",計算用!AL48,計算用!AL42) -> 0
P44: 発動系統 | S44: 付加効果 | V44: ＳＥ
P45: － | Q45: － | R45: － | S45: － | T45: － | U45: － | V45: － | W45: － | X45: －
S46: － | T46: － | U46: － | V46: － | W46: － | X46: －
P47: 効果補足
P50: ※この行には具体的な補正量やトリガー条件などをお書き下さい。
P52: 技名 | U52: 射程 | V52: 技系統 | W52: 消費 | X52: 必要スペック
U53: － | V53: － | W53: =IF(キャラシート!$I$3="蟹",計算用!AK60,計算用!AK54) -> 0 | X53: =IF(キャラシート!$I$3="蟹",計算用!AL60,計算用!AL54) -> 0
P55: 発動系統 | S55: 付加効果 | V55: ＳＥ
P56: － | Q56: － | R56: － | S56: － | T56: － | U56: － | V56: － | W56: － | X56: －
S57: － | T57: － | U57: － | V57: － | W57: － | X57: －
P58: 効果補足
P61: ※この行には具体的な補正量やトリガー条件などをお書き下さい。

Sheet クリーチャー_3
B2: クリーチャー名 | I2: 創造タイプ | K2: － | P2: 能力応用技 ※応用技は最大８個まで
P4: 発動スペック | R4: =F23 -> 2 | S4: 防御発動量 | U4: =ROUNDDOWN((C23)/2,0) -> 2 | V4: 付加補正量 | X4: =ROUNDDOWN((C23)/3,0) -> 1
B5: 使用PP | D5: 0 | F5: クリーチャー判定値 | H5: =C23 -> 4 | I5: =IF(L2="探索型",ROUNDDOWN(D23/3,0)+D23,D23) -> 0 | J5: クリーチャー能力タイプ | L5: －
P6: 喚装系圧迫分 | R6: =SUMPRODUCT(IFERROR(--RIGHT(キャラシート!H40:J51,1),0)) -> 0
B8: ステータス | F8: 取得探索技能 | I8: クリーチャーイメージ | P8: 技名 | U8: 射程 | V8: 技系統 | W8: 消費 | X8: 必要スペック
D9: 変動値 | U9: － | V9: － | W9: =IF(キャラシート!$I$3="蟹",計算用!AQ12,計算用!AQ6) -> 0 | X9: =IF(キャラシート!$I$3="蟹",計算用!AR12,計算用!AR6) -> 0
B10: HP | C10: =D5 -> 0 | F10: 取得可能数 | G10: =F23 -> 2
B11: SS | C11: =D5 -> 0 | P11: 発動系統 | S11: 付加効果 | V11: ＳＥ
B12: 命中力 | C12: =D5 -> 0 | P12: － | Q12: － | R12: － | S12: － | T12: － | U12: － | V12: － | W12: － | X12: －
B13: 回避力 | C13: =D5 -> 0 | S13: － | T13: － | U13: － | V13: － | W13: － | X13: －
B14: 防御力 | C14: =IF(K2="攻撃型",ROUNDDOWN(C23/3,0),0) -> 0 | P14: 効果補足
B15: 精神抵抗 | C15: =IF(K2="攻撃型",ROUNDDOWN(C23/3,0),0) -> 0
B16: 行動値 | C16: =D5 -> 0
P17: ※この行には具体的な補正量やトリガー条件などをお書き下さい。
B18: 攻撃力 | D18: ダメージボーナス | F18: 命中回避ダイス | G18: 探索判定ダイス
B19: =キャラシート!G35 -> 0 | C19: =キャラシート!H35 -> 0 | D19: =IF(K2="攻撃型",ROUNDDOWN(C23/3,0),0) -> 0 | F19: =IF(K2="速度型","2D6","1D6") -> 1D6 | G19: =IF(K2="探索型","2D6","1D6") -> 1D6 | P19: 技名 | U19: 射程 | V19: 技系統 | W19: 消費 | X19: 必要スペック
U20: － | V20: － | W20: =IF(キャラシート!$I$3="蟹",計算用!AQ24,計算用!AQ18) -> 0 | X20: =IF(キャラシート!$I$3="蟹",計算用!AR24,計算用!AR18) -> 0
B21: 能力名
P22: 発動系統 | S22: 付加効果 | V22: ＳＥ
B23: 能力精度 | C23: =キャラシート!H25-キャラシート!Y58 -> 4 | E23: 発動スペック | F23: =キャラシート!H27 -> 2 | P23: － | Q23: － | R23: － | S23: － | T23: － | U23: － | V23: － | W23: － | X23: －
B24: 能力説明 | S24: － | T24: － | U24: － | V24: － | W24: － | X24: －
P25: 効果補足
P28: ※この行には具体的な補正量やトリガー条件などをお書き下さい。
P30: 技名 | U30: 射程 | V30: 技系統 | W30: 消費 | X30: 必要スペック
B31: クリーチャー説明 | U31: － | V31: － | W31: =IF(キャラシート!$I$3="蟹",計算用!AQ36,計算用!AQ30) -> 0 | X31: =IF(キャラシート!$I$3="蟹",計算用!AR36,計算用!AR30) -> 0
P33: 発動系統 | S33: 付加効果 | V33: ＳＥ
P34: － | Q34: － | R34: － | S34: － | T34: － | U34: － | V34: － | W34: － | X34: －
S35: － | T35: － | U35: － | V35: － | W35: － | X35: －
P36: 効果補足
P39: ※この行には具体的な補正量やトリガー条件などをお書き下さい。
P41: 技名 | U41: 射程 | V41: 技系統 | W41: 消費 | X41: 必要スペック
U42: － | V42: － | W42: =IF(キャラシート!$I$3="蟹",計算用!AQ48,計算用!AQ42) -> 0 | X42: =IF(キャラシート!$I$3="蟹",計算用!AR48,計算用!AR42) -> 0
P44: 発動系統 | S44: 付加効果 | V44: ＳＥ
P45: － | Q45: － | R45: － | S45: － | T45: － | U45: － | V45: － | W45: － | X45: －
S46: － | T46: － | U46: － | V46: － | W46: － | X46: －
P47: 効果補足
P50: ※この行には具体的な補正量やトリガー条件などをお書き下さい。
P52: 技名 | U52: 射程 | V52: 技系統 | W52: 消費 | X52: 必要スペック
U53: － | V53: － | W53: =IF(キャラシート!$I$3="蟹",計算用!AQ60,計算用!AQ54) -> 0 | X53: =IF(キャラシート!$I$3="蟹",計算用!AR60,計算用!AR54) -> 0
P55: 発動系統 | S55: 付加効果 | V55: ＳＥ
P56: － | Q56: － | R56: － | S56: － | T56: － | U56: － | V56: － | W56: － | X56: －
S57: － | T57: － | U57: － | V57: － | W57: － | X57: －
P58: 効果補足
P61: ※この行には具体的な補正量やトリガー条件などをお書き下さい。

Sheet 進行表
A1: ●補正部分は【 活性タイプ 】を選択したら、暴走率によって自動反映します。
A2: ●ＳＳ・命中・回避の入力は【 2桁以上の数字 】を入力する事で自動変換の入力補助になってます。
A3: ※「101」と入力したら「10＋1D6」と反映。下1桁がダイス数扱いとなる。
A4: ●上記同様に攻撃力の入力は【 3桁の数字 】を入力する事で自動変換の入力補助になってます。
A5: ※「101」と入力したら「1D6+１」と反映。仮に4桁の「1011」と入力したら「10D6+11」と反映される。
B7: →手入力 | F7: 共有メモ
B8: →選択入力
M9: メモ欄 | N9: →
B10: →自動反映
B11: →自動反映
B13: →ＨＰ結果
B14: →ＰＰ結果
B15: →暴走率結果
A17: キャラクター名 | E17: ＰＬ名 | G17: 活性タイプ | I17: 状態異常 | M17: メモ欄 | N17: → | O17: 持ち越し | P17: cond 振り直し
A18: =キャラシート!B3 -> 0 | E18: =キャラシート!J3 -> 0 | G18: =キャラシート!F13 -> － | I18: - | K18: -
A19: ＨＰ | C19: PP | E19: 暴走率 | G19: ＳＰＥ | I19: 70%発症 | K19: 90%発症
A20: =B20+SUM(O24:IL24) -> 12 | B20: =J24+L24 -> 12 | C20: =D20-SUM(O25:IL25)+SUM(O26:IL26) -> 18 | D20: =J26+L26 -> 18 | E20: =J27+L27 -> 16 | F20: =E20+SUM(O27:IL27) -> 16 | G20: =キャラシート!C13 -> － | I20: － | K20: －
A21: 行動値 | B21: =キャラシート!D27 -> 5 | C21: 総消費PP | D21: 因子Ｄ | E21: =IF(F20<100,IF(F20<50,"通常状態",IF(F20<60,"暴走Lv1 ",IF(F20<70,"暴走Lv2",IF(F20<80,"暴走Lv3",IF(F20<90,"暴走Lv4","暴走Lv5"))))),IF(F20<110,"臨界Lv1",IF(F20<120,"臨界Lv2",IF(F20<130,"臨界Lv3",IF(F20<140,"臨界Lv4",IF(F20<150,"臨界Lv5",IF(F20<150,"活性Lv5","因子崩壊"))))))) -> 通常状態 | G21: カルマ | I21: 崩壊深度 | K21: 性質系
C22: =SUM(L25:IQ25) -> 0 | D22: =ROUNDDOWN((C22/5),0)+SUM(I23:IL23) -> 0 | E22: =IF(F20<50,"未活性",IF(F20<60,"活性Lv1",IF(F20<70,"活性Lv2",IF(F20<80,"活性Lv3",IF(F20<90,"活性Lv4",IF(F20<100,"活性Lv5",IF(F20<150,"活性Lv5","強制キャラロスト"))))))) -> 未活性 | G22: =キャラシート!J6 -> － | I22: =キャラシート!L6 -> 0 | K22: =IF(OR(A20<=B20/2,F20>=90),IF(F20>=120,"オーバーフロー","発動中"),"-") -> -
A23: ＳＳ | B23: =キャラシート!C31&"+"&キャラシート!D31&"D6" -> 6+1D6 | C23: =IF(G18="反応型",IF(50>F20,"+0",IF(60>F20,"+1",IF(70>F20,"+2",IF(F20>=70,"+3")))),"活性補正") -> 活性補正 | D23: 格闘 | E23: =キャラシート!G31&"D6"&"+"&キャラシート!H31 -> 0D6+0 | F23: =IF(G18="増強型",IF(50>F20,"+0",IF(60>F20,"+1",IF(70>F20,"+2",IF(F20>=70,"+3")))),"活性補正") -> 活性補正 | G23: 因子Ｄ増減欄⇒ | I23: condition | M23: ±入力 | N23: → | O23: =キャラシート!P4 -> －
A24: 命中 | B24: =キャラシート!C33&"+"&キャラシート!D33&"D6" -> 7+1D6 | D24: 武器 | E24: =キャラシート!G33&"D6"&"+"&キャラシート!H33 -> 0D6+0 | G24: ＨＰ変動欄⇒ | I24: 素HP | J24: =キャラシート!D17 -> 12 | K24: 追加HP | M24: ±入力 | N24: →
A25: 回避 | B25: =キャラシート!C35&"+"&キャラシート!D35&"D6" -> 7+1D6 | D25: 能力 | E25: =キャラシート!G35&"D6"&"+"&キャラシート!H35 -> 0D6+0 | G25: 消費ＰＰ欄⇒ | M25: プラス入力のみ | N25: →
A26: 防御 | B26: =キャラシート!D23 -> 2 | C26: =IF(G18="増強型",IF(50>F20,"+0",IF(60>F20,"+1",IF(70>F20,"+2",IF(F20>=70,"+3")))),"活性補正") -> 活性補正 | D26: 精度 | E26: =キャラシート!H25 -> 4 | G26: 回復ＰＰ欄⇒ | I26: 素PP | J26: =キャラシート!D19 -> 18 | K26: 追加PP | M26: プラス入力のみ | N26: →
A27: 抵抗 | B27: =キャラシート!D25 -> 2 | D27: スペック | E27: =キャラシート!H27 -> 2 | F27: =IF(G18="覚醒型",IF(50>F20,"+0",IF(60>F20,"+1",IF(70>F20,"+2",IF(F20>=70,"+3")))),"活性補正") -> 活性補正 | G27: 暴走率変動欄⇒ | I27: 素暴走 | J27: =キャラシート!D21 -> 16 | K27: 追加暴走 | L27: =L26 -> 0 | M27: ±入力 | N27: → | O27: =VLOOKUP(キャラシート!P3,リスト!C13:D19,2,FALSE) -> 0
A28: 技能 | B28: 基礎 | C28: 判定 | D28: 技能 | E28: 基礎 | F28: 判定 | G28: ＳＰＥチェック欄⇒ | I28: ＳＰＥ | J28: 1 | K28: 残 | L28: 1 | M28: ±入力 | N28: →
A29: 力技 | B29: =キャラシート!P15+キャラシート!Q15 -> 3 | C29: =B29+IF(A29=$G$31,$H$31,0)+IF(A29=$G$32,$H$32,0)+$H$34 -> 3 | D29: 隠密 | E29: =キャラシート!P21+キャラシート!Q21 -> 3 | F29: =E29+IF(D29=$G$31,$H$31,0)+IF(D29="$G$32",$H$32,0)+$H$34 -> 3 | G29: カルマチェック欄⇒ | I29: カルマ | J29: 1 | K29: 残 | L29: 1 | M29: ±入力 | N29: →
A30: 威圧 | B30: =キャラシート!P16+キャラシート!Q16 -> 3 | C30: =B30+IF(A30=$G$31,$H$31,0)+IF(A30=$G$32,$H$32,0)+$H$34 -> 3 | D30: 俊敏 | E30: =キャラシート!P22+キャラシート!Q22 -> 3 | F30: =E30+IF(D30=$G$31,$H$31,0)+IF(D30="$G$32",$H$32,0)+$H$34 -> 3 | G30: エキスパート補正 | I30: ↑最大使用回数は手動入力↑
A31: 観察眼 | B31: =キャラシート!P17+キャラシート!Q17 -> 3 | C31: =B31+IF(A31=$G$31,$H$31,0)+IF(A31=$G$32,$H$32,0)+$H$34 -> 3 | D31: 話術 | E31: =キャラシート!P23+キャラシート!Q23 -> 3 | F31: =E31+IF(D31=$G$31,$H$31,0)+IF(D31="$G$32",$H$32,0)+$H$34 -> 3 | G31: =キャラシート!P13 -> - | H31: =IF(G20="エキスパート","+4","0") -> 0 | I31: 申告用キャラ状態まとめ↓
A32: 察知 | B32: =キャラシート!P18+キャラシート!Q18 -> 3 | C32: =B32+IF(A32=$G$31,$H$31,0)+IF(A32=$G$32,$H$32,0)+$H$34 -> 3 | D32: 読心 | E32: =キャラシート!P24+キャラシート!Q24 -> 3 | F32: =E32+IF(D32=$G$31,$H$31,0)+IF(D32="$G$32",$H$32,0)+$H$34 -> 3 | G32: =キャラシート!Q13 -> - | H32: =IF(G20="エキスパート","+4","0") -> 0 | I32: ="HP"&A20&"/"&"PP"&C20&"/暴走"&F20&"%/"&D22&"D/総消費"&C22&"pp"&IF(J28="－",""," "&G20&"@"&L28)&IF(J29="－",""," "&G22&"@"&L29) -> HP12/PP18/暴走16%/0D/総消費0pp －@1 －@1
A33: 知識 | B33: =キャラシート!P19+キャラシート!Q19 -> 3 | C33: =B33+IF(A33=$G$31,$H$31,0)+IF(A33=$G$32,$H$32,0)+$H$34 -> 3 | D33: 閃き | E33: =キャラシート!P25+キャラシート!Q25 -> 3 | F33: =E33+IF(D33=$G$31,$H$31,0)+IF(D33="$G$32",$H$32,0)+$H$34 -> 3 | G33: 感覚型活性
A34: 技術 | B34: =キャラシート!P20+キャラシート!Q20 -> 3 | C34: =B34+IF(A34=$G$31,$H$31,0)+IF(A34=$G$32,$H$32,0)+$H$34 -> 3 | D34: 幸運 | E34: =キャラシート!P26+キャラシート!Q26 -> 3 | F34: =E34+IF(D34=$G$31,$H$31,0)+IF(D34="$G$32",$H$32,0)+$H$34 -> 3 | G34: =IF(G18="感覚型",IF(50>F20,"+0",IF(60>F20,"+1",IF(70>F20,"+2",IF(F20>=70,"+3")))),"活性補正") -> 活性補正 | H34: =IF(G34="活性補正","0",IF(G34="+1","1",IF(G34="+2","2",IF(G34="+3","3","0")))) -> 0
A36: キャラクター名 | E36: 命中回避 ダイス | F36: =クリーチャー!F19 -> 1D6 | G36: 取得技能 | M36: メモ欄 | N36: →
A37: =クリーチャー!D2 -> 0 | G37: 力技 | H37: - | I37: 観察眼 | J37: - | K37: 知識 | L37: -
E38: 探索 ダイス | F38: =クリーチャー!G19 -> 1D6 | G38: 威圧 | H38: - | I38: 察知 | J38: - | K38: 技術 | L38: -
G39: 隠密 | H39: - | I39: 話術 | J39: - | K39: 閃き | L39: -
A40: ＨＰ | C40: 行動値 | D40: =クリーチャー!C16+クリーチャー!D16 -> 0 | E40: 判定値 | F40: =クリーチャー!H5 -> 4 | G40: 俊敏 | H40: - | I40: 読心 | J40: - | K40: 幸運 | L40: -
A41: =B41+SUM(O42:IL42) -> 0 | B41: =J42 -> 0
A42: 命中 | B42: =クリーチャー!C12+クリーチャー!D12 -> 0 | C42: 回避 | D42: =クリーチャー!C13+クリーチャー!D13 -> 0 | E42: ＳＳ | F42: =クリーチャー!C11+クリーチャー!D11 -> 0 | G42: ＨＰ変動欄⇒ | I42: 素HP | J42: =クリーチャー!C10 -> 0 | M42: ±入力 | N42: →
A43: 防御 | B43: =クリーチャー!C14+クリーチャー!D14 -> 0 | C43: 抵抗 | D43: =クリーチャー!C15+クリーチャー!D15 -> 0 | G43: 攻撃力 | H43: =クリーチャー!B19&"D6+"&クリーチャー!C19+クリーチャー!D19 -> 0D6+0 | I43: 精度 | J43: =クリーチャー!C23 -> 4 | K43: スペック | L43: =クリーチャー!F23 -> 2
A45: キャラクター名 | E45: 命中回避 ダイス | F45: =クリーチャー_2!F19 -> 1D6 | G45: 取得技能 | M45: メモ欄 | N45: →
A46: =クリーチャー_2!D2 -> 0 | G46: 力技 | H46: - | I46: 観察眼 | J46: - | K46: 知識 | L46: -
E47: 探索 ダイス | F47: =クリーチャー_2!G19 -> 1D6 | G47: 威圧 | H47: - | I47: 察知 | J47: - | K47: 技術 | L47: -
G48: 隠密 | H48: - | I48: 話術 | J48: - | K48: 閃き | L48: -
A49: ＨＰ | C49: 行動値 | D49: =クリーチャー_2!C16+クリーチャー_2!D16 -> 0 | E49: 判定値 | F49: =クリーチャー_2!H5 -> 4 | G49: 俊敏 | H49: - | I49: 読心 | J49: - | K49: 幸運 | L49: -
A50: =B50+SUM(O51:IL51) -> 0 | B50: =J51 -> 0
A51: 命中 | B51: =クリーチャー_2!C12+クリーチャー!D12 -> 0 | C51: 回避 | D51: =クリーチャー_2!C13+クリーチャー_2!D13 -> 0 | E51: ＳＳ | F51: =クリーチャー_2!C11+クリーチャー_2!D11 -> 0 | G51: ＨＰ変動欄⇒ | I51: 素HP | J51: =クリーチャー_2!D5 -> 0 | M51: ±入力 | N51: →
A52: 防御 | B52: =クリーチャー_2!C14+クリーチャー_2!D14 -> 0 | C52: 抵抗 | D52: =クリーチャー_2!C15+クリーチャー_2!D15 -> 0 | G52: 攻撃力 | H52: =クリーチャー_2!B19&"D6+"&クリーチャー_2!C19+クリーチャー_2!D19 -> 0D6+0 | I52: 精度 | J52: =クリーチャー!C32 -> 0 | K52: スペック | L52: =クリーチャー!F32 -> 0
A54: キャラクター名 | E54: 命中回避 ダイス | F54: =クリーチャー_3!F19 -> 1D6 | G54: 取得技能 | M54: メモ欄 | N54: →
A55: =クリーチャー_3!D2 -> 0 | G55: 力技 | H55: - | I55: 観察眼 | J55: - | K55: 知識 | L55: -
E56: 探索 ダイス | F56: =クリーチャー_3!G19 -> 1D6 | G56: 威圧 | H56: - | I56: 察知 | J56: - | K56: 技術 | L56: -
G57: 隠密 | H57: - | I57: 話術 | J57: - | K57: 閃き | L57: -
A58: ＨＰ | C58: 行動値 | D58: =クリーチャー_3!C16+クリーチャー_3!D16 -> 0 | E58: 判定値 | F58: =クリーチャー_3!H5 -> 4 | G58: 俊敏 | H58: - | I58: 読心 | J58: - | K58: 幸運 | L58: -
A59: =B59+SUM(O60:IL60) -> 0 | B59: =J60 -> 0
A60: 命中 | B60: =クリーチャー_3!C12+クリーチャー_3!D12 -> 0 | C60: 回避 | D60: =クリーチャー_3!C13+クリーチャー_3!D13 -> 0 | E60: ＳＳ | F60: =クリーチャー!C11+クリーチャー!D11 -> 0 | G60: ＨＰ変動欄⇒ | I60: 素HP | J60: =クリーチャー_3!D5 -> 0 | M60: ±入力 | N60: →
A61: 防御 | B61: =クリーチャー_3!C14+クリーチャー_3!D14 -> 0 | C61: 抵抗 | D61: =クリーチャー_3!C15+クリーチャー_3!D15 -> 0 | G61: 攻撃力 | H61: =クリーチャー_3!B19&"D6+"&クリーチャー_3!C19+クリーチャー_3!D19 -> 0D6+0 | I61: 精度 | J61: =クリーチャー!#REF! -> #REF! | K61: スペック | L61: =クリーチャー!#REF! -> #REF!
A64: キャラクター名 | E64: ＰＬ名 | G64: 活性タイプ | I64: 状態異常 | M64: メモ欄 | N64: → | O64: 次回持ち越し
G65: － | I65: - | K65: -
A66: ＨＰ | C66: PP | E66: 暴走率 | G66: ＳＰＥ | I66: 70%発症 | K66: 90%発症
A67: =B67+SUM(O71:IL71) -> 0 | B67: =J71+L71 -> 0 | C67: =D67-SUM(O72:IL72)+SUM(O73:IL73) -> 0 | D67: =J73+L73 -> 0 | E67: =J74+L74 -> 0 | F67: =E67+SUM(O74:IL74) -> 0 | G67: － | I67: － | K67: －
A68: 行動値 | C68: 総消費PP | D68: 因子Ｄ | E68: =IF(F67<100,IF(F67<50,"通常状態",IF(F67<60,"暴走Lv1 ",IF(F67<70,"暴走Lv2",IF(F67<80,"暴走Lv3",IF(F67<90,"暴走Lv4","暴走Lv5"))))),IF(F67<110,"臨界Lv1",IF(F67<120,"臨界Lv2",IF(F67<130,"臨界Lv3",IF(F67<140,"臨界Lv4",IF(F67<150,"臨界Lv5",IF(F67<150,"活性Lv5","因子崩壊"))))))) -> 通常状態 | G68: カルマ | I68: 崩壊深度 | K68: 性質系
C69: =SUM(L72:IQ72) -> 0 | D69: =ROUNDDOWN((C69/5),0)+SUM(I70:IL70) -> 0 | E69: =IF(F67<50,"未活性",IF(F67<60,"活性Lv1",IF(F67<70,"活性Lv2",IF(F67<80,"活性Lv3",IF(F67<90,"活性Lv4",IF(F67<100,"活性Lv5",IF(F67<150,"活性Lv5","強制キャラロスト"))))))) -> 未活性 | G69: － | I69: － | K69: =IF(OR(A67<=B67/2,F67>=90),IF(F67>=120,"オーバーフロー","発動中"),"-") -> 発動中
A70: ＳＳ | C70: =IF(G65="反応型",IF(50>F67,"+0",IF(60>F67,"+1",IF(70>F67,"+2",IF(F67>=70,"+3")))),"活性補正") -> 活性補正 | D70: 格闘 | F70: =IF(G65="増強型",IF(50>F67,"+0",IF(60>F67,"+1",IF(70>F67,"+2",IF(F67>=70,"+3")))),"活性補正") -> 活性補正 | G70: 因子Ｄ増減欄⇒ | I70: condition | M70: ±入力 | N70: → | O70: 0
A71: 命中 | D71: 武器 | G71: ＨＰ変動欄⇒ | I71: 素HP | K71: 追加HP | M71: ±入力 | N71: →
A72: 回避 | D72: 能力 | G72: 消費ＰＰ欄⇒ | M72: プラス入力のみ | N72: →
A73: 防御 | C73: =IF(G65="増強型",IF(50>F67,"+0",IF(60>F67,"+1",IF(70>F67,"+2",IF(F67>=70,"+3")))),"活性補正") -> 活性補正 | D73: 精度 | G73: 回復ＰＰ欄⇒ | I73: 素PP | K73: 追加PP | M73: プラス入力のみ | N73: →
A74: 抵抗 | D74: スペック | F74: =IF(G65="覚醒型",IF(50>F67,"+0",IF(60>F67,"+1",IF(70>F67,"+2",IF(F67>=70,"+3")))),"活性補正") -> 活性補正 | G74: 暴走率変動欄⇒ | I74: 素暴走 | K74: 追加暴走 | L74: =L73 -> 0 | M74: ±入力 | N74: → | O74: 0
A75: 力技 | C75: 観察眼 | E75: 知識 | G75: 隠密 | I75: 話術 | K75: 閃き
A76: 威圧 | C76: 察知 | E76: 技術 | G76: 俊敏 | I76: 読心 | K76: 幸運
A78: キャラクター名 | E78: ＰＬ名 | G78: 活性タイプ | I78: 状態異常 | M78: メモ欄 | N78: → | O78: 次回持ち越し
G79: － | I79: - | K79: -
A80: ＨＰ | C80: PP | E80: 暴走率 | G80: ＳＰＥ | I80: 70%発症 | K80: 90%発症
A81: =B81+SUM(O85:IL85) -> 0 | B81: =J85+L85 -> 0 | C81: =D81-SUM(O86:IL86)+SUM(O87:IL87) -> 0 | D81: =J87+L87 -> 0 | E81: =J88+L88 -> 0 | F81: =E81+SUM(O88:IL88) -> 0 | G81: － | I81: － | K81: －
A82: 行動値 | C82: 総消費PP | D82: 因子Ｄ | E82: =IF(F81<100,IF(F81<50,"通常状態",IF(F81<60,"暴走Lv1 ",IF(F81<70,"暴走Lv2",IF(F81<80,"暴走Lv3",IF(F81<90,"暴走Lv4","暴走Lv5"))))),IF(F81<110,"臨界Lv1",IF(F81<120,"臨界Lv2",IF(F81<130,"臨界Lv3",IF(F81<140,"臨界Lv4",IF(F81<150,"臨界Lv5",IF(F81<150,"活性Lv5","因子崩壊"))))))) -> 通常状態 | G82: カルマ | I82: 崩壊深度 | K82: 性質系
C83: =SUM(L86:IQ86) -> 0 | D83: =ROUNDDOWN((C83/5),0)+SUM(I84:IL84) -> 0 | E83: =IF(F81<50,"未活性",IF(F81<60,"活性Lv1",IF(F81<70,"活性Lv2",IF(F81<80,"活性Lv3",IF(F81<90,"活性Lv4",IF(F81<100,"活性Lv5",IF(F81<150,"活性Lv5","強制キャラロスト"))))))) -> 未活性 | G83: － | I83: － | K83: =IF(OR(A81<=B81/2,F81>=90),IF(F81>=120,"オーバーフロー","発動中"),"-") -> 発動中
A84: ＳＳ | C84: =IF(G79="反応型",IF(50>F81,"+0",IF(60>F81,"+1",IF(70>F81,"+2",IF(F81>=70,"+3")))),"活性補正") -> 活性補正 | D84: 格闘 | F84: =IF(G79="増強型",IF(50>F81,"+0",IF(60>F81,"+1",IF(70>F81,"+2",IF(F81>=70,"+3")))),"活性補正") -> 活性補正 | G84: 因子Ｄ増減欄⇒ | I84: condition | M84: ±入力 | N84: → | O84: 0
A85: 命中 | D85: 武器 | G85: ＨＰ変動欄⇒ | I85: 素HP | K85: 追加HP | M85: ±入力 | N85: →
A86: 回避 | D86: 能力 | G86: 消費ＰＰ欄⇒ | M86: プラス入力のみ | N86: →
A87: 防御 | C87: =IF(G79="増強型",IF(50>F81,"+0",IF(60>F81,"+1",IF(70>F81,"+2",IF(F81>=70,"+3")))),"活性補正") -> 活性補正 | D87: 精度 | G87: 回復ＰＰ欄⇒ | I87: 素PP | K87: 追加PP | M87: プラス入力のみ | N87: →
A88: 抵抗 | D88: スペック | F88: =IF(G79="覚醒型",IF(50>F81,"+0",IF(60>F81,"+1",IF(70>F81,"+2",IF(F81>=70,"+3")))),"活性補正") -> 活性補正 | G88: 暴走率変動欄⇒ | I88: 素暴走 | K88: 追加暴走 | L88: =L87 -> 0 | M88: ±入力 | N88: → | O88: 0
A89: 力技 | C89: 観察眼 | E89: 知識 | G89: 隠密 | I89: 話術 | K89: 閃き
A90: 威圧 | C90: 察知 | E90: 技術 | G90: 俊敏 | I90: 読心 | K90: 幸運
A92: キャラクター名 | E92: ＰＬ名 | G92: 活性タイプ | I92: 状態異常 | M92: メモ欄 | N92: → | O92: 次回持ち越し
G93: － | I93: - | K93: -
A94: ＨＰ | C94: PP | E94: 暴走率 | G94: ＳＰＥ | I94: 70%発症 | K94: 90%発症
A95: =B95+SUM(O99:IL99) -> 0 | B95: =J99+L99 -> 0 | C95: =D95-SUM(O100:IL100)+SUM(O101:IL101) -> 0 | D95: =J101+L101 -> 0 | E95: =J102+L102 -> 0 | F95: =E95+SUM(O102:IL102) -> 0 | G95: － | I95: － | K95: －
A96: 行動値 | C96: 総消費PP | D96: 因子Ｄ | E96: =IF(F95<100,IF(F95<50,"通常状態",IF(F95<60,"暴走Lv1 ",IF(F95<70,"暴走Lv2",IF(F95<80,"暴走Lv3",IF(F95<90,"暴走Lv4","暴走Lv5"))))),IF(F95<110,"臨界Lv1",IF(F95<120,"臨界Lv2",IF(F95<130,"臨界Lv3",IF(F95<140,"臨界Lv4",IF(F95<150,"臨界Lv5",IF(F95<150,"活性Lv5","因子崩壊"))))))) -> 通常状態 | G96: カルマ | I96: 崩壊深度 | K96: 性質系
C97: =SUM(L100:IQ100) -> 0 | D97: =ROUNDDOWN((C97/5),0)+SUM(I98:IL98) -> 0 | E97: =IF(F95<50,"未活性",IF(F95<60,"活性Lv1",IF(F95<70,"活性Lv2",IF(F95<80,"活性Lv3",IF(F95<90,"活性Lv4",IF(F95<100,"活性Lv5",IF(F95<150,"活性Lv5","強制キャラロスト"))))))) -> 未活性 | G97: － | I97: － | K97: =IF(OR(A95<=B95/2,F95>=90),IF(F95>=120,"オーバーフロー","発動中"),"-") -> 発動中
A98: ＳＳ | C98: =IF(G93="反応型",IF(50>F95,"+0",IF(60>F95,"+1",IF(70>F95,"+2",IF(F95>=70,"+3")))),"活性補正") -> 活性補正 | D98: 格闘 | F98: =IF(G93="増強型",IF(50>F95,"+0",IF(60>F95,"+1",IF(70>F95,"+2",IF(F95>=70,"+3")))),"活性補正") -> 活性補正 | G98: 因子Ｄ増減欄⇒ | I98: condition | M98: ±入力 | N98: → | O98: 0
A99: 命中 | D99: 武器 | G99: ＨＰ変動欄⇒ | I99: 素HP | K99: 追加HP | M99: ±入力 | N99: →
A100: 回避 | D100: 能力 | G100: 消費ＰＰ欄⇒ | M100: プラス入力のみ | N100: →
A101: 防御 | C101: =IF(G93="増強型",IF(50>F95,"+0",IF(60>F95,"+1",IF(70>F95,"+2",IF(F95>=70,"+3")))),"活性補正") -> 活性補正 | D101: 精度 | G101: 回復ＰＰ欄⇒ | I101: 素PP | K101: 追加PP | M101: プラス入力のみ | N101: →
A102: 抵抗 | D102: スペック | F102: =IF(G93="覚醒型",IF(50>F95,"+0",IF(60>F95,"+1",IF(70>F95,"+2",IF(F95>=70,"+3")))),"活性補正") -> 活性補正 | G102: 暴走率変動欄⇒ | I102: 素暴走 | K102: 追加暴走 | L102: =L101 -> 0 | M102: ±入力 | N102: → | O102: 0
A103: 力技 | C103: 観察眼 | E103: 知識 | G103: 隠密 | I103: 話術 | K103: 閃き
A104: 威圧 | C104: 察知 | E104: 技術 | G104: 俊敏 | I104: 読心 | K104: 幸運
A106: キャラクター名 | E106: ＰＬ名 | G106: 活性タイプ | I106: 状態異常 | M106: メモ欄 | N106: → | O106: 次回持ち越し
G107: － | I107: - | K107: -
A108: ＨＰ | C108: PP | E108: 暴走率 | G108: ＳＰＥ | I108: 70%発症 | K108: 90%発症
A109: =B109+SUM(O113:IL113) -> 0 | B109: =J113+L113 -> 0 | C109: =D109-SUM(O114:IL114)+SUM(O115:IL115) -> 0 | D109: =J115+L115 -> 0 | E109: =J116+L116 -> 0 | F109: =E109+SUM(O116:IL116) -> 0 | G109: － | I109: － | K109: －
A110: 行動値 | C110: 総消費PP | D110: 因子Ｄ | E110: =IF(F109<100,IF(F109<50,"通常状態",IF(F109<60,"暴走Lv1 ",IF(F109<70,"暴走Lv2",IF(F109<80,"暴走Lv3",IF(F109<90,"暴走Lv4","暴走Lv5"))))),IF(F109<110,"臨界Lv1",IF(F109<120,"臨界Lv2",IF(F109<130,"臨界Lv3",IF(F109<140,"臨界Lv4",IF(F109<150,"臨界Lv5",IF(F109<150,"活性Lv5","因子崩壊"))))))) -> 通常状態 | G110: カルマ | I110: 崩壊深度 | K110: 性質系
C111: =SUM(L114:IQ114) -> 0 | D111: =ROUNDDOWN((C111/5),0)+SUM(I112:IL112) -> 0 | E111: =IF(F109<50,"未活性",IF(F109<60,"活性Lv1",IF(F109<70,"活性Lv2",IF(F109<80,"活性Lv3",IF(F109<90,"活性Lv4",IF(F109<100,"活性Lv5",IF(F109<150,"活性Lv5","強制キャラロスト"))))))) -> 未活性 | G111: － | I111: － | K111: =IF(OR(A109<=B109/2,F109>=90),IF(F109>=120,"オーバーフロー","発動中"),"-") -> 発動中
...

Sheet 進行表(2)
C2: キャラクター名 | E2: ＰＬ名 | G2: 活性タイプ | I2: ＳＳ | J2: =キャラシート!C31&"+"&キャラシート!D31&"D6" -> 6+1D6 | K2: 命中 | L2: =キャラシート!C33&"+"&キャラシート!D33&"D6" -> 7+1D6 | M2: 回避 | N2: =キャラシート!C35&"+"&キャラシート!D35&"D6" -> 7+1D6 | O2: 技能 | P2: 基礎 | Q2: 補正 | R2: 技能 | S2: 基礎 | T2: 補正
C3: =キャラシート!B3 -> 0 | E3: =キャラシート!J3 -> 0 | G3: =キャラシート!F13 -> － | J3: =IF(G3="反応型",IF(50>H5,0,IF(60>H5,1,IF(70>H5,2,IF(H5>=70,3)))),0)+IF(計算用!C103=1,IF(OR(M11="ギャンブル発動中",M11="オーバーフロー"),応用技!J4*2,IF(OR(M11="幸運発動中",M11="発動中"),応用技!J4,0)),0) -> 0 | L3: =IF(G3="反応型",IF(50>H5,0,IF(60>H5,1,IF(70>H5,2,IF(H5>=70,3)))),0)+IF(計算用!C103=1,IF(OR(M11="ギャンブル発動中",M11="オーバーフロー"),応用技!J4*2,IF(OR(M11="幸運発動中",M11="発動中"),応用技!J4,0)),0) -> 0 | N3: =IF(G3="反応型",IF(50>H5,0,IF(60>H5,1,IF(70>H5,2,IF(H5>=70,3)))),0)+IF(計算用!C103=1,IF(OR(M11="ギャンブル発動中",M11="オーバーフロー"),応用技!J4*2,IF(OR(M11="幸運発動中",M11="発動中"),応用技!J4,0)),0) -> 0 | O3: 力技 | P3: =キャラシート!P15+キャラシート!Q15 -> 3 | Q3: =IF(O3=$P$9,$Q$9,0)+IF(O3=$P$10,$Q$10,0)+$S$9+IF(計算用!$C$104=1,IF(OR($M$11="ギャンブル発動中",$M$11="オーバーフロー"),応用技!$J$4*2,IF(OR($M$11="幸運発動中",$M$11="発動中"),応用技!$J$4,0)),0) -> 0 | R3: 隠密 | S3: =キャラシート!P21+キャラシート!Q21 -> 3 | T3: =IF(R3=$P$9,$Q$9,0)+IF(R3=$P$10,$Q$10,0)+$S$9+IF(計算用!$C$104=1,IF(OR($M$11="ギャンブル発動中",$M$11="オーバーフロー"),応用技!$J$4*2,IF(OR($M$11="幸運発動中",$M$11="発動中"),応用技!$J$4,0)),0) -> 0
C4: ＨＰ | E4: PP | G4: 暴走率 | I4: 防御 | J4: =キャラシート!D23 -> 2 | K4: 抵抗 | L4: =キャラシート!D25 -> 2 | M4: 精度 | N4: =キャラシート!H25 -> 4 | O4: 威圧 | P4: =キャラシート!P16+キャラシート!Q16 -> 3 | Q4: =IF(O4=$P$9,$Q$9,0)+IF(O4=$P$10,$Q$10,0)+$S$9+IF(計算用!$C$104=1,IF(OR($M$11="ギャンブル発動中",$M$11="オーバーフロー"),応用技!$J$4*2,IF(OR($M$11="幸運発動中",$M$11="発動中"),応用技!$J$4,0)),0) -> 0 | R4: 俊敏 | S4: =キャラシート!P22+キャラシート!Q22 -> 3 | T4: =IF(R4=$P$9,$Q$9,0)+IF(R4=$P$10,$Q$10,0)+$S$9+IF(計算用!$C$104=1,IF(OR($M$11="ギャンブル発動中",$M$11="オーバーフロー"),応用技!$J$4*2,IF(OR($M$11="幸運発動中",$M$11="発動中"),応用技!$J$4,0)),0) -> 0
C5: =D5-SUM(N14:N513)+SUM(M14:M513) -> 12 | D5: =キャラシート!D17+D6 -> 12 | E5: =F5-SUM(P14:P513)+SUM(O14:O513) -> 18 | F5: =キャラシート!D19+F6 -> 18 | G5: =キャラシート!D21+SUM(H6:H7) -> 16 | H5: =G5-SUM(R14:R513)+SUM(Q14:Q513) -> 16 | J5: =IF(G3="増強型",IF(50>H5,0,IF(60>H5,1,IF(70>H5,2,IF(H5>=70,3)))),0)+IF(計算用!C107=1,IF(OR(M11="ギャンブル発動中",M11="オーバーフロー"),応用技!J4*2,IF(OR(M11="幸運発動中",M11="発動中"),応用技!J4,0)),0)+IF(計算用!C102=1,IF(OR(M11="ギャンブル発動中",M11="オーバーフロー"),応用技!J4*2,IF(OR(M11="幸運発動中",M11="発動中"),応用技!J4,0)),0) -> 0 | L5: =IF(G3="増強型",IF(50>H5,0,IF(60>H5,1,IF(70>H5,2,IF(H5>=70,3)))),0)+IF(計算用!C107=1,IF(OR(M11="ギャンブル発動中",M11="オーバーフロー"),応用技!J4*2,IF(OR(M11="幸運発動中",M11="発動中"),応用技!J4,0)),0)+IF(計算用!C102=1,IF(OR(M11="ギャンブル発動中",M11="オーバーフロー"),応用技!J4*2,IF(OR(M11="幸運発動中",M11="発動中"),応用技!J4,0)),0) -> 0 | O5: 観察眼 | P5: =キャラシート!P17+キャラシート!Q17 -> 3 | Q5: =IF(O5=$P$9,$Q$9,0)+IF(O5=$P$10,$Q$10,0)+$S$9+IF(計算用!$C$104=1,IF(OR($M$11="ギャンブル発動中",$M$11="オーバーフロー"),応用技!$J$4*2,IF(OR($M$11="幸運発動中",$M$11="発動中"),応用技!$J$4,0)),0) -> 0 | R5: 話術 | S5: =キャラシート!P23+キャラシート!Q23 -> 3 | T5: =IF(R5=$P$9,$Q$9,0)+IF(R5=$P$10,$Q$10,0)+$S$9+IF(計算用!$C$104=1,IF(OR($M$11="ギャンブル発動中",$M$11="オーバーフロー"),応用技!$J$4*2,IF(OR($M$11="幸運発動中",$M$11="発動中"),応用技!$J$4,0)),0) -> 0
C6: 追加HP | D6: 0 | E6: 追加PP | F6: 0 | G6: 追加暴走 | H6: =F6 -> 0 | I6: 格闘 | J6: =キャラシート!G31&"D6"&"+"&キャラシート!H31 -> 0D6+0 | K6: 武器 | L6: =キャラシート!G33&"D6"&"+"&キャラシート!H33 -> 0D6+0 | M6: 能力 | N6: =キャラシート!G35&"D6"&"+"&キャラシート!H35 -> 0D6+0 | O6: 察知 | P6: =キャラシート!P18+キャラシート!Q18 -> 3 | Q6: =IF(O6=$P$9,$Q$9,0)+IF(O6=$P$10,$Q$10,0)+$S$9+IF(計算用!$C$104=1,IF(OR($M$11="ギャンブル発動中",$M$11="オーバーフロー"),応用技!$J$4*2,IF(OR($M$11="幸運発動中",$M$11="発動中"),応用技!$J$4,0)),0) -> 0 | R6: 読心 | S6: =キャラシート!P24+キャラシート!Q24 -> 3 | T6: =IF(R6=$P$9,$Q$9,0)+IF(R6=$P$10,$Q$10,0)+$S$9+IF(計算用!$C$104=1,IF(OR($M$11="ギャンブル発動中",$M$11="オーバーフロー"),応用技!$J$4*2,IF(OR($M$11="幸運発動中",$M$11="発動中"),応用技!$J$4,0)),0) -> 0
C7: 行動値 | D7: =キャラシート!D27+IF(計算用!C104=1,IF(M11="発動中",応用技!J4,0)) -> 5 | E7: 総消費PP | F7: =SUM(P14:P513) -> 0 | G7: 持越暴走 | H7: =VLOOKUP(キャラシート!P3,リスト!C13:D19,2,FALSE) -> 0 | J7: =IF(G3="増強型",IF(50>H5,0,IF(60>H5,1,IF(70>H5,2,IF(H5>=70,3)))),0)+IF(計算用!C106=1,IF(OR(M11="ギャンブル発動中",M11="オーバーフロー"),応用技!J4*2,IF(OR(M11="幸運発動中",M11="発動中"),応用技!J4,0)),0)+IF(計算用!C102=1,IF(OR(M11="ギャンブル発動中",M11="オーバーフロー"),応用技!J4*2,IF(OR(M11="幸運発動中",M11="発動中"),応用技!J4,0)),0) -> 0 | L7: =IF(G3="増強型",IF(50>H5,0,IF(60>H5,1,IF(70>H5,2,IF(H5>=70,3)))),0)+IF(計算用!C106=1,IF(OR(M11="ギャンブル発動中",M11="オーバーフロー"),応用技!J4*2,IF(OR(M11="幸運発動中",M11="発動中"),応用技!J4,0)),0)+IF(計算用!C102=1,IF(OR(M11="ギャンブル発動中",M11="オーバーフロー"),応用技!J4*2,IF(OR(M11="幸運発動中",M11="発動中"),応用技!J4,0)),0) -> 0 | N7: =IF(G3="増強型",IF(50>H5,0,IF(60>H5,1,IF(70>H5,2,IF(H5>=70,3)))),0)+IF(計算用!C106=1,IF(OR(M11="ギャンブル発動中",M11="オーバーフロー"),応用技!J4*2,IF(OR(M11="幸運発動中",M11="発動中"),応用技!J4,0)),0)+IF(計算用!C102=1,IF(OR(M11="ギャンブル発動中",M11="オーバーフロー"),応用技!J4*2,IF(OR(M11="幸運発動中",M11="発動中"),応用技!J4,0)),0) -> 0 | O7: 知識 | P7: =キャラシート!P19+キャラシート!Q19 -> 3 | Q7: =IF(O7=$P$9,$Q$9,0)+IF(O7=$P$10,$Q$10,0)+$S$9+IF(計算用!$C$104=1,IF(OR($M$11="ギャンブル発動中",$M$11="オーバーフロー"),応用技!$J$4*2,IF(OR($M$11="幸運発動中",$M$11="発動中"),応用技!$J$4,0)),0) -> 0 | R7: 閃き | S7: =キャラシート!P25+キャラシート!Q25 -> 3 | T7: =IF(R7=$P$9,$Q$9,0)+IF(R7=$P$10,$Q$10,0)+$S$9+IF(計算用!$C$104=1,IF(OR($M$11="ギャンブル発動中",$M$11="オーバーフロー"),応用技!$J$4*2,IF(OR($M$11="幸運発動中",$M$11="発動中"),応用技!$J$4,0)),0) -> 0
C8: スペック | D8: =キャラシート!H27+D9 -> 2 | E8: 因子Ｄ | F8: =ROUNDDOWN((F7/5),0)+SUM(L14:L513)+F9 -> 0 | G8: =IF(H5<100,IF(H5<50,"通常状態",IF(H5<60,"暴走Lv1 ",IF(H5<70,"暴走Lv2",IF(H5<80,"暴走Lv3",IF(H5<90,"暴走Lv4","暴走Lv5"))))),IF(H5<110,"臨界Lv1",IF(H5<120,"臨界Lv2",IF(H5<130,"臨界Lv3",IF(H5<140,"臨界Lv4",IF(H5<150,"臨界Lv5",IF(H5<150,"活性Lv5","因子崩壊"))))))) -> 通常状態 | I8: 状態異常 | K8: - | M8: 崩壊深度 | O8: 技術 | P8: =キャラシート!P20+キャラシート!Q20 -> 3 | Q8: =IF(O8=$P$9,$Q$9,0)+IF(O8=$P$10,$Q$10,0)+$S$9+IF(計算用!$C$104=1,IF(OR($M$11="ギャンブル発動中",$M$11="オーバーフロー"),応用技!$J$4*2,IF(OR($M$11="幸運発動中",$M$11="発動中"),応用技!$J$4,0)),0) -> 0 | R8: 幸運 | S8: =キャラシート!P26+キャラシート!Q26 -> 3 | T8: =IF(R8=$P$9,$Q$9,0)+IF(R8=$P$10,$Q$10,0)+$S$9+IF(計算用!$C$104=1,IF(OR($M$11="ギャンブル発動中",$M$11="オーバーフロー"),応用技!$J$4*2,IF(OR($M$11="幸運発動中",$M$11="発動中"),応用技!$J$4,0)),0) -> 0
C9: 補正 | D9: =IF(G3="覚醒型",IF(50>H5,0,IF(60>H5,1,IF(70>H5,2,IF(H5>=70,3)))),0)-応用技!D5 -> 0 | E9: 持越因子 | F9: =IF(キャラシート!P4="－",0,キャラシート!P4) -> 0 | G9: =IF(H5<50,"未活性",IF(H5<60,"活性Lv1",IF(H5<70,"活性Lv2",IF(H5<80,"活性Lv3",IF(H5<90,"活性Lv4",IF(H5<100,"活性Lv5",IF(H5<150,"活性Lv5","強制キャラロスト"))))))) -> 未活性 | K9: - | M9: =キャラシート!L6 -> 0 | O9: エキ スパ | P9: =キャラシート!P13 -> - | Q9: =IF(D10="エキスパート","+4",0) -> 0 | R9: 感覚 活性 | S9: =IF(G3="感覚型",IF(50>H5,"+0",IF(60>H5,"+1",IF(70>H5,"+2",IF(H5>=70,"+3")))),0) -> 0
C10: ＳＰＥ | D10: =キャラシート!C13 -> － | G10: 残 | H10: =VLOOKUP(D10,リスト!AR:AS,2,0)-SUM(S14:S513) -> 0 | I10: 70%発症 | K10: - | M10: 性質系 | P10: =キャラシート!Q13 -> - | Q10: =IF(D10="エキスパート","+4",0) -> 0
C11: カルマ | D11: =キャラシート!J6 -> － | G11: 残 | H11: =IF(キャラシート!I3="蟹",VLOOKUP(D11,リスト!AU:AW,3,0)-SUM(T14:T513),VLOOKUP(D11,リスト!AU:AV,2,0)-SUM(T14:T513)) -> 0 | I11: 90%発症 | K11: － | M11: =IF(OR(C5<=D5/2,H5>=90),IF(H5>=120,IF(計算用!C105=1,"ギャンブル発動中","オーバーフロー"),IF(計算用!C105=1,"幸運発動中","発動中")),"未発動") -> 未発動 | O11: 申告用 | Q11: ="HP"&C5&"/"&"PP"&E5&"/暴走"&H5&"%/"&F8&"D/総消費"&F7&"pp"&IF(D10="－",""," "&D10&"@"&H10)&IF(D11="－",""," "&D11&"@"&H11) -> HP12/PP18/暴走16%/0D/総消費0pp
C13: 行動 | D13: メモラン | L13: 因子Ｄ+- | M13: ＨＰ+ | N13: ＨＰ- | O13: ＰＰ+ | P13: PP- | Q13: 暴走率+ | R13: 暴走率- | S13: ＳＰＥ- | T13: カルマ-
C14: 1
C15: 2
C16: 3
C17: 4
C18: 5
C19: 6
C20: 7
C21: 8
C22: 9
C23: 10
C24: 11
C25: 12
... C513: 500

Sheet 貼り付け用 
B2: =キャラシート!B3 -> 0 | D2: =クリーチャー!D2 -> 0 | F2: =クリーチャー_2!D2 -> 0 | H2: =クリーチャー_3!D2 -> 0
B3: ="【"&進行表!A18&"】 "&進行表!D23&"："&進行表!E23&" / "&進行表!D24&"："&進行表!E24&" / "&進行表!D25&"："&進行表!E25&" "&進行表!A26&"："&進行表!B26&" / "&進行表!A27&"："&進行表!B27&" / "&進行表!A21&"："&進行表!B21&" "&進行表!A23&"："&進行表!B23&" / "&進行表!A24&"："&進行表!B24&" / "&進行表!A25&"："&進行表!B25&" "&進行表!D27&"："&進行表!E27&" / "&進行表!D26&"："&進行表!E26&" "&進行表!G17&"："&進行表!G18&" / "&進行表!G21&"："&進行表!G22&" / "&進行表!G19&"："&進行表!G20&" "&LEFT(進行表!A29,1)&進行表!C29&" / "&LEFT(進行表!A30,1)&進行表!B30&" / "&LEFT(進行表!A31,1)&進行表!C31&" / "&LEFT(進行表!A32,1)&進行表!C32&" / "&LEFT(進行表!A33,1)&進行表!C33&" / "&LEFT(進行表!A34,1)&進行表!C34&" / "&LEFT(進行表!D29,1)&進行表!F29&" / "&LEFT(進行表!D30,1)&進行表!F30&" / "&LEFT(進行表!D31,1)&進行表!F31&" / "&LEFT(進行表!D32,1)&進行表!F32&" / "&LEFT(進行表!D33,1)&進行表!F33&" / "&LEFT(進行表!D34,1)&進行表!F34&" "&LEFT(キャラシート!F17,1)&キャラシート!H17&" / "&LEFT(キャラシート!F18,1)&キャラシート!H18&" / "&LEFT(キャラシート!F19,1)&キャラシート!H19&" / "&LEFT(キャラシート!F20,1)&キャラシート!H20&" / "&LEFT(キャラシート!F21,1)&キャラシート!H21&" / "&LEFT(キャラシート!F22,1)&キャラシート!H22&" / "&LEFT(キャラシート!F23,1)&キャラシート!H23&" "&"HP"&進行表!A20&" / "&"PP"&進行表!C20&" / "&"暴走率"&進行表!F20&"%" -> 【0】 格闘：0D6+0 / 武器：0D6+0 / 能力：0D6+0 防御：2 / 抵抗：2 / 行動値：5 ＳＳ：6+1D6 / 命中：7+1D6 / 回避：7+1D6 スペック：2 / 精度：4 活性タイプ：－ / カルマ：－ / ＳＰＥ：－ 力3 / 威3 / 観3 / 察3 / 知3 / 技3 / 隠3 / 俊3 / 話3 / 読3 / 閃3 / 幸3 筋4 / 耐4 / 知4 / 精4 / 器4 / 敏4 / 運4 HP12 / PP18 / 暴走率16% | D3: ="【"&クリーチャー!D2&"】創造PP"&クリーチャー!D5&" "&"創造タイプ:"&クリーチャー!K2&" "&"クリーチャー能力タイプ："&クリーチャー!L5&" "&"防御："&クリーチャー!C14&" / "&"抵抗："&クリーチャー!C15&" / "&"行動値："&クリーチャー!D5&" "&"SS："&クリーチャー!D5&"+"&クリーチャー!F19&" / "&"命中："&クリーチャー!D5&"+"&クリーチャー!F19&" / "&"回避："&クリーチャー!D5&"+"&クリーチャー!F19&" "&"スペック："&クリーチャー!F23&" / "&"精度："&クリーチャー!C23&" "&"習得技能：ここだけは手入力でお願いします"&" "&"クリーチャー判定値："&クリーチャー!H5 -> 【】創造PP0 創造タイプ:－ クリーチャー能力タイプ：－ 防御：0 / 抵抗：0 / 行動値：0 SS：0+1D6 / 命中：0+1D6 / 回避：0+1D6 スペック：2 / 精度：4 習得技能：ここだけは手入力でお願いします クリーチャー判定値：4 | F3: ="【"&クリーチャー_2!D2&"】創造PP"&クリーチャー_2!D5&" "&"創造タイプ:"&クリーチャー_2!K2&" "&"クリーチャー能力タイプ："&クリーチャー_2!L5&" "&"防御："&クリーチャー_2!C14&" / "&"抵抗："&クリーチャー_2!C15&" / "&"行動値："&クリーチャー_2!D5&" "&"SS："&クリーチャー_2!D5&"+"&クリーチャー_2!F19&" / "&"命中："&クリーチャー_2!D5&"+"&クリーチャー_2!F19&" / "&"回避："&クリーチャー_2!D5&"+"&クリーチャー_2!F19&" "&"スペック："&クリーチャー_2!F23&" / "&"精度："&クリーチャー_2!C23&" "&"習得技能：ここだけは手入力でお願いします"&" "&"クリーチャー判定値："&クリーチャー_2!H5 -> 【】創造PP0 創造タイプ:－ クリーチャー能力タイプ：－ 防御：0 / 抵抗：0 / 行動値：0 SS：0+1D6 / 命中：0+1D6 / 回避：0+1D6 スペック：2 / 精度：4 習得技能：ここだけは手入力でお願いします クリーチャー判定値：4 | H3: ="【"&クリーチャー_3!D2&"】創造PP"&クリーチャー_3!D5&" "&"創造タイプ:"&クリーチャー_3!K2&" "&"クリーチャー能力タイプ："&クリーチャー_3!L5&" "&"防御："&クリーチャー_3!C14&" / "&"抵抗："&クリーチャー_3!C15&" / "&"行動値："&クリーチャー_3!D5&" "&"SS："&クリーチャー_3!D5&"+"&クリーチャー_3!F19&" / "&"命中："&クリーチャー_3!D5&"+"&クリーチャー_3!F19&" / "&"回避："&クリーチャー_3!D5&"+"&クリーチャー_3!F19&" "&"スペック："&クリーチャー_3!F23&" / "&"精度："&クリーチャー_3!C23&" "&"習得技能：ここだけは手入力でお願いします"&" "&"クリーチャー判定値："&クリーチャー_3!H5 -> 【】創造PP0 創造タイプ:－ クリーチャー能力タイプ：－ 防御：0 / 抵抗：0 / 行動値：0 SS：0+1D6 / 命中：0+1D6 / 回避：0+1D6 スペック：2 / 精度：4 習得技能：ここだけは手入力でお願いします クリーチャー判定値：4
B5: ="【応用技】"&" "&IF(応用技!B9="","","〔"&応用技!B9&"〕")&" "&IF(応用技!B9="","","SP"&応用技!J9)&" / "&IF(応用技!B9="","","PP"&応用技!I9)&" / "&IF(応用技!B9="","",応用技!B17)&" "&IF(応用技!B20="","","〔"&応用技!B20&"〕")&" "&IF(応用技!B20="","","SP"&応用技!J20)&" / "&IF(応用技!B20="","","PP"&応用技!I20)&" / "&IF(応用技!B20="","",応用技!B28)&" "&IF(応用技!B31="","","〔"&応用技!B31&"〕")&" "&IF(応用技!B31="","","SP"&応用技!J31)&" / "&IF(応用技!B31="","","PP"&応用技!I31)&" / "&IF(応用技!B31="","",応用技!B39)&" "&IF(応用技!B42="","","〔"&応用技!B42&"〕")&" "&IF(応用技!B42="","","SP"&応用技!J42)&" / "&IF(応用技!B42="","","PP"&応用技!I42)&" / "&IF(応用技!B42="","",応用技!B50)&" "&IF(応用技!B53="","","〔"&応用技!B53&"〕")&" "&IF(応用技!B53="","","SP"&応用技!J53)&" / "&IF(応用技!B53="","","PP"&応用技!I53)&" / "&IF(応用技!B53="","",応用技!B61)&" "&IF(応用技!B64="","","〔"&応用技!B64&"〕")&" "&IF(応用技!B64="","","SP"&応用技!J64)&" / "&IF(応用技!B64="","","PP"&応用技!I64)&" / "&IF(応用技!B64="","",応用技!B72)&" "&IF(応用技!B75="","","〔"&応用技!B75&"〕")&" "&IF(応用技!B75="","","SP"&応用技!J75)&" / "&IF(応用技!B75="","","PP"&応用技!I75)&" / "&IF(応用技!B75="","",応用技!B83)&" "&IF(応用技!B86="","","〔"&応用技!B86&"〕")&" "&IF(応用技!B86="","","SP"&応用技!J86)&" / "&IF(応用技!B86="","","PP"&応用技!I86)&" / "&IF(応用技!B86="","",応用技!B94) -> 【応用技】 / / / / / / / / / / / / / / / / | D5: ="【応用技】"&" "&IF(クリーチャー!P9="","","〔"&クリーチャー!P9&"〕")&" "&IF(クリーチャー!P9="","","SP"&クリーチャー!X9)&" / "&IF(クリーチャー!P9="","","PP"&クリーチャー!W9)&" / "&IF(クリーチャー!P9="","",クリーチャー!P17)&" "&IF(クリーチャー!P20="","","〔"&クリーチャー!P20&"〕")&" "&IF(クリーチャー!P20="","","SP"&クリーチャー!X20)&" / "&IF(クリーチャー!P20="","","PP"&クリーチャー!W20)&" / "&IF(クリーチャー!P20="","",クリーチャー!P28)&" "&IF(クリーチャー!P31="","","〔"&クリーチャー!P31&"〕")&" "&IF(クリーチャー!P31="","","SP"&クリーチャー!X31)&" / "&IF(クリーチャー!P31="","","PP"&クリーチャー!W31)&" / "&IF(クリーチャー!P31="","",クリーチャー!P39)&" "&IF(クリーチャー!P42="","","〔"&クリーチャー!P42&"〕")&" "&IF(クリーチャー!P42="","","SP"&クリーチャー!X42)&" / "&IF(クリーチャー!P42="","","PP"&クリーチャー!W42)&" / "&IF(クリーチャー!P42="","",クリーチャー!P50)&" "&IF(クリーチャー!P53="","","〔"&クリーチャー!P53&"〕")&" "&IF(クリーチャー!P53="","","SP"&クリーチャー!X53)&" / "&IF(クリーチャー!P53="","","PP"&クリーチャー!W53)&" / "&IF(クリーチャー!P53="","",クリーチャー!P61) -> 【応用技】 / / / / / / / / / / | F5: ="【応用技】"&" "&IF(クリーチャー_2!P9="","","〔"&クリーチャー_2!P9&"〕")&" "&IF(クリーチャー_2!P9="","","SP"&クリーチャー_2!X9)&" / "&IF(クリーチャー_2!P9="","","PP"&クリーチャー_2!W9)&" / "&IF(クリーチャー_2!P9="","",クリーチャー_2!P17)&" "&IF(クリーチャー_2!P20="","","〔"&クリーチャー_2!P20&"〕")&" "&IF(クリーチャー_2!P20="","","SP"&クリーチャー_2!X20)&" / "&IF(クリーチャー_2!P20="","","PP"&クリーチャー_2!W20)&" / "&IF(クリーチャー_2!P20="","",クリーチャー_2!P28)&" "&IF(クリーチャー_2!P31="","","〔"&クリーチャー_2!P31&"〕")&" "&IF(クリーチャー_2!P31="","","SP"&クリーチャー_2!X31)&" / "&IF(クリーチャー_2!P31="","","PP"&クリーチャー_2!W31)&" / "&IF(クリーチャー_2!P31="","",クリーチャー_2!P39)&" "&IF(クリーチャー_2!P42="","","〔"&クリーチャー_2!P42&"〕")&" "&IF(クリーチャー_2!P42="","","SP"&クリーチャー_2!X42)&" / "&IF(クリーチャー_2!P42="","","PP"&クリーチャー_2!W42)&" / "&IF(クリーチャー_2!P42="","",クリーチャー_2!P50)&" "&IF(クリーチャー_2!P53="","","〔"&クリーチャー_2!P53&"〕")&" "&IF(クリーチャー_2!P53="","","SP"&クリーチャー_2!X53)&" / "&IF(クリーチャー_2!P53="","","PP"&クリーチャー_2!W53)&" / "&IF(クリーチャー_2!P53="","",クリーチャー_2!P61) -> 【応用技】 / / / / / / / / / / | H5: ="【応用技】"&" "&IF(クリーチャー_3!P9="","","〔"&クリーチャー_3!P9&"〕")&" "&IF(クリーチャー_3!P9="","","SP"&クリーチャー_3!X9)&" / "&IF(クリーチャー_3!P9="","","PP"&クリーチャー_3!W9)&" / "&IF(クリーチャー_3!P9="","",クリーチャー_3!P17)&" "&IF(クリーチャー_3!P20="","","〔"&クリーチャー_3!P20&"〕")&" "&IF(クリーチャー_3!P20="","","SP"&クリーチャー_3!X20)&" / "&IF(クリーチャー_3!P20="","","PP"&クリーチャー_3!W20)&" / "&IF(クリーチャー_3!P20="","",クリーチャー_3!P28)&" "&IF(クリーチャー_3!P31="","","〔"&クリーチャー_3!P31&"〕")&" "&IF(クリーチャー_3!P31="","","SP"&クリーチャー_3!X31)&" / "&IF(クリーチャー_3!P31="","","PP"&クリーチャー_3!W31)&" / "&IF(クリーチャー_3!P31="","",クリーチャー_3!P39)&" "&IF(クリーチャー_3!P42="","","〔"&クリーチャー_3!P42&"〕")&" "&IF(クリーチャー_3!P42="","","SP"&クリーチャー_3!X42)&" / "&IF(クリーチャー_3!P42="","","PP"&クリーチャー_3!W42)&" / "&IF(クリーチャー_3!P42="","",クリーチャー_3!P50)&" "&IF(クリーチャー_3!P53="","","〔"&クリーチャー_3!P53&"〕")&" "&IF(クリーチャー_3!P53="","","SP"&クリーチャー_3!X53)&" / "&IF(クリーチャー_3!P53="","","PP"&クリーチャー_3!W53)&" / "&IF(クリーチャー_3!P53="","",クリーチャー_3!P61) -> 【応用技】 / / / / / / / / / /
B7: ="武装/"&" "&"〔1〕"&IF(キャラシート!B40="－","－",LEFT(キャラシート!B40,LEN(キャラシート!B40)-8))&" "&"〔2〕"&IF(キャラシート!B41="－","－",LEFT(キャラシート!B41,LEN(キャラシート!B41)-8))&" "&"〔3〕"&IF(キャラシート!B42="－","－",LEFT(キャラシート!B42,LEN(キャラシート!B42)-8))&" "&"〔4〕"&IF(キャラシート!B43="－","－",LEFT(キャラシート!B43,LEN(キャラシート!B43)-8))&" "&"〔5〕"&IF(キャラシート!B44="－","－",LEFT(キャラシート!B44,LEN(キャラシート!B44)-8))&" "&"〔6〕"&IF(キャラシート!B45="－","－",LEFT(キャラシート!B45,LEN(キャラシート!B45)-8))&" "&"〔7〕"&IF(キャラシート!B46="－","－",LEFT(キャラシート!B46,LEN(キャラシート!B46)-8))&" "&"〔8〕"&IF(キャラシート!B47="－","－",LEFT(キャラシート!B47,LEN(キャラシート!B47)-8))&" "&"〔9〕"&IF(キャラシート!B48="－","－",LEFT(キャラシート!B48,LEN(キャラシート!B48)-8))&" "&"〔10〕"&IF(キャラシート!B49="－","－",LEFT(キャラシート!B49,LEN(キャラシート!B49)-8))&" "&"〔11〕"&IF(キャラシート!B50="－","－",LEFT(キャラシート!B50,LEN(キャラシート!B50)-8))&" "&"〔12〕"&IF(キャラシート!B51="－","－",LEFT(キャラシート!B51,LEN(キャラシート!B51)-8)) -> 武装/ 〔1〕－ 〔2〕－ 〔3〕－ 〔4〕－ 〔5〕－ 〔6〕－ 〔7〕－ 〔8〕－ 〔9〕－ 〔10〕－ 〔11〕－ 〔12〕－ | D7: ★貼り付け用シート 移植のしかた★ ◎移植したいキャラシートとこのキャラシテンプレはあらかじめ開いておく。 ①左下のタブの「貼り付け用」を右クリックして「シートの移動またはコピー」を選択し、 左下の「コピーを作成する」にチェックを入れ、移動先を移植したいキャラシートにする。 （体裁を気にしない人、自分で調節する人はこの工程はやらなくてもよい。） ②上のバーに表示された計算式をコピーして、同じく上のバーにペーストしていく。 うまくいかなかったら同じフォルダに計算式を同封しておくので、 それをコピーして上のバーにペーストしていけば大丈夫だと思います。
B9: ="【消費アイテム】"&" "&"〔1〕"&IF(キャラシート!E40="－","－",LEFT(キャラシート!E40,LEN(キャラシート!E40)-6))&" "&"〔2〕"&IF(キャラシート!E41="－","－",LEFT(キャラシート!E41,LEN(キャラシート!E41)-6))&" "&"〔3〕"&IF(キャラシート!E42="－","－",LEFT(キャラシート!E42,LEN(キャラシート!E42)-6))&" "&"〔4〕"&IF(キャラシート!E43="－","－",LEFT(キャラシート!E43,LEN(キャラシート!E43)-6))&" "&"〔5〕"&IF(キャラシート!E44="－","－",LEFT(キャラシート!E44,LEN(キャラシート!E44)-6))&" "&"〔6〕"&IF(キャラシート!E45="－","－",LEFT(キャラシート!E45,LEN(キャラシート!E45)-6))&" "&"〔7〕"&IF(キャラシート!E46="－","－",LEFT(キャラシート!E46,LEN(キャラシート!E46)-6))&" "&"〔8〕"&IF(キャラシート!E47="－","－",LEFT(キャラシート!E47,LEN(キャラシート!E47)-6))&" "&"〔9〕"&IF(キャラシート!E48="－","－",LEFT(キャラシート!E48,LEN(キャラシート!E48)-6))&" "&"〔10〕"&IF(キャラシート!E49="－","－",LEFT(キャラシート!E49,LEN(キャラシート!E49)-6))&" "&"〔アタッチメント1〕"&キャラシート!E50&" "&"〔アタッチメント2〕"&キャラシート!E51 -> 【消費アイテム】 〔1〕－ 〔2〕－ 〔3〕－ 〔4〕－ 〔5〕－ 〔6〕－ 〔7〕－ 〔8〕－ 〔9〕－ 〔10〕－ 〔アタッチメント1〕- 〔アタッチメント2〕- | D9: ="【探索用チャットパレット】"&" "&"cf"&進行表!C29&""&"+1D6 力技"&" "&"cf"&進行表!C30&""&"+1D6 威圧"&" "&"cf"&進行表!C31&""&"+1D6 観察眼"&" "&"cf"&進行表!C32&""&"+1D6 察知"&" "&"cf"&進行表!C33&""&"+1D6 知識"&" "&"cf"&進行表!C34&""&"+1D6 技術"&" "&"cf"&進行表!F29&""&"+1D6 隠密"&" "&"cf"&進行表!F30&""&"+1D6 俊敏"&" "&"cf"&進行表!F31&""&"+1D6 話術"&" "&"cf"&進行表!F32&""&"+1D6 読心"&" "&"cf"&進行表!F33&""&"+1D6 閃き"&" "&"cf"&進行表!F34&""&"+1D6 幸運" -> 【探索用チャットパレット】 cf3+1D6 力技 cf3+1D6 威圧 cf3+1D6 観察眼 cf3+1D6 察知 cf3+1D6 知識 cf3+1D6 技術 cf3+1D6 隠密 cf3+1D6 俊敏 cf3+1D6 話術 cf3+1D6 読心 cf3+1D6 閃き cf3+1D6 幸運
B11: ="【特殊技】"&" "&IF(応用技!M9="","","〔"&応用技!M9&"〕")&" "&IF(応用技!M9="","","SP"&応用技!U9)&" / "&IF(応用技!M9="","","PP"&応用技!R9)&" / "&IF(応用技!M9="","",応用技!M17)&" "&IF(応用技!M20="","","〔"&応用技!M20&"〕")&" "&IF(応用技!M20="","","SP"&応用技!U20)&" / "&IF(応用技!M20="","","PP"&応用技!R20)&" / "&IF(応用技!M20="","",応用技!M28)&" "&IF(応用技!M31="","","〔"&応用技!M31&"〕")&" "&IF(応用技!M31="","","SP"&応用技!U31)&" / "&IF(応用技!M31="","","PP"&応用技!R31)&" / "&IF(応用技!M31="","",応用技!M39)&" "&IF(応用技!M42="","","〔"&応用技!M42&"〕")&" "&IF(応用技!M42="","","SP"&応用技!U42)&" / "&IF(応用技!M42="","","PP"&応用技!R42)&" / "&IF(応用技!M42="","",応用技!M50)&" "&IF(応用技!M53="","","〔"&応用技!M53&"〕")&" "&IF(応用技!M53="","","SP"&応用技!U53)&" / "&IF(応用技!M53="","","PP"&応用技!R53)&" / "&IF(応用技!M53="","",応用技!M61)&" "&IF(応用技!M64="","","〔"&応用技!M64&"〕")&" "&IF(応用技!M64="","","SP"&応用技!U64)&" / "&IF(応用技!M64="","","PP"&応用技!R64)&" / "&IF(応用技!M64="","",応用技!M72)&" "&IF(応用技!M75="","","〔"&応用技!M75&"〕")&" "&IF(応用技!M75="","","SP"&応用技!U75)&" / "&IF(応用技!M75="","","PP"&応用技!R75)&" / "&IF(応用技!M75="","",応用技!M83)&" "&IF(応用技!M86="","","〔"&応用技!M86&"〕")&" "&IF(応用技!M86="","","SP"&応用技!U86)&" / "&IF(応用技!M86="","","PP"&応用技!R86)&" / "&IF(応用技!M86="","",応用技!M94) -> 【特殊技】 / / / / / / / / / / / / / / / / | D11: ="【戦闘用チャットパレット】"&" "&"cf"&進行表!B23&""&" SS"&" "&"cf"&進行表!B24&""&" 命中"&" "&"cf"&進行表!B25&""&" 回避"&" "&進行表!E23&" 格闘"&" "&進行表!E24&" 武器"&" "&進行表!E25&" 能力" -> 【戦闘用チャットパレット】 cf6+1D6 SS cf7+1D6 命中 cf7+1D6 回避 0D6+0 格闘 0D6+0 武器 0D6+0 能力

Sheet チラ裏ZONE
B2: * * ＊ ＋ このページは n ∧＿∧ n 別に読まなくても ＋ (ﾖ（* ´∀｀）E) 良いです Y Y ＊ | P2: キャライメージ出典：
P4: キャラクター名：
P6: 補足：
C12: 名前 | D12: =キャラシート!B3 -> 0 | I12: だらしない | Q12: きれい好き | S12: 能力名 | T12: =キャラシート!J39 -> 0 | Z12: パラメーター | AG12: キャラクター身辺調査書
C13: 在住エリア | E13: 所属 | G13: 誕生日 | I13: 内気 | Q13: 社交的 | S13: 能力説明 | T13: =キャラシート!J43 -> 0
C14: =キャラシート!K8 -> － | E14: =キャラシート!K7 -> － | I14: 怠け者 | Q14: 活発
C15: 年齢 | E15: 身長 | F15: 体重 | G15: 性別 | I15: まじめ | Q15: 遊び好き
C16: =キャラシート!D6 -> 0 | E16: =キャラシート!F6 -> 0 | G16: =キャラシート!B6 -> 0 | I16: 気難しい | Q16: 快活
C17: 職業 | D17: =キャラシート!D7 -> 0 | I17: 性格 | S17: 能力構成 | T17: 基礎構成： 特性：
C19: 性格詳細 | I19: 経歴 | Z19: 自宅
Z20: 休日の 過ごし方
Z22: 好きな場所
Z23: 嫌いな場所
Z24: 温度
C26: 手癖 | I26: 強み | S26: 好みの タイプ | Z26: 音楽
C27: 利き手 | I27: 弱点 | S27: 嫌いな タイプ | Z27: 芸術
C28: 口調 | I28: 悩み | S28: セクシャ リティ | Z28: 文学
C29: 声 | I29: 夢 | S29: フェチ | Z29: コレク ション
C30: 一人称 | I30: 優先事項 | S30: 恋愛観 | Z30: 好き
C31: 二人称 | I31: アライメント | J31: =キャラシート!J35 -> － | Z31: 嫌い
C33: 人種 | I33: 出身 | S33: 主な食性 | Z33: 愛用品
C34: 体格 | I34: 家系 | S34: 間食 | Z34: アクセサリー
C35: 髪型 | I35: 好きな言葉 | S35: 飲酒 | Z35: 私服
C36: 容姿 | I36: トラウマ | S36: 喫煙
C37: 姿勢 | I37: 宗教 | S37: 好きな 食べ物 | Z37: よく着る 服の色
C38: その他 身体的特徴 | I38: 病気 | S38: 苦手な 食べ物 | Z38: 部屋着
C42: 夢を見ている。 透き通った海の中を漂うような、奇妙な浮遊感の中。あなたの脳内に、幼い子供の声が響くのだ。 「あなたの事、知りたいな」 ――あなたは、この質問に答えなければならない。 嘘をつくかどうかは自由だ。だが本当の事を言っても不都合はない。ただ思うままに、答えていくといい。 | U42: 参加したシナリオ
U43: 出演回数 | V43: 卓名 | AB43: 取得カルマ | AD43: 賞授与
U44: 1 | AB44: - | AD44: -
U45: 2 | AB45: - | AD45: -
U46: 3 | AB46: - | AD46: -
U47: 4 | AB47: - | AD47: -
U48: 5 | AB48: - | AD48: -
U49: 6 | AB49: - | AD49: -
U50: 7 | AB50: - | AD50: -
U51: 8 | AB51: - | AD51: -
U52: 9 | AB52: - | AD52: -
U53: 10 | AB53: - | AD53: -
C54: Q01 | D54: あなたはどこで生まれたの？ | U54: 11 | AB54: - | AD54: -
U55: 12 | AB55: - | AD55: -
C56: Q02 | D56: あなたはどうやって育ったの？ | U56: 13 | AB56: - | AD56: -
U57: 14 | AB57: - | AD57: -
C58: Q03 | D58: あなたのお仕事は？ | U58: 15 | AB58: - | AD58: -
U59: 16 | AB59: - | AD59: -
C60: Q04 | D60: どうしてそのお仕事をしようと思ったの？ | U60: 17 | AB60: - | AD60: -
U61: 18 | AB61: - | AD61: -
C62: Q05 | D62: あなたの将来の夢って？ | U62: 19 | AB62: - | AD62: -
U63: 20 | AB63: - | AD63: -
U64: 21 | AB64: - | AD64: -
C65: Q06 | D65: あなたはいつ、何故その能力を手に入れたの？ | U65: 22 | AB65: - | AD65: -
U66: 23 | AB66: - | AD66: -
C67: Q07 | D67: 初めて能力使った時のシチュエーション教えて！ | U67: 24 | AB67: - | AD67: -
U68: 25 | AB68: - | AD68: -
C69: Q08 | D69: ズバリ、その能力って何の役に立ってる？ | U69: 26 | AB69: - | AD69: -
U70: 27 | AB70: - | AD70: -
C71: Q09 | D71: じゃあ逆に、不満点とかある？ | U71: 28 | AB71: - | AD71: -
U72: 29 | AB72: - | AD72: -
C73: Q10 | D73: もし、あなたが能力を持っていないとしたら？ | U73: 30 | AB73: - | AD73: -
U74: 31 | AB74: - | AD74: -
U75: 32 | AB75: - | AD75: -
C76: Q06 | D76: 自分がノーマルである事について、どう思う？ | U76: 33 | AB76: - | AD76: -
U77: 34 | AB77: - | AD77: -
C78: Q07 | D78: 能力者の存在を知った時、どう思った？ | U78: 35 | AB78: - | AD78: -
U79: 36 | AB79: - | AD79: -
C80: Q08 | D80: 自分に能力が発現しないのはなぜだと思う？ | U80: 37 | AB80: - | AD80: -
U81: 38 | AB81: - | AD81: -
C82: Q09 | D82: 正直、能力って欲しい？ | U82: 39 | AB82: - | AD82: -
U83: 40 | AB83: - | AD83: -
C84: Q10 | D84: じゃああなたにとって、「能力者」ってなに？ | U84: 41 | AB84: - | AD84: -
U85: 42 | AB85: - | AD85: -
U86: 43 | AB86: - | AD86: -
C87: Q11 | D87: 趣味とかあるなら教えてほしいな。 | U87: 44 | AB87: - | AD87: -
U88: 45 | AB88: - | AD88: -
C89: Q12 | D89: 好きなものはなに？ | U89: 46 | AB89: - | AD89: -
U90: 47 | AB90: - | AD90: -
C91: Q13 | D91: 嫌いなものも教えて！ | U91: 48 | AB91: - | AD91: -
U92: 49 | AB92: - | AD92: -
C93: Q14 | D93: 誰にも言えない秘密とか、ある？ | U93: 50 | AB93: - | AD93: -
U94: 51 | AB94: - | AD94: -
C95: Q15 | D95: あなたの大切なものって、何？ | U95: 52 | AB95: - | AD95: -
U96: 53 | AB96: - | AD96: -
U97: 54 | AB97: - | AD97: -
C98: Q16 | D98: あなたが喜ぶとすれば、それは何故？ | U98: 55 | AB98: - | AD98: -
U99: 56 | AB99: - | AD99: -
C100: Q17 | D100: あなたが怒るとすれば、それは何故？ | U100: 57 | AB100: - | AD100: -
U101: 58 | AB101: - | AD101: -
C102: Q18 | D102: あなたが悲しむとすれば、それは何故？ | U102: 59 | AB102: - | AD102: -
U103: 60 | AB103: - | AD103: -
C104: Q19 | D104: あなたが楽しいとすれば、それは何故？ | U104: 61 | AB104: - | AD104: -
U105: 62 | AB105: - | AD105: -
C106: Q20 | D106: 回答おつかれさま。何か一言！ | U106: 63 | AB106: - | AD106: -
U107: 64 | AB107: - | AD107: -

Sheet 人物寸評(1)
B3: 人物寸評
B5: 名前 | G5: 関連卓 | I5: 感情 | J5: 分類 | L5: 名前 | Q5: 関連卓 | S5: 感情 | T5: 分類
G6: － | I6: 普通 | J6: - | Q6: － | S6: 普通 | T6: -
B9: 感想 | L9: 感想
B16: 名前 | G16: 関連卓 | I16: 感情 | J16: 分類 | L16: 名前 | Q16: 関連卓 | S16: 感情 | T16: 分類
G17: － | I17: 普通 | J17: - | Q17: － | S17: 普通 | T17: -
B20: 感想 | L20: 感想
B27: 名前 | G27: 関連卓 | I27: 感情 | J27: 分類 | L27: 名前 | Q27: 関連卓 | S27: 感情 | T27: 分類
G28: － | I28: 普通 | J28: - | Q28: － | S28: 普通 | T28: -
B31: 感想 | L31: 感想
B38: 名前 | G38: 関連卓 | I38: 感情 | J38: 分類 | L38: 名前 | Q38: 関連卓 | S38: 感情 | T38: 分類
G39: － | I39: 普通 | J39: - | Q39: － | S39: 普通 | T39: -
B42: 感想 | L42: 感想
B49: 名前 | G49: 関連卓 | I49: 感情 | J49: 分類 | L49: 名前 | Q49: 関連卓 | S49: 感情 | T49: 分類
G50: － | I50: 普通 | J50: - | Q50: － | S50: 普通 | T50: -
B53: 感想 | L53: 感想

Sheet 人物寸評 (2)
B3: 人物寸評
B5: 名前 | G5: 関連卓 | I5: 感情 | J5: 分類 | L5: 名前 | Q5: 関連卓 | S5: 感情 | T5: 分類
G6: － | I6: 普通 | J6: - | Q6: － | S6: 普通 | T6: -
B9: 感想 | L9: 感想
B16: 名前 | G16: 関連卓 | I16: 感情 | J16: 分類 | L16: 名前 | Q16: 関連卓 | S16: 感情 | T16: 分類
G17: － | I17: 普通 | J17: - | Q17: － | S17: 普通 | T17: -
B20: 感想 | L20: 感想
B27: 名前 | G27: 関連卓 | I27: 感情 | J27: 分類 | L27: 名前 | Q27: 関連卓 | S27: 感情 | T27: 分類
G28: － | I28: 普通 | J28: - | Q28: － | S28: 普通 | T28: -
B31: 感想 | L31: 感想
B38: 名前 | G38: 関連卓 | I38: 感情 | J38: 分類 | L38: 名前 | Q38: 関連卓 | S38: 感情 | T38: 分類
G39: － | I39: 普通 | J39: - | Q39: － | S39: 普通 | T39: -
B42: 感想 | L42: 感想
B49: 名前 | G49: 関連卓 | I49: 感情 | J49: 分類 | L49: 名前 | Q49: 関連卓 | S49: 感情 | T49: 分類
G50: － | I50: 普通 | J50: - | Q50: － | S50: 普通 | T50: -
B53: 感想 | L53: 感想

Sheet コピペ用
A1: セル名 | B1: 番地 | C1: セル名 | D1: 番地 | E1: セル名 | F1: 番地
A2: 名前 | B2: B3 | C2: 技名１ | D2: B9：H9 | E2: クリーチャー名 | F2: D2 | G2: 参加シナリオ | H2: B6：H55
A3: 性別 | B3: B6 | C3: 技構成１ | D3: B12：J13 | E3: 創造タイプ | F3: K2 | G3: 人物寸評 | H3: J5：AB58
A4: 年齢 | B4: D6 | C4: 効果補足１ | D4: B15：B17 | E4: 使用PP | F4: D5
A5: 身長 | B5: F6 | C5: 技名２ | D5: B20：H20 | E5: クリーチャー能力タイプ | F5: L5
A6: 容姿 | B6: H6 | C6: 技構成２ | D6: B23：J24 | E6: ステータス変動値 | F6: D11：D16
A7: 職業 | B7: D7 | C7: 効果補足２ | D7: B26：B28 | E7: 能力名 | F7: C21
A8: 所属 | B8: K7 | C8: 技名３ | D8: B31：H31 | E8: 能力説明 | F8: B25
A9: 在住エリア | B9: K8 | C9: 技構成３ | D9: B34：J35 | E9: クリーチャー説明 | F9: B32
A10: 能力タイプ | B10: C10 | C10: 効果補足３ | D10: B37：B39 | E10: 技名１ | F10: P9：V9
A11: SPE | B11: C13 | C11: 技名４ | D11: B42：H42 | E11: 技構成１ | F11: P12：X13
