Workbook
Name 攻撃スタイル: リスト!$C$3:$C$5
Name 身体タイプ: リスト!$F$3:$F$5
Name 能力タイプ: リスト!$A$3:$A$8
Name 能力分類: リスト!$A$3:$A$8

Sheet リスト
A1: 能力タイプ | C1: 活性タイプ | D1: 活性タイプ | F1: 身体タイプ | H1: 在住エリア | K1: ＳＰＥ | M1: 所属 | P1: 判定ダイス | R1: 幸運ボーナス | T1: 容姿 | V1: 発動系統 | X1: 付加効果 | Z1: ＳＥ | AH1: 特殊武装 | AI1: スペック | AN1: ライフ＆ライフ | AP1: スタンス＆トゥルー | AR1: カルマ | AU1: 崩壊症状 | AW1: 消費アイテム | BB1: ＳＰＥ | BC1: 使用回数 | BE1: カルマ | BF1: 使用回数 | BG1: 使用回数（蟹）
A2: － | C2: － | D2: － | F2: － | H2: － | K2: － | M2: － | P2: １Ｄ６ | R2: -2 | T2: － | V2: － | X2: － | Z2: － | AB2: － | AD2: 0 | AF2: － | AH2: － | AN2: － | AP2: － | AR2: － | AU2: － | AW2: － | BA2: － | BB2: － | BC2: 0 | BE2: － | BF2: 0 | BG2: 0
A3: ノーマル | C3: 覚醒型 | D3: 増強型 | F3: ナチュラル | H3: 上層【アースガルズ】 | K3: 奇跡 | M3: 司法機関グングニル | P3: ２Ｄ６ | R3: -1 | T3: Ｓ | V3: 攻撃発動 | X3: 強化【行】 | Z3: トラップ | AB3: 攻撃型 | AD3: 1 | AF3: 力技 | AH3: アタッチメント【スペック－０】 | AI3: 0 | AN3: 異形 | AP3: 正義 | AR3: 昇華者【リバーサー】 | AU3: 聴覚崩壊 | AW3: マグタフ 【因子１】 | BA3: 行為発動 | BB3: 奇跡 | BC3: 1 | BE3: 昇華者【リバーサー】 | BF3: 1 | BG3: 1
A4: サイキッカー | C4: 増強型 | D4: 反応型 | F4: コーディネーター | H4: 中層【ミズガルズ】 | K4: 悪運 | M4: 民主機構オルレアン | P4: ３Ｄ６ | R4: 0 | T4: Ａ | V4: 精神発動 | X4: 強化【攻】 | Z4: チャージ | AB4: 速度型 | AD4: 2 | AH4: ロケットランチャー【スペック－４】 | AI4: 4 | AN4: 暴走 | AP4: 中庸 | AR4: 駆け出し【ルーキー】 | AU4: 視覚崩壊 | AW4: マグタフＥＸ 【因子１】 | BA4: チェイン発動 | BB4: 悪運 | BC4: 1 | BE4: 駆け出し【ルーキー】 | BF4: 1 | BG4: 1
A5: エスパー | C5: 反応型 | D5: 感覚型 | F5: サイボーグ | H5: 下層【ヘルヘイム】 | K5: 闘志 | M5: 抑制機構テセウス | R5: 1 | T5: Ｂ | V5: 防御発動 | X5: 強化【防】 | Z5: ドレイン | AB5: 探索型 | AD5: 3 | AF5: － | AH5: パイルバンカー【スペック－３】 | AI5: 3 | AN5: 崩壊 | AP5: 悪徳 | AR5: 新鋭【ニューフェイス】 | AU5: 言語崩壊 | AW5: マグタフＺ 【因子２】 | BA5: キャラ特性 | BB5: 闘志 | BC5: 1 | BE5: 新鋭【ニューフェイス】 | BF5: 1 | BG5: 1
A6: トランサー | C6: 感覚型 | D6: 回復型 | F6: ハイブリッド | H6: 不明 | K6: リベンジ | M6: ルーン企業連 | R6: 2 | T6: Ｃ | V6: 付加発動 | X6: 強化【抵】 | Z6: ブレイク | AD6: 4 | AF6: 威圧 | AH6: 荷電粒子砲【スペック－３】 | AI6: 3 | AN6: 恩恵 | AP6: 優柔不断 | AR6: 初心【ビギナーズラック】 | AU6: 身体崩壊 | AW6: トランス 【因子１】 | BA6: オリジナル特性 | BB6: リベンジ | BC6: 0 | BE6: 初心【ビギナーズラック】 | BF6: 2 | BG6: 2
A7: クリエイター | C7: 回復型 | F7: アンドロイド | K7: リテイク | M7: チーム世紀末覇者 | R7: 3 | T7: Ｄ | V7: 行為発動 | X7: 強化【命】 | Z7: ペネトレイション | AD7: 5 | AH7: 手榴弾【スペック－３】 | AI7: 3 | AN7: 実験 | AP7: 唯我独尊 | AR7: 失敗談【ミステイク】 | AU7: 精神崩壊 | AW7: ライズ 【因子２】 | BA7: SPE/奇跡 | BB7: リテイク | BC7: 2 | BE7: 失敗談【ミステイク】 | BF7: 1 | BG7: 1
A8: アンノウン | F8: ロボット | K8: 逆転 | M8: スヴァルトアルフ | T8: Ｅ | V8: ＡＥ【重撃】 | X8: 強化【回】 | Z8: オールレンジ | AD8: 6 | AF8: － | AH8: トラップボム【スペック－３】 | AI8: 3 | AN8: 才能 | AP8: 天真爛漫 | AR8: 伏兵【ダークホース】 | AU8: 記憶崩壊 | AW8: ネクスト 【因子３】 | BA8: SPE/悪運 | BB8: 逆転 | BC8: 2 | BE8: 伏兵【ダークホース】 | BF8: 1 | BG8: 1
F9: ミュータント | K9: 絆 | M9: フリーランス | X9: 強化【技】 | Z9: コンティニュー | AD9: 7 | AF9: 観察眼 | AH9: レールガン【スペック－３】 | AI9: 3 | AN9: 喪失 | AP9: 家族 | AR9: 調律者【バランサー】 | AW9: ユートピア 【因子１】 | BA9: SPE/闘志 | BB9: 絆 | BC9: 0 | BE9: 調律者【バランサー】 | BF9: 1 | BG9: 2
K10: 激励 | Q10: 特殊技 | X10: 強化【解】 | Z10: テリトリー | AD10: 8 | AH10: ドリル【スペック－３】 | AI10: 3 | AN10: 復讐 | AP10: 友情 | AR10: 崩壊者【ディケイド】 | AW10: パンドラ 【因子１】 | BA10: SPE/リベンジ | BB10: 激励 | BC10: 3 | BE10: 崩壊者【ディケイド】 | BF10: 1 | BG10: 2
F11: 活性 | K11: 不屈 | Q11: － | X11: 減衰【行】 | Z11: リスク | AD11: 9 | AF11: － | AH11: ブラスター【スペック－２】 | AI11: 2 | AN11: 逃亡 | AP11: 愛 | AR11: 喪失者【ミッシング】 | AW11: マグタフ黒 【因子４】 | BA11: SPE/リテイク | BB11: 不屈 | BC11: 1 | BE11: 喪失者【ミッシング】 | BF11: 1 | BG11: 2
A12: 暴走症状 | C12: 次回追加 | F12: － | K12: 瞑想 | Q12: 行為発動 | X12: 減衰【攻】 | Z12: オート | AD12: 10 | AF12: 察知 | AH12: 高周波ブレード【スペック－２】 | AI12: 2 | AN12: 傷病 | AP12: 仁義 | AR12: 突然変異【アナザー】 | AW12: 使い捨てランチャー 【因子１０】 | BA12: SPE/逆転 | BB12: 瞑想 | BC12: 2 | BE12: 突然変異【アナザー】 | BF12: 0 | BG12: 0
A13: － | C13: － | D13: 0 | F13: ＋１ | K13: 鎮静 | Q13: チェイン発動 | X13: 減衰【防】 | Z13: セミオート | AD13: 11 | AH13: 火炎放射器【スペック－２】 | AI13: 2 | AN13: 贖罪 | AP13: 礼節 | AR13: 覚醒者【アクトレイザー】 | AW13: 違法グレネード 【因子４】 | BA13: SPE/絆 | BB13: 鎮静 | BC13: 1 | BE13: 覚醒者【アクトレイザー】 | BF13: 1 | BG13: 1
A14: 制御異常 | C14: 生還者（補正なし） | D14: 0 | F14: ＋２ | K14: 精神凌駕 | Q14: 特殊技 | X14: 減衰【抵】 | Z14: リフレクション | AD14: 12 | AF14: － | AH14: 電子ドラッグ【スペック－２】 | AI14: 2 | AN14: 裏切り | AP14: 誇り | AR14: 探索者【シャープネス】 | AW14: ＥＣＭ【Ｐ】 【因子４】 | BA14: SPE/激励 | BB14: 精神凌駕 | BC14: 1 | BE14: 探索者【シャープネス】 | BF14: 1 | BG14: 1
A15: 過負荷 | C15: 初期暴走率＋５％ | D15: 5 | F15: ＋３ | K15: 愛 | Q15: 特殊武装 | X15: 減衰【命】 | Z15: パーフェクト | AF15: 知識 | AH15: スタンガン【スペック－１】 | AI15: 1 | AN15: 名声 | AP15: 男性的 | AR15: 修羅【アタッカー】 | AW15: ＥＣＭ【Ｅ】 【因子４】 | BA15: SPE/不屈 | BB15: 愛 | BC15: 2 | BE15: 修羅【アタッカー】 | BF15: 1 | BG15: 1
A16: 聴覚異常 | C16: 初期暴走率＋１０％ | D16: 10 | K16: 瞬動 | X16: 減衰【回】 | Z16: シンクロニティ | AH16: ワイヤートラップ【スペック－１】 | AI16: 1 | AN16: 悪名 | AP16: 中性的 | AR16: 寵愛【アイドル】 | AW16: ＥＣＭ【Ｔ】 【因子４】 | BA16: SPE/瞑想 | BB16: 瞬動 | BC16: 1 | BE16: 寵愛【アイドル】 | BF16: 1 | BG16: 1
A17: 視覚異常 | C17: 初期暴走率＋１５％ | D17: 15 | K17: 限界突破 | X17: 減衰【技】 | AF17: － | AH17: フラッシュガン【スペック－２】 | AI17: 2 | AN17: 孤独 | AP17: 女性的 | AR17: 英雄【ブレイブ】 | AW17: ＥＣＭ【Ｃ】 【因子４】 | BA17: SPE/鎮静 | BB17: 限界突破 | BC17: 1 | BE17: 英雄【ブレイブ】 | BF17: 1 | BG17: 1
A18: 身体異常 | C18: 初期暴走率＋２０％ | D18: 20 | K18: 防衛本能 | X18: 減衰【解】 | AF18: 技術 | AH18: 増強アンプル【スペック－1】 | AI18: 1 | AN18: 義理の家族 | AP18: 一途 | AR18: 凡骨【ナチュラルボーン】 | AW18: パイル予備弾 【因子２】 | BA18: SPE/精神凌駕 | BB18: 防衛本能 | BC18: 2 | BE18: 凡骨【ナチュラルボーン】 | BF18: 1 | BG18: 1
A19: 能力異常 | C19: 暴走崩壊者 | D19: 0 | K19: 共鳴 | X19: 回復 | AH19: 強化シナプス【スペック－1】 | AI19: 1 | AN19: 機械化 | AP19: 好色 | AR19: 殺し屋【ザ・キラー】 | AW19: 荷電粒子予備弾 【因子２】 | BA19: SPE/愛 | BB19: 共鳴 | BC19: 0 | BE19: 殺し屋【ザ・キラー】 | BF19: 1 | BG19: 1
A20: 言語異常 | K20: パージ | X20: 拡張 | AF20: － | AH20: スモーク【スペック－1】 | AI20: 1 | AN20: 被害者 | AP20: 同性愛 | AR20: 武器屋【マスター】 | AW20: スタン予備弾 【因子２】 | BA20: SPE/瞬動 | BB20: パージ | BC20: 0 | BE20: 武器屋【マスター】 | BF20: 1 | BG20: 1
A21: 記憶異常 | C21: 持ち越し抑制ダイス | K21: 奥義 | X21: 制限 | AF21: 隠密 | AH21: サイキックジャミング【スペック－1】 | AI21: 1 | AN21: 成功 | AP21: 倹約 | AR21: 守護者【イージス】 | AW21: フラッシュ予備弾 【因子２】 | BA21: SPE/限界突破 | BB21: 奥義 | BC21: 0 | BE21: 守護者【イージス】 | BF21: 1 | BG21: 1
A22: 精神異常 | C22: － | K22: 大器 | X22: 幸運 | AH22: 神経ジャマー【スペック－1】 | AI22: 1 | AN22: 没落 | AP22: 几帳面 | AR22: 反撃者【リベリオン】 | AW22: バーサーカー 【因子１】 | BA22: SPE/防衛本能 | BB22: 大器 | BC22: 0 | BE22: 反撃者【リベリオン】 | BF22: 1 | BG22: 1
A23: 忘我 | C23: 1 | K23: 熟練 | X23: 追加【命】 | AF23: － | AH23: トランスキャンセラー【スペック－1】 | AI23: 1 | AN23: 権力 | AP23: 独立 | AR23: 影の者【アサシン】 | AW23: ハイウェイ 【因子１】 | BA23: SPE/共鳴 | BB23: 熟練 | BC23: 0 | BE23: 影の者【アサシン】 | BF23: 2 | BG23: 2
C24: 2 | K24: エキスパート | X24: 追加【回】 | AF24: 俊敏 | AH24: クリエイトノイザー【スペック－1】 | AI24: 1 | AN24: 勤労 | AP24: 物欲 | AR24: 癒し手【ヒーラー】 | AW24: 煙幕 【因子１】 | BA24: SPE/パージ | BB24: エキスパート | BC24: 0 | BE24: 癒し手【ヒーラー】 | BF24: 0 | BG24: 0
C25: 3 | T25: 技系統 | X25: 追加【技】 | AH25: アーマー【スペック－1】 | AI25: 1 | AN25: 無名 | AP25: リーダーシップ | AR25: 使役者【ブリーダー】 | BA25: SPE/奥義 | BB25: 切札 | BC25: 1 | BE25: 使役者【ブリーダー】 | BF25: 1 | BG25: 1
C26: 4 | T26: － | X26: 追加【解】 | AF26: － | AH26: ブラックボックス【スペック－1】 | AI26: 1 | AN26: 裏社会 | AP26: 慎重 | AR26: 不幸【アンラッキー】 | AW26: ネクスト（蟹） 【因子２】 | BA26: SPE/大器 | BE26: 不幸【アンラッキー】 | BF26: 1 | BG26: 1
C27: 5 | T27: 攻撃 | X27: 混乱 | AF27: 話術 | AH27: パワードスーツ【スペック－1】 | AI27: 1 | AN27: 平凡 | AP27: 豪胆 | AR27: 抗体【ワクチン】 | AW27: 使い捨てランチャー（蟹） 【因子７】 | BA27: SPE/熟練 | BE27: 抗体【ワクチン】 | BF27: 1 | BG27: 1
T28: 回復 | X28: 複製 | AH28: スキャンスコープ【スペック－1】 | AI28: 1 | AN28: 商人 | AP28: ポジティブ | AR28: 愚者【トラブルメイカー】 | AW28: マキシマム（蟹）【因子４】 | BA28: SPE/エキスパート | BE28: 愚者【トラブルメイカー】 | BF28: 2 | BG28: 2
A29: - | T29: 防御 | X29: 制止 | AF29: － | AH29: 高感度センサー【スペック－1】 | AI29: 1 | AN29: 犯罪 | AP29: 自由 | AR29: 不死身【アンデッド】 | AW29: 世界樹の朝露（蟹）【因子10】 | BA29: SPE/切り札 | BE29: 不死身【アンデッド】 | BF29: 1 | BG29: 1
A30: ＰＣ | T30: 補正 | X30: 継続 | AF30: 読心 | AH30: 高演算電脳【スペック－1】 | AI30: 1 | AN30: 技術者 | AP30: お人好し | AR30: 奉仕者【トレーダー】 | AW30: ＥＣＭ【U】 【因子４】 | BA30: K/昇華者 | BE30: 奉仕者【トレーダー】 | BF30: 1 | BG30: 1
A31: ＮＰＣ | T31: 状態異常 | X31: 操作 | AH31: 高性能マニピュレーター【スペック－1】 | AI31: 1 | AN31: 宗教 | AP31: 目立ちたがり | AR31: 闇商人【ディーラー】 | BA31: K/駆け出し | BE31: 闇商人【ディーラー】 | BF31: 1 | BG31: 1
A32: 親愛 | B32: 他に代えがたいほど友情を感じている。最早家族のような存在である。 | T32: 創造 | X32: 創造 | AF32: － | AH32: 光学迷彩【スペック－1】 | AI32: 1 | AN32: 芸術 | AP32: 友好 | AR32: 破壊者【デストロイヤー】 | BA32: K/新鋭 | BE32: 破壊者【デストロイヤー】 | BF32: 1 | BG32: 1
A33: 敬愛 | B33: ただ仲が良いということではなく、一人の人間として敬意を払っている。 | T33: その他 | X33: 性質【威力】 | AF33: 閃き | AH33: 高出力ブースター【スペック－1】 | AI33: 1 | AN33: 忠誠 | AP33: 臆病 | AR33: 職人【プロフェッショナル】 | BA33: K/初心 | BE33: 職人【プロフェッショナル】 | BF33: 1 | BG33: 1
A34: 友人 | B34: 知り合いの中でも特に仲が良い。友達。 | X34: 性質【反応】 | AH34: 心拍スカウター【スペック－1】 | AI34: 1 | AN34: 野心 | AP34: ネガティブ | AR34: 鷹の目【ホークアイ】 | BA34: K/失敗談 | BE34: 鷹の目【ホークアイ】 | BF34: 2 | BG34: 2
A35: 好感 | X35: 性質【耐性】 | AF35: － | AN35: 秘密 | AP35: 寂しがり屋 | AR35: 幻影【ファントム】 | BA35: K/伏兵 | BE35: 幻影【ファントム】 | BF35: 2 | BG35: 2
A36: 普通 | B36: 知り合い。顔見知り。 | X36: 性質【感覚】 | AF36: 幸運 | AH36: ジェットハンマー（蟹）【スペック－４】 | AI36: 4 | AN36: 探求 | AP36: 嫉妬 | AR36: 無血開城【ピースメイカー】 | BA36: K/調律者 | BE36: 無血開城【ピースメイカー】 | BF36: 1 | BG36: 1
A37: 反感 | X37: 性質【幸運】 | AH37: 毒電波発生装置（蟹）【スペック－２】 | AI37: 2 | AN37: 武道 | AP37: 疑心 | AR37: 人外【レジェンド】 | BA37: K/崩壊者 | BE37: 人外【レジェンド】 | BF37: 0 | BG37: 0
A38: 嫌悪 | B38: 正直、あまり一緒にいたくはない。 | X38: 性質【増強】 | AH38: ショックバトン（蟹）【スペック－２】 | AI38: 2 | AN38: 研究 | AP38: 虚偽 | AR38: 希少種【レア】 | BA38: K/喪失者 | BE38: 希少種【レア】 | BF38: 2 | BG38: 2
A39: 憎悪 | B39: 敵対的な心理を明確に抱いている。 | X39: 限定耐性 | AH39: 逆位相発生装置（蟹）【スペック－１】 | AI39: 1 | AN39: 恋愛 | AP39: 温厚 | AR39: 勇猛【ベルセルク】 | BA39: K/突然変異 | BE39: 勇猛【ベルセルク】 | BF39: 1 | BG39: 1
A40: 殺意 | B40: 殺したいほど憎い相手。 | X40: 限定無効 | AH40: 擬態ホログラム（蟹）【スペック－１】 | AI40: 1 | AN40: 友人 | AP40: 慈愛 | AR40: 魔性【フェロモン】 | BA40: K/覚醒者 | BE40: 魔性【フェロモン】 | BF40: 2 | BG40: 2
X41: 限定吸収 | AH41: ＡＩナビゲーション（蟹）【スペック－１】 | AI41: 1 | AN41: 師匠 | AP41: 奉仕 | AR41: 下心【セクシゃル】 | BA41: K/探索者 | BE41: 下心【セクシゃル】 | BF41: 1 | BG41: 1
X42: 貫通無効 | AH42: 薬物インジェクター（蟹）【スペック－１】 | AI42: 1 | AN42: 尊敬 | AP42: 平和主義 | AR42: 献身【サクリファイス】 | BA42: K/修羅 | BE42: 献身【サクリファイス】 | BF42: 1 | BG42: 1
X43: 領域無効 | AH43: 確率変動試作機（蟹）【スペック－１】 | AI43: 1 | AN43: 隠匿 | AP43: マイペース | AR43: 孤高【ロンリーウルフ】 | BA43: K/寵愛 | BE43: 孤高【ロンリーウルフ】 | BF43: 2 | BG43: 2
X44: 影響無効 | AN44: 邂逅 | AP44: 八方美人 | AR44: 恋愛【ラバーズ】 | BA44: K/英雄 | BE44: 恋愛【ラバーズ】 | BF44: 1 | BG44: 1
X45: 精神無効 | AN45: 裕福 | AP45: 厳格 | AR45: 交渉人【ネゴシエイター】 | BA45: K/凡骨 | BE45: 交渉人【ネゴシエイター】 | BF45: 1 | BG45: 1
X46: 物理無効 | AN46: 貧乏 | AP46: 頑固 | AR46: 二枚舌【ライアー】 | BA46: K/殺し屋 | BE46: 二枚舌【ライアー】 | BF46: 2 | BG46: 2
X47: 系統無効 | AN47: 兵士 | AP47: 激情 | AR47: 魔術師【プロフェッサー】 | BA47: K/武器屋 | BE47: 魔術師【プロフェッサー】 | BF47: 1 | BG47: 1
X48: 除外 | AN48: 略奪 | AP48: 好戦的 | AR48: 道化師【トリックスター】 | BA48: K/守護者 | BE48: 道化師【トリックスター】 | BF48: 2 | BG48: 2
X49: 敵視 | AN49: 成金 | AP49: 反発 | AR49: 狂人【マッドネス】 | BA49: K/反撃者 | BE49: 狂人【マッドネス】 | BF49: 1 | BG49: 1
X50: 晩成【増強】 | AN50: 放浪 | AP50: 騒然 | AR50: 風雲児【ヒーロー】 | BA50: K/影の者 | BE50: 風雲児【ヒーロー】 | BF50: 1 | BG50: 2
X51: 晩成【反応】 | AN51: 短命 | AP51: 単純 | AR51: 無頼漢【フーリガン】 | BA51: K/癒し手 | BE51: 無頼漢【フーリガン】 | BF51: 1 | BG51: 2
X52: 晩成【感覚】 | AN52: 親子 | AP52: 自信家 | AR52: 小心翼翼【チキンハート】 | BA52: K/使役者 | BE52: 小心翼翼【チキンハート】 | BF52: 1 | BG52: 2
X53: 晩成【幸運】 | AN53: 救済 | AP53: 無鉄砲 | AR53: 芸人【エンターテイナー】 | BA53: K/不幸 | BE53: 芸人【エンターテイナー】 | BF53: 1 | BG53: 1
X54: 喚装 | AN54: 殺人 | AP54: 気分屋 | AR54: 泥酔【ドランカー】 | BA54: K/抗体 | BE54: 泥酔【ドランカー】 | BF54: 2 | BG54: 2
X55: 縮小 | AN55: 自殺 | AP55: 努力家 | AR55: 自己愛【ナルシスト】 | BA55: K/愚者 | BE55: 自己愛【ナルシスト】 | BF55: 1 | BG55: 1
AN56: 臨死 | AP56: 敏感 | AR56: 演技派【プレゼンター】 | BA56: K/不死身 | BE56: 演技派【プレゼンター】 | BF56: 1 | BG56: 1
AN57: 再生 | AP57: 寡黙 | AR57: 中二病【ファイナルジャッジメント】 | BA57: K/奉仕者 | BE57: 中二病【ファイナルジャッジメント】 | BF57: 1 | BG57: 1
AN58: 守護 | AP58: 一匹狼 | AR58: ダイスの女神様【フォーチュン】 | BA58: K/闇商人 | BE58: ダイスの女神様【フォーチュン】 | BF58: 1 | BG58: 2
AN59: 執着 | AP59: 冷徹 | BA59: K/破壊者 | BE59: 殺人者【ザ・キラー】 | BF59: 0 | BG59: 1
AN60: 立身 | AP60: 静観 | BA60: K/職人 | BE60: 厨二病【ファイナルジャッジメント】 | BF60: 0 | BG60: 2
AN61: 啓蒙 | AP61: 怠け者 | BA61: K/鷹の目 | BE61: 怠惰【スロース】 | BF61: 0 | BG61: 0
AN62: 漠然 | AP62: 鈍感 | BA62: K/幻影 | BE62: 拷問師【トーチャー】 | BF62: 0 | BG62: 1
AN63: 有能 | AP63: 常識 | BA63: K/無血開城 | BE63: 越境者【オーバード】 | BF63: 0 | BG63: 1
AN64: 無能 | AP64: 愚直 | BA64: K/人外 | BE64: 帝王【プライド】 | BF64: 0 | BG64: 1
AN65: 賛美 | AP65: 規律 | BA65: K/希少種 | BE65: 餓狼【アンダードッグ】 | BF65: 0 | BG65: 2
AN66: 新参 | AP66: 気品 | BA66: K/勇猛
AN67: 古参 | AP67: 現実主義 | BA67: K/魔性
AN68: 離脱 | AP68: 誠実 | BA68: K/下心
AN69: 外界 | AP69: 偏屈 | BA69: K/献身
AN70: 後輩 | AP70: 依存 | BA70: K/孤高
AN71: 迫害 | AP71: ズボラ | BA71: K/恋愛
AN72: 無実 | AP72: 下賤 | BA72: K/交渉人
AN73: 幽閉 | AP73: ロマンティスト | BA73: K/二枚舌
AN74: 不明 | AP74: 浪費 | BA74: K/魔術師
AP75: 破壊 | BA75: K/道化師
AP76: 幼稚 | BA76: K/狂人
AP77: 破綻 | BA77: K/風雲児
AP78: 差別的 | BA78: K/無頼漢
AP79: 強引 | BA79: K/小心翼翼
AP80: 憎悪 | BA80: K/芸人
AP81: 熱血 | BA81: K/泥酔
AP82: 照れ屋 | BA82: K/自己愛
AP83: 負けず嫌い | BA83: K/演技派
AP84: 明朗 | BA84: K/中二病
AP85: 単騎 | BA85: K/ダイスの女神様
AP86: 冗長 | BA86: K/殺人者
... AP110: ナルシスト | BA110: 武装/スモーク
BA111: 武装/サイキックジャミング
BA112: 武装/神経ジャマー
BA113: 武装/トランスキャンセラー
BA114: 武装/クリエイトノイザー
BA115: 武装/アーマー
BA116: 武装/ブラックボックス
BA117: 武装/パワードスーツ
BA118: 武装/スキャンスコープ
BA119: 武装/高感度センサー
BA120: 武装/高演算電脳
BA121: 武装/高性能マニピュレーター
BA122: 武装/光学迷彩
... BA164: 判定バースト

Sheet キャラシート
B2: キャラクター名 | I2: 環境 | J2: ＰＬ名 | N2: 次回セッション | T2: ※先にこちらの欄を入力する事で左欄にある程度数値が自動反映されます
I3: 蟹 | N3: 次回状態 | P3: － | AC3: 基礎技能値 | AF3: 運ボーナス | AG3: 基礎技能値 | AJ3: 運ボーナス
N4: 持ち越し因子ダイス | P4: － | U4: →手入力 | W4: →選択入力 | Y4: →自動反映 | AA4: →反映結果 | AC4: 力技 | AE4: =(AA10*2) -> 8 | AF4: =IF(AA16<18,IF(AA16<14,IF(AA16<10,IF(AA16<5,IF(AA16<3,"-2","-1"),0),"+1"),"+2"),"+3") -> -1 | AG4: 隠密 | AI4: =AA14+AA15 -> 8 | AJ4: =IF(AA16<18,IF(AA16<14,IF(AA16<10,IF(AA16<5,IF(AA16<3,"-2","-1"),0),"+1"),"+2"),"+3") -> -1
B5: 性別 | D5: 年齢 | F5: 身長 | H5: 容姿 | J5: カルマ | N5: 崩壊深度 | P5: － | AC5: 威圧 | AE5: =AA10+AA11 -> 8 | AF5: =IF(AA16<18,IF(AA16<14,IF(AA16<10,IF(AA16<5,IF(AA16<3,"-2","-1"),0),"+1"),"+2"),"+3") -> -1 | AG5: 俊敏 | AI5: =(AA15*2) -> 8 | AJ5: =IF(AA16<18,IF(AA16<14,IF(AA16<10,IF(AA16<5,IF(AA16<3,"-2","-1"),0),"+1"),"+2"),"+3") -> -1
H6: － | J6: － | N6: 後遺症 | P6: － | T6: ▼ステータス計算 | AC6: 観察眼 | AE6: =ROUNDDOWN((AA55/2),0)+AA12 -> 7 | AF6: =IF(AA16<18,IF(AA16<14,IF(AA16<10,IF(AA16<5,IF(AA16<3,"-2","-1"),0),"+1"),"+2"),"+3") -> -1 | AG6: 話術 | AI6: =AA14+AA12 -> 8 | AJ6: =IF(AA16<18,IF(AA16<14,IF(AA16<10,IF(AA16<5,IF(AA16<3,"-2","-1"),0),"+1"),"+2"),"+3") -> -1
B7: 職業 | J7: 所属 | K7: － | N7: － | P7: － | T7: 能力タイプ | V7: =C10 -> － | X7: 身体タイプ | Z7: =F10 -> － | AC7: 察知 | AE7: =ROUNDDOWN((AA55/2),0)+AA15 -> 7 | AF7: =IF(AA16<18,IF(AA16<14,IF(AA16<10,IF(AA16<5,IF(AA16<3,"-2","-1"),0),"+1"),"+2"),"+3") -> -1 | AG7: 読心 | AI7: =ROUNDDOWN((AA55/2),0)+AA13 -> 7 | AJ7: =IF(AA16<18,IF(AA16<14,IF(AA16<10,IF(AA16<5,IF(AA16<3,"-2","-1"),0),"+1"),"+2"),"+3") -> -1
J8: 在住エリア | K8: － | N8: － | P8: － | T8: 基礎パラメーター | AA8: 総パラ | AC8: 知識 | AE8: =(AA12*2) -> 8 | AF8: =IF(AA16<18,IF(AA16<14,IF(AA16<10,IF(AA16<5,IF(AA16<3,"-2","-1"),0),"+1"),"+2"),"+3") -> -1 | AG8: 閃き | AI8: =ROUNDDOWN((AA55/2),0)+AA16 -> 7 | AJ8: =IF(AA16<18,IF(AA16<14,IF(AA16<10,IF(AA16<5,IF(AA16<3,"-2","-1"),0),"+1"),"+2"),"+3") -> -1
U9: 基礎pt | V9: フリーpt | W9: 計① | X9: 能力者付与pt | Y9: ノーマル付与pt | Z9: 身体付与pt | AA9: ①＋② | AC9: 技術 | AE9: =AA14+AA13 -> 8 | AF9: =IF(AA16<18,IF(AA16<14,IF(AA16<10,IF(AA16<5,IF(AA16<3,"-2","-1"),0),"+1"),"+2"),"+3") -> -1 | AG9: 幸運 | AI9: =(AA16*2) -> 8 | AJ9: =IF(AA16<18,IF(AA16<14,IF(AA16<10,IF(AA16<5,IF(AA16<3,"-2","-1"),0),"+1"),"+2"),"+3") -> -1
B10: 能力タイプ | C10: － | E10: 身体タイプ | F10: － | J10: ライフパス | T10: 筋力 | U10: 4 | W10: =SUM(U10:V10) -> 4 | X10: =IF(C10="トランサー",2,0) -> 0 | Z10: =IF(F10="サイボーグ",1,0) -> 0 | AA10: =W10+AA24+SUM(X10:Z10)-T70 -> 4
J11: ライフ＆ライフ | L11: － | N11: スタンス | P11: － | T11: 耐久 | U11: 4 | W11: =SUM(U11:V11) -> 4 | X11: =IF(C10="サイキッカー",1,0) -> 0 | Z11: =IF(F10="ロボット",1,0) -> 0 | AA11: =W11+AA25+SUM(X11:Z11)-U70 -> 4
L12: － | N12: トゥルー | P12: － | T12: 知力 | U12: 4 | W12: =SUM(U12:V12) -> 4 | X12: =IF(C10="エスパー",1,0)+IF(C10="アンノウン",1,0) -> 0 | Z12: =IF(F10="コーディネーター",1,0) -> 0 | AA12: =W12+AA26+SUM(X12:Z12)-V70 -> 4 | AC12: パラメーター基準値
B13: ＳＰＥ | C13: － | E13: 活性タイプ | F13: － | J13: キャライメージ | O13: エキスパ | P13: - | Q13: - | T13: 精神 | U13: 4 | W13: =SUM(U13:V13) -> 4 | X13: =IF(C10="エスパー",2,0)+IF(C10="クリエイター",1,0) -> 0 | Z13: =IF(F10="ナチュラル",1,0) -> 0 | AA13: =W13+AA27+SUM(X13:Z13)-W70 -> 4 | AC13: 無能 | AD13: 貧弱 | AE13: 常人 | AG13: 秀才 | AI13: 達人 | AJ13: 天才
O14: 探索技能 | Q14: ＳＰＥ補正 | T14: 器用 | U14: 4 | W14: =SUM(U14:V14) -> 4 | X14: =IF(C10="クリエイター",2,0) -> 0 | Z14: =IF(F10="ハイブリッド",1,0) -> 0 | AA14: =W14+AA28+SUM(X14:Z14)-X70 -> 4 | AC14: 1～２ | AD14: ３～４ | AE14: ５～９ | AG14: １０～１３ | AI14: １４～１７ | AJ14: １８～
O15: 力技 | P15: =ROUNDDOWN((AE4+AF4)/2,0) -> 3 | T15: 敏捷 | U15: 4 | W15: =SUM(U15:V15) -> 4 | X15: =IF(C10="サイキッカー",2,0)+IF(C10="トランサー",1,0) -> 0 | Z15: =IF(F10="アンドロイド",1,0) -> 0 | AA15: =W15+AA29+SUM(X15:Z15)-Y70 -> 4
B16: ステータス | F16: パラメーター | O16: 威圧 | P16: =ROUNDDOWN((AE5+AF5)/2,0) -> 3 | T16: 運 | U16: 4 | W16: =SUM(U16:V16) -> 4 | X16: =IF(C10="アンノウン",2,0) -> 0 | Z16: =IF(SUM(Z10:Z15)=0,IF(F10="－",0,1),0) -> 0 | AA16: =W16+AA30+SUM(X16:Z16)-Z70 -> 4
B17: HP | D17: =ABS(AA49) -> 12 | F17: 筋力 | H17: =AA10 -> 4 | O17: 観察眼 | P17: =ROUNDDOWN((AE6+AF6)/2,0) -> 3 | T17: 計 | U17: =SUM(U10:U16) -> 28 | V17: =SUM(V10:V16) -> 0 | W17: =SUM(W10:W16) -> 28 | X17: =SUM(X10:X16) -> 0 | Y17: =SUM(Y10:Y16) -> 0 | Z17: =SUM(Z10:Z16) -> 0 | AA17: =SUM(AA10:AA16) -> 28 | AC17: 運ボーナス
F18: 耐久 | H18: =AA11 -> 4 | O18: 察知 | P18: =ROUNDDOWN((AE7+AF7)/2,0) -> 3 | U18: =28-U17 -> 0 | V18: =10-V17 -> 10 | X18: =IF(I3="バニラ",3-X17,0) -> 0 | Y18: =IF(C10="ノーマル",3-Y17,0) -> 0 | Z18: =IF(I3="バニラ",1-Z17,0) -> 0 | AA18: =47-AA17 -> 19 | AC18: 運１～２ | AE18: ― | AH18: 基礎技能値－２
B19: PP | D19: =ABS(AA50) -> 18 | F19: 知力 | H19: =AA12 -> 4 | O19: 知識 | P19: =ROUNDDOWN((AE8+AF8)/2,0) -> 3 | U19: ↑フリーpt入力計↑ 計①がゼロ以下はＮＧ | X19: ↑身体・能力タイプｐｔ↑ | AC19: 運３～４ | AE19: ― | AH19: 基礎技能値－１
F20: 精神 | H20: =AA13 -> 4 | O20: 技術 | P20: =ROUNDDOWN((AE9+AF9)/2,0) -> 3 | X20: =IF(I3="バニラ","ノーマルは手入力","追加フリーptを入力してね") -> 追加フリーptを入力してね | AC20: 運５～９ | AE20: ― | AH20: ―
B21: 暴走率 | D21: =AA51 -> 16 | F21: 器用 | H21: =AA14 -> 4 | O21: 隠密 | P21: =ROUNDDOWN((AI4+AJ4)/2,0) -> 3 | AC21: 運１０～１３ | AE21: ― | AH21: 基礎技能値+１
F22: 敏捷 | H22: =AA15 -> 4 | O22: 俊敏 | P22: =ROUNDDOWN((AI5+AJ5)/2,0) -> 3 | T22: キャラ特性付与パラメーター | Z22: キャラpt | AA22: =5+IF(C10="ノーマル",1,0) -> 5 | AC22: 運１４～１７ | AE22: 命中・回避判定ダイス＋１Ｄ６ | AH22: 基礎技能値+２
B23: 防御力 | D23: =AA52 -> 2 | F23: 運 | H23: =AA16 -> 4 | O23: 話術 | P23: =ROUNDDOWN((AI6+AJ6)/2,0) -> 3 | T23: キャラ特性 | U23: - | V23: - | W23: - | X23: - | Y23: - | Z23: - | AA23: 計② | AC23: 運１８～２０ | AE23: 命中・回避判定ダイス＋１Ｄ６ | AH23: 基礎技能値+３
O24: 読心 | P24: =ROUNDDOWN((AI7+AJ7)/2,0) -> 3 | T24: =T10 -> 筋力 | AA24: =SUM(U24:Z24) -> 0
B25: 精神抵抗 | D25: =AA53 -> 2 | F25: 能力精度 | H25: =AA58 -> 4 | O25: 閃き | P25: =ROUNDDOWN((AI8+AJ8)/2,0) -> 3 | T25: =T11 -> 耐久 | AA25: =SUM(U25:Z25) -> 0
O26: 幸運 | P26: =ROUNDDOWN((AI9+AJ9)/2,0) -> 3 | T26: =T12 -> 知力 | AA26: =SUM(U26:Z26) -> 0
B27: 行動値 | D27: =AA54 -> 5 | F27: 発動スペック | H27: =AA59 -> 2 | O27: キャラ特性 | T27: =T13 -> 精神 | AA27: =SUM(U27:Z27) -> 0 | AC27: ◆ 探索技能補足説明 ◆
O28: =U23 -> - | T28: =T14 -> 器用 | AA28: =SUM(U28:Z28) -> 0
O29: =V23 -> - | T29: =T15 -> 敏捷 | AA29: =SUM(U29:Z29) -> 0 | AC29: 技能名 | AE29: 説明
B30: 命中・回避 | F30: 攻撃力 | O30: =W23 -> - | T30: =T16 -> 運 | AA30: =SUM(U30:Z30) -> 0 | AC30: 力技 | AE30: 物を動かす、ドアを破るなど、力で物事を突破する際に必要な判定技能。
B31: ＳＳ | C31: =AA55 -> 6 | D31: =IF(AA16<14,1,2) -> 1 | F31: 格闘 | G31: =IF(AND(T43="ON",AA10>=18),V38+1,V38) -> 0 | H31: =W38 -> 0 | O31: =X23 -> - | T31: 消費pt | U31: =SUM(U24:U30) -> 0 | V31: =SUM(V24:V30) -> 0 | W31: =SUM(W24:W30) -> 0 | X31: =SUM(X24:X30) -> 0 | Y31: =SUM(Y24:Y30) -> 0 | Z31: =SUM(Z24:Z30) -> 0 | AA31: =SUM(U31:Z31) -> 0 | AC31: 観察眼 | AE31: 物事・現場を観察し、何かに気づけるかどうかの判定技能。
O32: =Y23 -> - | U32: ↑マイナス入力もOK！↑ | AA32: =AA22-AA31 -> 5 | AC32: 閃き | AE32: 推理・考察時に何かを思い付けるかどうかの判定技能。
B33: 命中力 | C33: =AA56 -> 7 | D33: =IF(AA16<14,1,2) -> 1 | F33: 武器 | G33: =IF(AND(T43="ON",AA10>=18),V39+1,V39) -> 0 | H33: =W39 -> 0 | O33: =Z23 -> - | T33: 攻撃力取得 1D6/3点 固定値１/1点 点移行/2点 | AC33: 察知 | AE33: 突然の出来事・気配等に反応できるか・気づけるかどうかの判定技能。
J34: アライメント | O34: 睡眠回復量 | AC34: 知識 | AE34: 物事・情報・使用方法などについて知っているかどうかの判定技能。
B35: 回避力 | C35: =AA57 -> 7 | D35: =IF(AA16<14,1,2) -> 1 | F35: 能力 | G35: =IF(AND(T43="ON",AA10>=18),V40+1,V40) -> 0 | H35: =W40 -> 0 | J35: － | O35: ＨＰ＆ＰＰ回復量 | Q35: =ROUNDDOWN((AA11/3),0) -> 1 | T35: 取得結果 | X35: 取得点 | AC35: 技術 | AE35: 機械を修理する、鍵開けを行うなど、技術を要求される場合の判定技能。
O36: 暴走率回復量 | Q36: =ROUNDDOWN((AA13/3),0) -> 1 | X36: 格闘点 | Y36: 武器点 | Z36: 能力点 | AC36: 隠密 | AE36: 身を隠す、対象を追跡する、物を隠す際の判定技能。
V37: 取得ダイス | W37: 取得固定値 | X37: =Z63-SUM(X38:X40) -> 3 | Y37: =Z64-SUM(Y38:Y40) -> 7 | Z37: =Z65-SUM(Z38:Z40) -> 7 | AA37: 移行結果 | AC37: 俊敏 | AE37: 逃げる、対象を追いかける、高所からの着地ができるかなどの判定技能。
B38: アイテム | J38: 能力名 | T38: 格闘攻撃 | AA38: =ROUNDDOWN((Y38/2),0)+ROUNDDOWN((Z38/2),0)+(X38) -> 0 | AC38: 威圧 | AE38: 強制的に対象を従わせる、威嚇などで黙らせるなどに必要な判定技能。
B39: 特殊武装 | E39: 消費アイテム／アタッチメント | H39: 所持品 | T39: 武器攻撃 | AA39: =ROUNDDOWN((X39/2),0)+ROUNDDOWN((Z39/2),0)+(Y39) -> 0 | AC39: 話術 | AE39: 説得・言いくるめ・交渉など、話術が必要な際の判定技能。
B40: － | E40: － | T40: 能力攻撃 | AA40: =ROUNDDOWN((X40/2),0)+ROUNDDOWN((Y40/2),0)+(Z40) -> 0 | AC40: 読心 | AE40: 対象が嘘をついているかなど、相手の心情を察する判定技能。
B41: － | E41: － | V41: ↑数値のみ入力でＯＫ | X41: ▼ ▼ ▼ ▼ | AC41: 幸運 | AE41: 運が試される際の判定技能。
B42: － | E42: － | J42: 能力説明 | T42: Better Parameter | X42: ↓ 移行取得結果 ↓
B43: － | E43: － | T43: ON | X43: 格闘点 | Y43: 武器点 | Z43: 能力点 | AC43: ■ 技能判定 目安表 ■
B44: － | E44: － | W44: 移行結果 | X44: =AA38 -> 0 | Y44: =AA39 -> 0 | Z44: =AA40 -> 0 | AC44: 技能判定値 | AD44: 技能ランク | AG44: 難易度 | AH44: Ｎ | AI44: Ｈ | AJ44: Ｓ
B45: － | E45: － | W45: 残り点 | X45: =X44-(V38*3)-W38 -> 0 | Y45: =Y44-(V39*3)-W39 -> 0 | Z45: =Z44-(V40*3)-W40 -> 0 | AG45: 技能ランク | AH45: ＡＥなし ノーマル目標 | AI45: コンセLv.5 難易度ハード | AJ45: コンセLv.10 スーパーハード
B46: － | E46: －
B47: － | E47: － | T47: ステータス | AC47: 1～２ | AD47: 【 無能レベル 】誰もができて当然 | AG47: Ｅ | AH47: ４～５ | AI47: ９～１０ | AJ47: １４～１５
B48: － | E48: － | U48: パラ依存 | V48: コンディション | X48: 特化補正 | Y48: ＳＰＥ補正 | Z48: その他補正 | AA48: 計 | AC48: ３～４ | AD48: 【 貧弱レベル 】簡単にできる範囲 | AG48: Ｄ | AH48: ６～７ | AI48: １１～１２ | AJ48: １６～１７
B49: － | E49: － | T49: HP | U49: =(AA10*2)+(AA11) -> 12 | X49: ― | Y49: ― | AA49: =SUM(U49:Z49) -> 12 | AC49: ５～８ | AD49: 【 常人レベル 】普通の人なら可能 | AG49: Ｃ | AH49: ８～１１ | AI49: １３～１６ | AJ49: １８～２１
B50: － | E50: - | T50: PP | U50: =AA13+ROUNDDOWN((AA11/2),0)+ROUNDDOWN((AA16/2),0)+10 -> 18 | X50: =IF(H18<18,0,3) -> 0 | Y50: =IF(C13="大器",10,"0") -> 0 | AA50: =SUM(U50:Z50) -> 18 | AC50: ９～１１ | AD50: 【 秀才レベル 】得意な人の範囲 | AG50: Ｂ | AH50: １２～１４ | AI50: １７～１９ | AJ50: ２２～２４
B51: － | E51: - | T51: 暴走率 | U51: =AA50-ROUNDDOWN((AA55/3),0) -> 16 | V51: ― | W51: ― | X51: ― | Y51: ― | AA51: =SUM(U51:Z51) -> 16 | AC51: １２～１４ | AD51: 【 達人レベル 】プロレベル | AG51: Ａ | AH51: １５～１７ | AI51: ２０～２２ | AJ51: ２５～２７
B52: キャラクター説明・補足 | T52: 防御力 | U52: =ROUNDDOWN((AA11/2),0) -> 2 | V52: ― | W52: ― | X52: =IF(H17<18,0,1) -> 0 | Y52: ― | AA52: =SUM(U52:Z52) -> 2 | AC52: １５～ | AD52: 【 天才レベル 】常人では達成困難 | AG52: Ｓ | AH52: １８～ | AI52: ２３～ | AJ52: ２８～
B53: キャラのセリフをお好みでこの欄に入れて下さい。 | T53: 精神抵抗 | U53: =ROUNDDOWN((AA13/2),0) -> 2 | V53: ― | W53: ― | X53: ― | Y53: ― | AA53: =SUM(U53:Z53) -> 2
T54: 行動値 | U54: =ROUNDDOWN((AA12/3),0)+ROUNDDOWN((AA15/2),0) -> 3 | V54: ― | W54: ― | X54: ― | Y54: ― | Z54: =IF(T43="ON",AA15-ROUNDDOWN((AA15/2),0),"0") -> 2 | AA54: =SUM(U54:Z54) -> 5
T55: SS | U55: =ROUNDDOWN((AA12/2),0)+ROUNDDOWN((AA16/2),0)+ROUNDDOWN((AA13/2),0) -> 6 | V55: ― | W55: ― | X55: ― | Y55: ― | AA55: =SUM(U55:Z55) -> 6
T56: 命中 | U56: =ROUNDDOWN((AA11/2),0)+(AA14) -> 6 | V56: ― | W56: ― | X56: =IF(H22<18,0,2)+IF(H20<18,0,1) -> 0 | Y56: ― | Z56: =IF(T43="ON",ROUNDDOWN(AA10/3,0),"0") -> 1 | AA56: =SUM(U56:Z56) -> 7
T57: 回避 | U57: =ROUNDDOWN((AA12/2),0)+(AA15) -> 6 | V57: ― | W57: ― | X57: =IF(H21<18,0,2)+IF(H20<18,0,1) -> 0 | Y57: ― | Z57: =IF(T43="ON",ROUNDDOWN(AA10/3,0),"0") -> 1 | AA57: =SUM(U57:Z57) -> 7
T58: 能力精度 | U58: =ROUNDDOWN((AA13/2),0)+ROUNDDOWN((AA14/2),0) -> 4 | V58: ― | W58: ― | X58: ― | Y58: =IF(C13="大器",3,"0") -> 0 | AA58: =SUM(U58:Z58) -> 4
T59: 発動スペック | U59: =ROUNDDOWN(((AA12)+(AA16))/4,0) -> 2 | V59: ― | W59: ― | X59: =IF(H19<18,0,1) -> 0 | Y59: =IF(C13="熟練",1," ") | AA59: =SUM(U59:Z59) -> 2
T61: 攻撃力取得点
V62: 主攻撃値 | W62: 補助攻撃値 | X62: 能力ボーナス | Z62: 取得点
T63: 格闘取得点 | V63: =AA10 -> 4 | W63: =ROUNDDOWN((AA11/2),0) -> 2 | Z63: =ROUNDDOWN((V63+W63)/2,0) -> 3 | AA63: +１Ｄ６
T64: 武器取得点 | V64: =ROUNDDOWN((AA14/2),0)+ROUNDDOWN((AA15/2),0) -> 4 | W64: 10 | Z64: =ROUNDDOWN((V64+W64)/2,0) -> 7 | AA64: +１Ｄ６
T65: 能力取得点 | V65: =AA58 -> 4 | W65: =ROUNDDOWN((AA55/2),0) -> 3 | X65: 4 | Z65: =ROUNDDOWN((V65+W65)/2,0)+X65 -> 7 | AA65: +１Ｄ６

Sheet 応用技
B2: 能力応用技 ※応用技は最大８個まで | M2: 行為発動・特殊技 ※フレーバーの行為発動や、技組合せのチェイン発動、 ＡＥ・ＳＰＥを演出の特殊技、特殊武装などをフレーバー技として明記したい場合に入力下さい。
B4: 発動スペック | D4: =キャラシート!H27-D5 -> 2 | E4: 防御発動量 | G4: =ROUNDDOWN((キャラシート!H25)/2,0) -> 2 | H4: 付加補正量 | J4: =ROUNDDOWN((キャラシート!H25)/3,0) -> 1
B5: スペック圧迫分 | D5: =IF(キャラシート!I3="蟹",計算用!E99,計算用!E98)+IF(キャラシート!B40="－","0",VLOOKUP(キャラシート!B40,リスト!$AH$3:$AI$43,2,FALSE))+IF(キャラシート!B41="－","0",VLOOKUP(キャラシート!B41,リスト!$AH$3:$AI$43,2,FALSE()))+IF(キャラシート!B42="－","0",VLOOKUP(キャラシート!B42,リスト!$AH$3:$AI$43,2,FALSE()))+IF(キャラシート!B43="－","0",VLOOKUP(キャラシート!B43,リスト!$AH$3:$AI$43,2,FALSE()))+IF(キャラシート!B44="－","0",VLOOKUP(キャラシート!B44,リスト!$AH$3:$AI$43,2,FALSE()))+IF(キャラシート!B45="－","0",VLOOKUP(キャラシート!B45,リスト!$AH$3:$AI$43,2,FALSE()))+IF(キャラシート!B46="－","0",VLOOKUP(キャラシート!B46,リスト!$AH$3:$AI$43,2,FALSE()))+IF(キャラシート!B47="－","0",VLOOKUP(キャラシート!B47,リスト!$AH$3:$AI$43,2,FALSE()))+IF(キャラシート!B48="－","0",VLOOKUP(キャラシート!B48,リスト!$AH$3:$AI$43,2,FALSE()))+IF(キャラシート!B49="－","0",VLOOKUP(キャラシート!B49,リスト!$AH$3:$AI$43,2,FALSE()))+IF(キャラシート!B50="－","0",VLOOKUP(キャラシート!B50,リスト!$AH$3:$AI$43,2,FALSE()))+IF(キャラシート!B51="－","0",VLOOKUP(キャラシート!B51,リスト!$AH$3:$AI$43,2,FALSE)) -> 0
B8: 技名 | G8: 射程 | H8: 技系統 | I8: 消費 | J8: 必要スペック | M8: 技名 | R8: 演出 | T8: 射程 | U8: 消費
G9: － | H9: － | I9: =IF(キャラシート!$I$3="蟹",計算用!C12,計算用!C6) -> 0 | J9: =IF(キャラシート!$I$3="蟹",計算用!D12,計算用!D6) -> 0 | R9: － | T9: －
B11: 発動系統 | E11: 付加効果 | H11: ＳＥ
B12: － | C12: － | D12: － | E12: － | F12: － | G12: － | H12: － | I12: － | J12: － | M12: 効果補足
E13: － | F13: － | G13: － | H13: － | I13: － | J13: －
B14: 効果補足
B17: ※この行には具体的な補正量やトリガー条件などをお書き下さい。 | M17: ※この行には具体的な効果やチェイン発動の組合せをお書き下さい。
B19: 技名 | G19: 射程 | H19: 技系統 | I19: 消費 | J19: 必要スペック | M19: 技名 | R19: 演出 | T19: 射程 | U19: 消費
G20: － | H20: － | I20: =IF(キャラシート!$I$3="蟹",計算用!C24,計算用!C18) -> 0 | J20: =IF(キャラシート!$I$3="蟹",計算用!D24,計算用!D18) -> 0 | R20: － | T20: －
B22: 発動系統 | E22: 付加効果 | H22: ＳＥ
B23: － | C23: － | D23: － | E23: － | F23: － | G23: － | H23: － | I23: － | J23: － | M23: 効果補足
E24: － | F24: － | G24: － | H24: － | I24: － | J24: －
B25: 効果補足
B28: ※この行には具体的な補正量やトリガー条件などをお書き下さい。 | M28: ※この行には具体的な効果やチェイン発動の組合せをお書き下さい。
B30: 技名 | G30: 射程 | H30: 技系統 | I30: 消費 | J30: 必要スペック | M30: 技名 | R30: 演出 | T30: 射程 | U30: 消費
G31: － | H31: － | I31: =IF(キャラシート!$I$3="蟹",計算用!C36,計算用!C30) -> 0 | J31: =IF(キャラシート!$I$3="蟹",計算用!D36,計算用!D30) -> 0 | R31: － | T31: －
B33: 発動系統 | E33: 付加効果 | H33: ＳＥ
B34: － | C34: － | D34: － | E34: － | F34: － | G34: － | H34: － | I34: － | J34: － | M34: 効果補足
E35: － | F35: － | G35: － | H35: － | I35: － | J35: －
B36: 効果補足
B39: ※この行には具体的な補正量やトリガー条件などをお書き下さい。 | M39: ※この行には具体的な効果やチェイン発動の組合せをお書き下さい。
B41: 技名 | G41: 射程 | H41: 技系統 | I41: 消費 | J41: 必要スペック | M41: 技名 | R41: 演出 | T41: 射程 | U41: 消費
G42: － | H42: － | I42: =IF(キャラシート!$I$3="蟹",計算用!C48,計算用!C42) -> 0 | J42: =IF(キャラシート!$I$3="蟹",計算用!D48,計算用!D42) -> 0 | R42: － | T42: －
B44: 発動系統 | E44: 付加効果 | H44: ＳＥ
B45: － | C45: － | D45: － | E45: － | F45: － | G45: － | H45: － | I45: － | J45: － | M45: 効果補足
E46: － | F46: － | G46: － | H46: － | I46: － | J46: －
B47: 効果補足
B50: ※この行には具体的な補正量やトリガー条件などをお書き下さい。 | M50: ※この行には具体的な効果やチェイン発動の組合せをお書き下さい。
B52: 技名 | G52: 射程 | H52: 技系統 | I52: 消費 | J52: 必要スペック | M52: 技名 | R52: 演出 | T52: 射程 | U52: 消費
G53: － | H53: － | I53: =IF(キャラシート!$I$3="蟹",計算用!C60,計算用!C54) -> 0 | J53: =IF(キャラシート!$I$3="蟹",計算用!D60,計算用!D54) -> 0 | R53: － | T53: －
B55: 発動系統 | E55: 付加効果 | H55: ＳＥ
B56: － | C56: － | D56: － | E56: － | F56: － | G56: － | H56: － | I56: － | J56: － | M56: 効果補足
E57: － | F57: － | G57: － | H57: － | I57: － | J57: －
B58: 効果補足
B61: ※この行には具体的な補正量やトリガー条件などをお書き下さい。 | M61: ※この行には具体的な効果やチェイン発動の組合せをお書き下さい。
B63: 技名 | G63: 射程 | H63: 技系統 | I63: 消費 | J63: 必要スペック | M63: 技名 | R63: 演出 | T63: 射程 | U63: 消費
G64: － | H64: － | I64: =IF(キャラシート!$I$3="蟹",計算用!C72,計算用!C66) -> 0 | J64: =IF(キャラシート!$I$3="蟹",計算用!D72,計算用!D66) -> 0 | R64: － | T64: －
B66: 発動系統 | E66: 付加効果 | H66: ＳＥ
B67: － | C67: － | D67: － | E67: － | F67: － | G67: － | H67: － | I67: － | J67: － | M67: 効果補足
E68: － | F68: － | G68: － | H68: － | I68: － | J68: －
B69: 効果補足
B72: ※この行には具体的な補正量やトリガー条件などをお書き下さい。 | M72: ※この行には具体的な効果やチェイン発動の組合せをお書き下さい。
B74: 技名 | G74: 射程 | H74: 技系統 | I74: 消費 | J74: 必要スペック | M74: 技名 | R74: 演出 | T74: 射程 | U74: 消費
G75: － | H75: － | I75: =IF(キャラシート!$I$3="蟹",計算用!C84,計算用!C78) -> 0 | J75: =IF(キャラシート!$I$3="蟹",計算用!D84,計算用!D78) -> 0 | R75: － | T75: －
B77: 発動系統 | E77: 付加効果 | H77: ＳＥ
B78: － | C78: － | D78: － | E78: － | F78: － | G78: － | H78: － | I78: － | J78: － | M78: 効果補足
E79: － | F79: － | G79: － | H79: － | I79: － | J79: －
B80: 効果補足
B83: ※この行には具体的な補正量やトリガー条件などをお書き下さい。 | M83: ※この行には具体的な効果やチェイン発動の組合せをお書き下さい。
B85: 技名 | G85: 射程 | H85: 技系統 | I85: 消費 | J85: 必要スペック | M85: 技名 | R85: 演出 | T85: 射程 | U85: 消費
G86: － | H86: － | I86: =IF(キャラシート!$I$3="蟹",計算用!C96,計算用!C90) -> 0 | J86: =IF(キャラシート!$I$3="蟹",計算用!D96,計算用!D90) -> 0 | R86: － | T86: －
B88: 発動系統 | E88: 付加効果 | H88: ＳＥ
B89: － | C89: － | D89: － | E89: － | F89: － | G89: － | H89: － | I89: － | J89: － | M89: 効果補足
E90: － | F90: － | G90: － | H90: － | I90: － | J90: －
B91: 効果補足
B94: ※この行には具体的な補正量やトリガー条件などをお書き下さい。 | M94: ※この行には具体的な効果やチェイン発動の組合せをお書き下さい。

Sheet 計算用
B1: 応用技 | AG1: クリーチャー＿１ | AN1: クリーチャー＿２ | AU1: クリーチャー＿３
B2: 技１ | C2: 消費 | D2: スペック | E2: 圧迫 | F2: 強化変数 | G2: 減衰変数 | I2: バニラ表 | U2: カニ表 | AG2: 技１ | AH2: 消費 | AI2: スペック | AJ2: 圧迫 | AK2: 強化変数 | AL2: 減衰変数 | AN2: 技１ | AO2: 消費 | AP2: スペック | AQ2: 圧迫 | AR2: 強化変数 | AS2: 減衰変数 | AU2: 技１ | AV2: 消費 | AW2: スペック | AX2: 圧迫 | AY2: 強化変数 | AZ2: 減衰変数
B3: 発動系統 | C3: =IF(応用技!B12="－","0",VLOOKUP(応用技!B12,計算用!$J$6:$L$11,2,FALSE())) +IF(応用技!C12="－","0",VLOOKUP(応用技!C12,計算用!$J$6:$L$11,2,FALSE())) +IF(応用技!D12="－","0",VLOOKUP(応用技!D12,計算用!$J$6:$L$11,2,FALSE())) +COUNTIF(応用技!B12:D12,"防御発動")^2 -> 0 | D3: =IF(応用技!B12="－","0",VLOOKUP(応用技!B12,$J$6:$L$11,3,FALSE())) +IF(応用技!C12="－","0",VLOOKUP(応用技!C12,$J$6:$L$11,3,FALSE())) +IF(応用技!D12="－","0",VLOOKUP(応用技!D12,$J$6:$L$11,3,FALSE())) -> 0 | AG3: 発動系統 | AH3: =IF(クリーチャー!P12="－","0",VLOOKUP(クリーチャー!P12,計算用!$J$6:$L$11,2,FALSE()))+IF(クリーチャー!Q12="－","0",VLOOKUP(クリーチャー!Q12,計算用!$J$6:$L$11,2,FALSE()))+IF(クリーチャー!R12="－","0",VLOOKUP(クリーチャー!R12,計算用!$J$6:$L$11,2,FALSE()))+COUNTIF(クリーチャー!P12:R12,"防御発動")^2 -> 0 | AI3: =IF(クリーチャー!P12="－","0",VLOOKUP(クリーチャー!P12,$J$6:$L$11,3,FALSE()))+IF(クリーチャー!Q12="－","0",VLOOKUP(クリーチャー!Q12,$J$6:$L$11,3,FALSE()))+IF(クリーチャー!R12="－","0",VLOOKUP(クリーチャー!R12,$J$6:$L$11,3,FALSE())) -> 0 | AN3: 発動系統 | AO3: =IF(クリーチャー_2!P12="－","0",VLOOKUP(クリーチャー_2!P12,計算用!$J$6:$L$11,2,FALSE()))+IF(クリーチャー_2!Q12="－","0",VLOOKUP(クリーチャー_2!Q12,計算用!$J$6:$L$11,2,FALSE()))+IF(クリーチャー_2!R12="－","0",VLOOKUP(クリーチャー_2!R12,計算用!$J$6:$L$11,2,FALSE()))+COUNTIF(クリーチャー_2!P12:R12,"防御発動")^2 -> 0 | AP3: =IF(クリーチャー_2!P12="－","0",VLOOKUP(クリーチャー_2!P12,$J$6:$L$11,3,FALSE()))+IF(クリーチャー_2!Q12="－","0",VLOOKUP(クリーチャー_2!Q12,$J$6:$L$11,3,FALSE()))+IF(クリーチャー_2!R12="－","0",VLOOKUP(クリーチャー_2!R12,$J$6:$L$11,3,FALSE())) -> 0 | AU3: 発動系統 | AV3: =IF(クリーチャー_3!P12="－","0",VLOOKUP(クリーチャー_3!P12,計算用!$J$6:$L$11,2,FALSE()))+IF(クリーチャー_3!Q12="－","0",VLOOKUP(クリーチャー_3!Q12,計算用!$J$6:$L$11,2,FALSE()))+IF(クリーチャー_3!R12="－","0",VLOOKUP(クリーチャー_3!R12,計算用!$J$6:$L$11,2,FALSE()))+COUNTIF(クリーチャー_3!P12:R12,"防御発動")^2 -> 0 | AW3: =IF(クリーチャー_3!P12="－","0",VLOOKUP(クリーチャー_3!P12,$J$6:$L$11,3,FALSE()))+IF(クリーチャー_3!Q12="－","0",VLOOKUP(クリーチャー_3!Q12,$J$6:$L$11,3,FALSE()))+IF(クリーチャー_3!R12="－","0",VLOOKUP(クリーチャー_3!R12,$J$6:$L$11,3,FALSE())) -> 0
B4: 付加効果 | C4: {=IF(応用技!E12="－","0",VLOOKUP(応用技!E12,$N$6:$R$49,2,FALSE()))+IF(応用技!F12="－","0",VLOOKUP(応用技!F12,N6:$R$49,2,FALSE()))+IF(応用技!G12="－","0",VLOOKUP(応用技!G12,$N$6:$R$49,2,FALSE()))+IF(応用技!E13="－","0",VLOOKUP(応用技!E13,$N$6:$R$49,2,FALSE()))+IF(応用技!F13="－","0",VLOOKUP(応用技!F13,$N$6:$R$49,2,FALSE()))+IF(応用技!G13="－","0",VLOOKUP(応用技!G13,$N$6:$R$49,2,FALSE()))+_xlfn.IFS(F4>=2,1+2*(F4-1),F4=1,1,F4=0,0)+_xlfn.IFS(G4>=2,1+2*(G4-1),G4=1,1,G4=0,0)} -> 0 | D4: =IF(応用技!E12="－","0",VLOOKUP(応用技!E12,$N$6:$R$49,3,FALSE())) +IF(応用技!F12="－","0",VLOOKUP(応用技!F12,$N$6:$R$49,3,FALSE())) +IF(応用技!G12="－","0",VLOOKUP(応用技!G12,$N$6:$R$49,3,FALSE())) +IF(応用技!E13="－","0",VLOOKUP(応用技!E13,$N$6:$R$49,3,FALSE())) +IF(応用技!F13="－","0",VLOOKUP(応用技!F13,$N$6:$R$49,3,FALSE())) +IF(応用技!G13="－","0",VLOOKUP(応用技!G13,$N$6:$R$49,3,FALSE())) -> 0 | E4: =IF(応用技!E12="－","0",VLOOKUP(応用技!E12,$N$6:$R$49,4,FALSE())) +IF(応用技!F12="－","0",VLOOKUP(応用技!F12,$N$6:$R$49,4,FALSE())) +IF(応用技!G12="－","0",VLOOKUP(応用技!G12,$N$6:$R$49,4,FALSE())) +IF(応用技!E13="－","0",VLOOKUP(応用技!E13,$N$6:$R$49,4,FALSE())) +IF(応用技!F13="－","0",VLOOKUP(応用技!F13,$N$6:$R$49,4,FALSE())) +IF(応用技!G13="－","0",VLOOKUP(応用技!G13,$N$6:$R$49,4,FALSE())) -> 0 | F4: =COUNTIFS(応用技!E12:G13,"強化*") -> 0 | G4: =COUNTIFS(応用技!E12:G13,"減衰*") -> 0 | J4: 発動系統 | N4: 付加効果 | V4: 発動系統 | Z4: 付加効果 | AG4: 付加効果 | AH4: {=IF(クリーチャー!S12="－","0",VLOOKUP(クリーチャー!S12,$N$6:$R$49,2,FALSE()))+IF(クリーチャー!T12="－","0",VLOOKUP(クリーチャー!T12,N6:$R$49,2,FALSE()))+IF(クリーチャー!U12="－","0",VLOOKUP(クリーチャー!U12,$N$6:$R$49,2,FALSE()))+IF(クリーチャー!S13="－","0",VLOOKUP(クリーチャー!S13,$N$6:$R$49,2,FALSE()))+IF(クリーチャー!T13="－","0",VLOOKUP(クリーチャー!T13,$N$6:$R$49,2,FALSE()))+IF(クリーチャー!U13="－","0",VLOOKUP(クリーチャー!U13,$N$6:$R$49,2,FALSE()))+_xlfn.IFS(AK4>=2,1+2*(AK4-1),AK4=1,1,AK4=0,0)+_xlfn.IFS(AL4>=2,1+2*(AL4-1),AL4=1,1,AL4=0,0)} -> 0 | AI4: =IF(クリーチャー!S12="－","0",VLOOKUP(クリーチャー!S12,$N$6:$R$49,3,FALSE()))+IF(クリーチャー!T12="－","0",VLOOKUP(クリーチャー!T12,$N$6:$R$49,3,FALSE()))+IF(クリーチャー!U12="－","0",VLOOKUP(クリーチャー!U12,$N$6:$R$49,3,FALSE()))+IF(クリーチャー!S13="－","0",VLOOKUP(クリーチャー!S13,$N$6:$R$49,3,FALSE()))+IF(クリーチャー!T13="－","0",VLOOKUP(クリーチャー!T13,$N$6:$R$49,3,FALSE()))+IF(クリーチャー!U13="－","0",VLOOKUP(クリーチャー!U13,$N$6:$R$49,3,FALSE())) -> 0 | AJ4: =IF(クリーチャー!S12="－","0",VLOOKUP(クリーチャー!S12,$N$6:$R$49,4,FALSE()))+IF(クリーチャー!T12="－","0",VLOOKUP(クリーチャー!T12,$N$6:$R$49,4,FALSE()))+IF(クリーチャー!U12="－","0",VLOOKUP(クリーチャー!U12,$N$6:$R$49,4,FALSE()))+IF(クリーチャー!S13="－","0",VLOOKUP(クリーチャー!S13,$N$6:$R$49,4,FALSE()))+IF(クリーチャー!T13="－","0",VLOOKUP(クリーチャー!T13,$N$6:$R$49,4,FALSE()))+IF(クリーチャー!U13="－","0",VLOOKUP(クリーチャー!U13,$N$6:$R$49,4,FALSE())) -> 0 | AK4: =COUNTIFS(クリーチャー!S12:U13,"強化*") -> 0 | AL4: =COUNTIFS(クリーチャー!S12:U13,"減衰*") -> 0 | AN4: 付加効果 | AO4: {=IF(クリーチャー_2!S12="－","0",VLOOKUP(クリーチャー_2!S12,$N$6:$R$49,2,FALSE()))+IF(クリーチャー_2!T12="－","0",VLOOKUP(クリーチャー_2!T12,$N$6:$R$49,2,FALSE()))+IF(クリーチャー_2!U12="－","0",VLOOKUP(クリーチャー_2!U12,$N$6:$R$49,2,FALSE()))+IF(クリーチャー_2!S13="－","0",VLOOKUP(クリーチャー_2!S13,$N$6:$R$49,2,FALSE()))+IF(クリーチャー_2!T13="－","0",VLOOKUP(クリーチャー_2!T13,$N$6:$R$49,2,FALSE()))+IF(クリーチャー_2!U13="－","0",VLOOKUP(クリーチャー_2!U13,$N$6:$R$49,2,FALSE()))+_xlfn.IFS(AR4>=2,1+2*(AR4-1),AR4=1,1,AR4=0,0)+_xlfn.IFS(AS4>=2,1+2*(AS4-1),AS4=1,1,AS4=0,0)} -> 0 | AP4: =IF(クリーチャー_2!S12="－","0",VLOOKUP(クリーチャー_2!S12,$N$6:$R$49,3,FALSE()))+IF(クリーチャー_2!T12="－","0",VLOOKUP(クリーチャー_2!T12,$N$6:$R$49,3,FALSE()))+IF(クリーチャー_2!U12="－","0",VLOOKUP(クリーチャー_2!U12,$N$6:$R$49,3,FALSE()))+IF(クリーチャー_2!S13="－","0",VLOOKUP(クリーチャー_2!S13,$N$6:$R$49,3,FALSE()))+IF(クリーチャー_2!T13="－","0",VLOOKUP(クリーチャー_2!T13,$N$6:$R$49,3,FALSE()))+IF(クリーチャー_2!U13="－","0",VLOOKUP(クリーチャー_2!U13,$N$6:$R$49,3,FALSE())) -> 0 | AQ4: =IF(クリーチャー_2!S12="－","0",VLOOKUP(クリーチャー_2!S12,$N$6:$R$49,4,FALSE()))+IF(クリーチャー_2!T12="－","0",VLOOKUP(クリーチャー_2!T12,$N$6:$R$49,4,FALSE()))+IF(クリーチャー_2!U12="－","0",VLOOKUP(クリーチャー_2!U12,$N$6:$R$49,4,FALSE()))+IF(クリーチャー_2!S13="－","0",VLOOKUP(クリーチャー_2!S13,$N$6:$R$49,4,FALSE()))+IF(クリーチャー_2!T13="－","0",VLOOKUP(クリーチャー_2!T13,$N$6:$R$49,4,FALSE()))+IF(クリーチャー_2!U13="－","0",VLOOKUP(クリーチャー_2!U13,$N$6:$R$49,4,FALSE())) -> 0 | AR4: =COUNTIFS(クリーチャー_2!S12:U13,"強化*") -> 0 | AS4: =COUNTIFS(クリーチャー_2!S12:U13,"減衰*") -> 0 | AU4: 付加効果 | AV4: {=IF(クリーチャー_3!S12="－","0",VLOOKUP(クリーチャー_3!S12,$N$6:$R$49,2,FALSE()))+IF(クリーチャー_3!T12="－","0",VLOOKUP(クリーチャー_3!T12,N6:$R$49,2,FALSE()))+IF(クリーチャー_3!U12="－","0",VLOOKUP(クリーチャー_3!U12,$N$6:$R$49,2,FALSE()))+IF(クリーチャー_3!S13="－","0",VLOOKUP(クリーチャー_3!S13,$N$6:$R$49,2,FALSE()))+IF(クリーチャー_3!T13="－","0",VLOOKUP(クリーチャー_3!T13,$N$6:$R$49,2,FALSE()))+IF(クリーチャー_3!U13="－","0",VLOOKUP(クリーチャー_3!U13,$N$6:$R$49,2,FALSE()))+_xlfn.IFS(AY4>=2,1+2*(AY4-1),AY4=1,1,AY4=0,0)+_xlfn.IFS(AZ4>=2,1+2*(AZ4-1),AZ4=1,1,AZ4=0,0)} -> 0 | AW4: =IF(クリーチャー_3!S12="－","0",VLOOKUP(クリーチャー_3!S12,$N$6:$R$49,3,FALSE()))+IF(クリーチャー_3!T12="－","0",VLOOKUP(クリーチャー_3!T12,$N$6:$R$49,3,FALSE()))+IF(クリーチャー_3!U12="－","0",VLOOKUP(クリーチャー_3!U12,$N$6:$R$49,3,FALSE()))+IF(クリーチャー_3!S13="－","0",VLOOKUP(クリーチャー_3!S13,$N$6:$R$49,3,FALSE()))+IF(クリーチャー_3!T13="－","0",VLOOKUP(クリーチャー_3!T13,$N$6:$R$49,3,FALSE()))+IF(クリーチャー_3!U13="－","0",VLOOKUP(クリーチャー_3!U13,$N$6:$R$49,3,FALSE())) -> 0 | AX4: =IF(クリーチャー_3!S12="－","0",VLOOKUP(クリーチャー_3!S12,$N$6:$R$49,4,FALSE()))+IF(クリーチャー_3!T12="－","0",VLOOKUP(クリーチャー_3!T12,$N$6:$R$49,4,FALSE()))+IF(クリーチャー_3!U12="－","0",VLOOKUP(クリーチャー_3!U12,$N$6:$R$49,4,FALSE()))+IF(クリーチャー_3!S13="－","0",VLOOKUP(クリーチャー_3!S13,$N$6:$R$49,4,FALSE()))+IF(クリーチャー_3!T13="－","0",VLOOKUP(クリーチャー_3!T13,$N$6:$R$49,4,FALSE()))+IF(クリーチャー_3!U13="－","0",VLOOKUP(クリーチャー_3!U13,$N$6:$R$49,4,FALSE())) -> 0 | AY4: =COUNTIFS(クリーチャー_3!S12:U13,"強化*") -> 0 | AZ4: =COUNTIFS(クリーチャー_3!S12:U13,"減衰*") -> 0
B5: SE | C5: =IF(応用技!H12="－","0",VLOOKUP(応用技!H12,$J$15:$L$27,2,FALSE())) +IF(応用技!I12="－","0",VLOOKUP(応用技!I12,$J$15:$L$27,2,FALSE())) +IF(応用技!J12="－","0",VLOOKUP(応用技!J12,$J$15:$L$27,2,FALSE())) +IF(応用技!H13="－","0",VLOOKUP(応用技!H13,$J$15:$L$27,2,FALSE())) +IF(応用技!I13="－","0",VLOOKUP(応用技!I13,$J$15:$L$27,2,FALSE())) +IF(応用技!J13="－","0",VLOOKUP(応用技!J13,$J$15:$L$27,2,FALSE())) -> 0 | D5: =IF(応用技!H12="－","0",VLOOKUP(応用技!H12,$J$15:$L$27,3,FALSE())) +IF(応用技!I12="－","0",VLOOKUP(応用技!I12,$J$15:$L$27,3,FALSE())) +IF(応用技!J12="－","0",VLOOKUP(応用技!J12,$J$15:$L$27,3,FALSE())) +IF(応用技!H13="－","0",VLOOKUP(応用技!H13,$J$15:$L$27,3,FALSE())) +IF(応用技!I13="－","0",VLOOKUP(応用技!I13,$J$15:$L$27,3,FALSE())) +IF(応用技!J13="－","0",VLOOKUP(応用技!J13,$J$15:$L$27,3,FALSE())) -> 0 | J5: 名称 | K5: 消費 | L5: スペック | N5: 名称 | O5: 消費 | P5: スペック | Q5: 圧迫 | R5: 特殊 | V5: 名称 | W5: 消費 | X5: スペック | Z5: 名称 | AA5: 消費 | AB5: スペック | AC5: 圧迫 | AD5: 特殊 | AG5: SE | AH5: =IF(クリーチャー!V12="－","0",VLOOKUP(クリーチャー!V12,$J$15:$L$27,2,FALSE()))+IF(クリーチャー!W12="－","0",VLOOKUP(クリーチャー!W12,$J$15:$L$27,2,FALSE()))+IF(クリーチャー!X12="－","0",VLOOKUP(クリーチャー!X12,$J$15:$L$27,2,FALSE()))+IF(クリーチャー!V13="－","0",VLOOKUP(クリーチャー!V13,$J$15:$L$27,2,FALSE()))+IF(クリーチャー!W13="－","0",VLOOKUP(クリーチャー!W13,$J$15:$L$27,2,FALSE()))+IF(クリーチャー!X13="－","0",VLOOKUP(クリーチャー!X13,$J$15:$L$27,2,FALSE())) -> 0 | AI5: =IF(クリーチャー!V12="－","0",VLOOKUP(クリーチャー!V12,$J$15:$L$27,3,FALSE()))+IF(クリーチャー!W12="－","0",VLOOKUP(クリーチャー!W12,$J$15:$L$27,3,FALSE()))+IF(クリーチャー!X12="－","0",VLOOKUP(クリーチャー!X12,$J$15:$L$27,3,FALSE()))+IF(クリーチャー!V13="－","0",VLOOKUP(クリーチャー!V13,$J$15:$L$27,3,FALSE()))+IF(クリーチャー!W13="－","0",VLOOKUP(クリーチャー!W13,$J$15:$L$27,3,FALSE()))+IF(クリーチャー!X13="－","0",VLOOKUP(クリーチャー!X13,$J$15:$L$27,3,FALSE())) -> 0 | AN5: SE | AO5: =IF(クリーチャー_2!V12="－","0",VLOOKUP(クリーチャー_2!V12,$J$15:$L$27,2,FALSE()))+IF(クリーチャー_2!W12="－","0",VLOOKUP(クリーチャー_2!W12,$J$15:$L$27,2,FALSE()))+IF(クリーチャー_2!X12="－","0",VLOOKUP(クリーチャー_2!X12,$J$15:$L$27,2,FALSE()))+IF(クリーチャー_2!V13="－","0",VLOOKUP(クリーチャー_2!V13,$J$15:$L$27,2,FALSE()))+IF(クリーチャー_2!W13="－","0",VLOOKUP(クリーチャー_2!W13,$J$15:$L$27,2,FALSE()))+IF(クリーチャー_2!X13="－","0",VLOOKUP(クリーチャー_2!X13,$J$15:$L$27,2,FALSE())) -> 0 | AP5: =IF(クリーチャー_2!V12="－","0",VLOOKUP(クリーチャー_2!V12,$J$15:$L$27,3,FALSE()))+IF(クリーチャー_2!W12="－","0",VLOOKUP(クリーチャー_2!W12,$J$15:$L$27,3,FALSE()))+IF(クリーチャー_2!X12="－","0",VLOOKUP(クリーチャー_2!X12,$J$15:$L$27,3,FALSE()))+IF(クリーチャー_2!V13="－","0",VLOOKUP(クリーチャー_2!V13,$J$15:$L$27,3,FALSE()))+IF(クリーチャー_2!W13="－","0",VLOOKUP(クリーチャー_2!W13,$J$15:$L$27,3,FALSE()))+IF(クリーチャー_2!X13="－","0",VLOOKUP(クリーチャー_2!X13,$J$15:$L$27,3,FALSE())) -> 0 | AU5: SE | AV5: =IF(クリーチャー_3!V12="－","0",VLOOKUP(クリーチャー_3!V12,$J$15:$L$27,2,FALSE()))+IF(クリーチャー_3!W12="－","0",VLOOKUP(クリーチャー_3!W12,$J$15:$L$27,2,FALSE()))+IF(クリーチャー_3!X12="－","0",VLOOKUP(クリーチャー_3!X12,$J$15:$L$27,2,FALSE()))+IF(クリーチャー_3!V13="－","0",VLOOKUP(クリーチャー_3!V13,$J$15:$L$27,2,FALSE()))+IF(クリーチャー_3!W13="－","0",VLOOKUP(クリーチャー_3!W13,$J$15:$L$27,2,FALSE()))+IF(クリーチャー_3!X13="－","0",VLOOKUP(クリーチャー_3!X13,$J$15:$L$27,2,FALSE())) -> 0 | AW5: =IF(クリーチャー_3!V12="－","0",VLOOKUP(クリーチャー_3!V12,$J$15:$L$27,3,FALSE()))+IF(クリーチャー_3!W12="－","0",VLOOKUP(クリーチャー_3!W12,$J$15:$L$27,3,FALSE()))+IF(クリーチャー_3!X12="－","0",VLOOKUP(クリーチャー_3!X12,$J$15:$L$27,3,FALSE()))+IF(クリーチャー_3!V13="－","0",VLOOKUP(クリーチャー_3!V13,$J$15:$L$27,3,FALSE()))+IF(クリーチャー_3!W13="－","0",VLOOKUP(クリーチャー_3!W13,$J$15:$L$27,3,FALSE()))+IF(クリーチャー_3!X13="－","0",VLOOKUP(クリーチャー_3!X13,$J$15:$L$27,3,FALSE())) -> 0
B6: 合計 | C6: {=_xlfn.IFS(COUNTIF(応用技!E12:G13,"創造")>=1,SUM(C3:C5)+1&"～"&SUM(C3:C5)+10, COUNTIF(応用技!E12:G13,"限定*")>=1,"※", COUNTIF(応用技!E12:G13,"影響無効")>=1,"※",TRUE(),SUM(C3:C5))} -> 0 | D6: =SUM(D3:D5) -> 0 | E6: =SUM(E3:E5) -> 0 | J6: 攻撃発動 | K6: 1 | L6: 1 | N6: 強化【行】 | O6: 0 | P6: 1 | R6: 強化系 | V6: 攻撃発動 | W6: 1 | X6: 1 | Z6: 強化【行】 | AA6: 0 | AB6: 1 | AD6: 強化系 | AG6: 合計 | AH6: {=_xlfn.IFS(COUNTIF(クリーチャー!S12:U13,"創造")>=1,SUM(AH3:AH5)+1&"～"&SUM(AH3:AH5)+10,COUNTIF(クリーチャー!S12:U13,"限定*")>=1,"※",COUNTIF(クリーチャー!S12:U13,"影響無効")>=1,"※",TRUE(),SUM(AH3:AH5))} -> 0 | AI6: =SUM(AI3:AI5) -> 0 | AJ6: =SUM(AJ3:AJ5) -> 0 | AN6: 合計 | AO6: {=_xlfn.IFS(COUNTIF(クリーチャー_2!S12:U13,"創造")>=1,SUM(AO3:AO5)+1&"～"&SUM(AO3:AO5)+10,COUNTIF(クリーチャー_2!S12:U13,"限定*")>=1,"※",COUNTIF(クリーチャー_2!S12:U13,"影響無効")>=1,"※",TRUE(),SUM(AO3:AO5))} -> 0 | AP6: =SUM(AP3:AP5) -> 0 | AQ6: =SUM(AQ3:AQ5) -> 0 | AU6: 合計 | AV6: {=_xlfn.IFS(COUNTIF(クリーチャー_3!S12:U13,"創造")>=1,SUM(AV3:AV5)+1&"～"&SUM(AV3:AV5)+10,COUNTIF(クリーチャー_3!S12:U13,"限定*")>=1,"※",COUNTIF(クリーチャー_3!S12:U13,"影響無効")>=1,"※",TRUE(),SUM(AV3:AV5))} -> 0 | AW6: =SUM(AW3:AW5) -> 0 | AX6: =SUM(AX3:AX5) -> 0
J7: 精神発動 | K7: 1 | L7: 0 | N7: 強化【攻】 | O7: 0 | P7: 1 | R7: 強化系 | V7: 精神発動 | W7: 1 | X7: 0 | Z7: 強化【攻】 | AA7: 0 | AB7: 1 | AD7: 強化系
B8: 技１（蟹） | C8: 消費 | D8: スペック | E8: 圧迫 | F8: 強化変数 | G8: 減衰変数 | J8: 防御発動 | K8: 0 | L8: 1 | N8: 強化【防】 | O8: 0 | P8: 1 | R8: 強化系 | V8: 防御発動 | W8: 0 | X8: 1 | Z8: 強化【防】 | AA8: 0 | AB8: 1 | AD8: 強化系 | AG8: 技１（蟹） | AH8: 消費 | AI8: スペック | AJ8: 圧迫 | AK8: 強化変数 | AL8: 減衰変数 | AN8: 技１（蟹） | AO8: 消費 | AP8: スペック | AQ8: 圧迫 | AR8: 強化変数 | AS8: 減衰変数 | AU8: 技１（蟹） | AV8: 消費 | AW8: スペック | AX8: 圧迫 | AY8: 強化変数 | AZ8: 減衰変数
B9: 発動系統 | C9: =IF(応用技!B12="－","0",VLOOKUP(応用技!B12,計算用!$V$6:$X$11,2,FALSE())) +IF(応用技!C12="－","0",VLOOKUP(応用技!C12,計算用!$V$6:$X$11,2,FALSE())) +IF(応用技!D12="－","0",VLOOKUP(応用技!D12,計算用!$V$6:$X$11,2,FALSE())) +COUNTIF(応用技!B12:D12,"防御発動")^2 -> 0 | D9: =IF(応用技!B12="－","0",VLOOKUP(応用技!B12,$J$6:$L$11,3,FALSE())) +IF(応用技!C12="－","0",VLOOKUP(応用技!C12,$J$6:$L$11,3,FALSE())) +IF(応用技!D12="－","0",VLOOKUP(応用技!D12,$J$6:$L$11,3,FALSE())) -> 0 | J9: 付加発動 | K9: 0 | L9: 1 | N9: 強化【抵】 | O9: 0 | P9: 1 | R9: 強化系 | V9: 付加発動 | W9: 0 | X9: 1 | Z9: 強化【抵】 | AA9: 0 | AB9: 1 | AD9: 強化系 | AG9: 発動系統 | AH9: =IF(クリーチャー!P12="－","0",VLOOKUP(クリーチャー!P12,計算用!$V$6:$X$11,2,FALSE()))+IF(クリーチャー!Q12="－","0",VLOOKUP(クリーチャー!Q12,計算用!$V$6:$X$11,2,FALSE()))+IF(クリーチャー!R12="－","0",VLOOKUP(クリーチャー!R12,計算用!$V$6:$X$11,2,FALSE()))+COUNTIF(クリーチャー!P12:R12,"防御発動")^2 -> 0 | AI9: =IF(クリーチャー!P12="－","0",VLOOKUP(クリーチャー!P12,$J$6:$L$11,3,FALSE()))+IF(クリーチャー!Q12="－","0",VLOOKUP(クリーチャー!Q12,$J$6:$L$11,3,FALSE()))+IF(クリーチャー!R12="－","0",VLOOKUP(クリーチャー!R12,$J$6:$L$11,3,FALSE())) -> 0 | AN9: 発動系統 | AO9: =IF(クリーチャー_2!P12="－","0",VLOOKUP(クリーチャー_2!P12,計算用!$V$6:$X$11,2,FALSE()))+IF(クリーチャー_2!Q12="－","0",VLOOKUP(クリーチャー_2!Q12,計算用!$V$6:$X$11,2,FALSE()))+IF(クリーチャー_2!R12="－","0",VLOOKUP(クリーチャー_2!R12,計算用!$V$6:$X$11,2,FALSE())) -> 0 | AP9: =IF(クリーチャー_2!P12="－","0",VLOOKUP(クリーチャー_2!P12,$J$6:$L$11,3,FALSE()))+IF(クリーチャー_2!Q12="－","0",VLOOKUP(クリーチャー_2!Q12,$J$6:$L$11,3,FALSE()))+IF(クリーチャー_2!R12="－","0",VLOOKUP(クリーチャー_2!R12,$J$6:$L$11,3,FALSE())) -> 0 | AU9: 発動系統 | AV9: =IF(クリーチャー_3!P12="－","0",VLOOKUP(クリーチャー_3!P12,計算用!$V$6:$X$11,2,FALSE()))+IF(クリーチャー_3!Q12="－","0",VLOOKUP(クリーチャー_3!Q12,計算用!$V$6:$X$11,2,FALSE()))+IF(クリーチャー_3!R12="－","0",VLOOKUP(クリーチャー_3!R12,計算用!$V$6:$X$11,2,FALSE()))+COUNTIF(クリーチャー_3!P12:R12,"防御発動")^2 -> 0 | AW9: =IF(クリーチャー_3!P12="－","0",VLOOKUP(クリーチャー_3!P12,$J$6:$L$11,3,FALSE()))+IF(クリーチャー_3!Q12="－","0",VLOOKUP(クリーチャー_3!Q12,$J$6:$L$11,3,FALSE()))+IF(クリーチャー_3!R12="－","0",VLOOKUP(クリーチャー_3!R12,$J$6:$L$11,3,FALSE())) -> 0
B10: 付加効果 | C10: {=IF(応用技!E12="－","0",VLOOKUP(応用技!E12,$Z$6:$AD$57,2,FALSE())) +IF(応用技!F12="－","0",VLOOKUP(応用技!F12,$Z$6:$AD$57,2,FALSE())) +IF(応用技!G12="－","0",VLOOKUP(応用技!G12,$Z$6:$AD$57,2,FALSE())) +IF(応用技!E13="－","0",VLOOKUP(応用技!E13,$Z$6:$AD$57,2,FALSE())) +IF(応用技!F13="－","0",VLOOKUP(応用技!F13,$Z$6:$AD$57,2,FALSE())) +IF(応用技!G13="－","0",VLOOKUP(応用技!G13,$Z$6:$AD$57,2,FALSE())) +_xlfn.IFS(F10>=2,1+2*(F10-1),F10=1,1,F10=0,0)+_xlfn.IFS(G10>=2,1+2*(G10-1),G10=1,1,G10=0,0)} -> 0 | D10: =IF(応用技!E12="－","0",VLOOKUP(応用技!E12,$Z$6:$AD$57,3,FALSE())) +IF(応用技!F12="－","0",VLOOKUP(応用技!F12,$Z$6:$AD$57,3,FALSE())) +IF(応用技!G12="－","0",VLOOKUP(応用技!G12,$Z$6:$AD$57,3,FALSE())) +IF(応用技!E13="－","0",VLOOKUP(応用技!E13,$Z$6:$AD$57,3,FALSE())) +IF(応用技!F13="－","0",VLOOKUP(応用技!F13,$Z$6:$AD$57,3,FALSE())) +IF(応用技!G13="－","0",VLOOKUP(応用技!G13,$Z$6:$AD$57,3,FALSE())) -> 0 | E10: =IF(応用技!E12="－","0",VLOOKUP(応用技!E12,$Z$6:$AD$57,4,FALSE())) +IF(応用技!F12="－","0",VLOOKUP(応用技!F12,$Z$6:$AD$57,4,FALSE())) +IF(応用技!G12="－","0",VLOOKUP(応用技!G12,$Z$6:$AD$57,4,FALSE())) +IF(応用技!E13="－","0",VLOOKUP(応用技!E13,$Z$6:$AD$57,4,FALSE())) +IF(応用技!F13="－","0",VLOOKUP(応用技!F13,$Z$6:$AD$57,4,FALSE())) +IF(応用技!G13="－","0",VLOOKUP(応用技!G13,$Z$6:$AD$57,4,FALSE())) -> 0 | F10: =COUNTIFS(応用技!E12:G13,"強化*") -> 0 | G10: =COUNTIFS(応用技!E12:G13,"減衰*") -> 0 | J10: 行為発動 | K10: 1 | L10: 1 | N10: 強化【命】 | O10: 0 | P10: 1 | R10: 強化系 | V10: 行為発動 | W10: 1 | X10: 1 | Z10: 強化【命】 | AA10: 0 | AB10: 1 | AD10: 強化系 | AG10: 付加効果 | AH10: {=IF(クリーチャー!S12="－","0",VLOOKUP(クリーチャー!S12,$Z$6:$AD$57,2,FALSE()))+IF(クリーチャー!T12="－","0",VLOOKUP(クリーチャー!T12,Z6:$AD$57,2,FALSE()))+IF(クリーチャー!U12="－","0",VLOOKUP(クリーチャー!U12,$Z$6:$AD$57,2,FALSE()))+IF(クリーチャー!S13="－","0",VLOOKUP(クリーチャー!S13,$Z$6:$AD$57,2,FALSE()))+IF(クリーチャー!T13="－","0",VLOOKUP(クリーチャー!T13,$Z$6:$AD$57,2,FALSE()))+IF(クリーチャー!U13="－","0",VLOOKUP(クリーチャー!U13,$Z$6:$AD$57,2,FALSE()))+_xlfn.IFS(AK10>=2,1+2*(AK10-1),AK10=1,1,AK10=0,0)+_xlfn.IFS(AL10>=2,1+2*(AL10-1),AL10=1,1,AL10=0,0)} -> 0 | AI10: =IF(クリーチャー!S12="－","0",VLOOKUP(クリーチャー!S12,$Z$6:$AD$57,3,FALSE()))+IF(クリーチャー!T12="－","0",VLOOKUP(クリーチャー!T12,$Z$6:$AD$57,3,FALSE()))+IF(クリーチャー!U12="－","0",VLOOKUP(クリーチャー!U12,$Z$6:$AD$57,3,FALSE()))+IF(クリーチャー!S13="－","0",VLOOKUP(クリーチャー!S13,$Z$6:$AD$57,3,FALSE()))+IF(クリーチャー!T13="－","0",VLOOKUP(クリーチャー!T13,$Z$6:$AD$57,3,FALSE()))+IF(クリーチャー!U13="－","0",VLOOKUP(クリーチャー!U13,$Z$6:$AD$57,3,FALSE())) -> 0 | AJ10: =IF(クリーチャー!S12="－","0",VLOOKUP(クリーチャー!S12,$Z$6:$AD$57,4,FALSE())) +IF(クリーチャー!T12="－","0",VLOOKUP(クリーチャー!T12,$Z$6:$AD$57,4,FALSE())) +IF(クリーチャー!U12="－","0",VLOOKUP(クリーチャー!U12,$Z$6:$AD$57,4,FALSE())) +IF(クリーチャー!S13="－","0",VLOOKUP(クリーチャー!S13,$Z$6:$AD$57,4,FALSE())) +IF(クリーチャー!T13="－","0",VLOOKUP(クリーチャー!T13,$Z$6:$AD$57,4,FALSE())) +IF(クリーチャー!U13="－","0",VLOOKUP(クリーチャー!U13,$Z$6:$AD$57,4,FALSE())) -> 0 | AK10: =COUNTIFS(クリーチャー!S12:U13,"強化*") -> 0 | AL10: =COUNTIFS(クリーチャー!S12:U13,"減衰*") -> 0 | AN10: 付加効果 | AO10: {=IF(クリーチャー_2!S12="－","0",VLOOKUP(クリーチャー_2!S12,$Z$6:$AD$57,2,FALSE()))+IF(クリーチャー_2!T12="－","0",VLOOKUP(クリーチャー_2!T12,Z6:$AD$57,2,FALSE()))+IF(クリーチャー_2!U12="－","0",VLOOKUP(クリーチャー_2!U12,$Z$6:$AD$57,2,FALSE()))+IF(クリーチャー_2!S13="－","0",VLOOKUP(クリーチャー_2!S13,$Z$6:$AD$57,2,FALSE()))+IF(クリーチャー_2!T13="－","0",VLOOKUP(クリーチャー_2!T13,$Z$6:$AD$57,2,FALSE()))+IF(クリーチャー_2!U13="－","0",VLOOKUP(クリーチャー_2!U13,$Z$6:$AD$57,2,FALSE()))+_xlfn.IFS(AR10>=2,1+2*(AR10-1),AR10=1,1,AR10=0,0)+_xlfn.IFS(AS10>=2,1+2*(AS10-1),AS10=1,1,AS10=0,0)} -> 0 | AP10: =IF(クリーチャー_2!S12="－","0",VLOOKUP(クリーチャー_2!S12,$Z$6:$AD$57,3,FALSE()))+IF(クリーチャー_2!T12="－","0",VLOOKUP(クリーチャー_2!T12,$Z$6:$AD$57,3,FALSE()))+IF(クリーチャー_2!U12="－","0",VLOOKUP(クリーチャー_2!U12,$Z$6:$AD$57,3,FALSE()))+IF(クリーチャー_2!S13="－","0",VLOOKUP(クリーチャー_2!S13,$Z$6:$AD$57,3,FALSE()))+IF(クリーチャー_2!T13="－","0",VLOOKUP(クリーチャー_2!T13,$Z$6:$AD$57,3,FALSE()))+IF(クリーチャー_2!U13="－","0",VLOOKUP(クリーチャー_2!U13,$Z$6:$AD$57,3,FALSE())) -> 0 | AQ10: =IF(クリーチャー_2!S12="－","0",VLOOKUP(クリーチャー_2!S12,$Z$6:$AD$57,4,FALSE()))+IF(クリーチャー_2!T12="－","0",VLOOKUP(クリーチャー_2!T12,$Z$6:$AD$57,4,FALSE()))+IF(クリーチャー_2!U12="－","0",VLOOKUP(クリーチャー_2!U12,$Z$6:$AD$57,4,FALSE()))+IF(クリーチャー_2!S13="－","0",VLOOKUP(クリーチャー_2!S13,$Z$6:$AD$57,4,FALSE()))+IF(クリーチャー_2!T13="－","0",VLOOKUP(クリーチャー_2!T13,$Z$6:$AD$57,4,FALSE()))+IF(クリーチャー_2!U13="－","0",VLOOKUP(クリーチャー_2!U13,$Z$6:$AD$57,4,FALSE())) -> 0 | AR10: =COUNTIFS(クリーチャー_2!S12:U13,"強化*") -> 0 | AS10: =COUNTIFS(クリーチャー_2!S12:U13,"減衰*") -> 0 | AU10: 付加効果 | AV10: {=IF(クリーチャー_3!S12="－","0",VLOOKUP(クリーチャー_3!S12,$Z$6:$AD$57,2,FALSE()))+IF(クリーチャー_3!T12="－","0",VLOOKUP(クリーチャー_3!T12,Z6:$AD$57,2,FALSE()))+IF(クリーチャー_3!U12="－","0",VLOOKUP(クリーチャー_3!U12,$Z$6:$AD$57,2,FALSE()))+IF(クリーチャー_3!S13="－","0",VLOOKUP(クリーチャー_3!S13,$Z$6:$AD$57,2,FALSE()))+IF(クリーチャー_3!T13="－","0",VLOOKUP(クリーチャー_3!T13,$Z$6:$AD$57,2,FALSE()))+IF(クリーチャー_3!U13="－","0",VLOOKUP(クリーチャー_3!U13,$Z$6:$AD$57,2,FALSE()))+_xlfn.IFS(AY10>=2,1+2*(AY10-1),AY10=1,1,AY10=0,0)+_xlfn.IFS(AZ10>=2,1+2*(AZ10-1),AZ10=1,1,AZ10=0,0)} -> 0 | AW10: =IF(クリーチャー_3!S12="－","0",VLOOKUP(クリーチャー_3!S12,$Z$6:$AD$57,3,FALSE()))+IF(クリーチャー_3!T12="－","0",VLOOKUP(クリーチャー_3!T12,$Z$6:$AD$57,3,FALSE()))+IF(クリーチャー_3!U12="－","0",VLOOKUP(クリーチャー_3!U12,$Z$6:$AD$57,3,FALSE()))+IF(クリーチャー_3!S13="－","0",VLOOKUP(クリーチャー_3!S13,$Z$6:$AD$57,3,FALSE()))+IF(クリーチャー_3!T13="－","0",VLOOKUP(クリーチャー_3!T13,$Z$6:$AD$57,3,FALSE()))+IF(クリーチャー_3!U13="－","0",VLOOKUP(クリーチャー_3!U13,$Z$6:$AD$57,3,FALSE())) -> 0 | AX10: =IF(クリーチャー_3!S12="－","0",VLOOKUP(クリーチャー_3!S12,$Z$6:$AD$57,4,FALSE()))+IF(クリーチャー_3!T12="－","0",VLOOKUP(クリーチャー_3!T12,$Z$6:$AD$57,4,FALSE()))+IF(クリーチャー_3!U12="－","0",VLOOKUP(クリーチャー_3!U12,$Z$6:$AD$57,4,FALSE()))+IF(クリーチャー_3!S13="－","0",VLOOKUP(クリーチャー_3!S13,$Z$6:$AD$57,4,FALSE()))+IF(クリーチャー_3!T13="－","0",VLOOKUP(クリーチャー_3!T13,$Z$6:$AD$57,4,FALSE()))+IF(クリーチャー_3!U13="－","0",VLOOKUP(クリーチャー_3!U13,$Z$6:$AD$57,4,FALSE())) -> 0 | AY10: =COUNTIFS(クリーチャー_3!S12:U13,"強化*") -> 0 | AZ10: =COUNTIFS(クリーチャー_3!S12:U13,"減衰*") -> 0
B11: SE | C11: =IF(応用技!H12="－","0",VLOOKUP(応用技!H12,$V$15:$X$28,2,FALSE())) +IF(応用技!I12="－","0",VLOOKUP(応用技!I12,$V$15:$X$28,2,FALSE())) +IF(応用技!J12="－","0",VLOOKUP(応用技!J12,$V$15:$X$28,2,FALSE())) +IF(応用技!H13="－","0",VLOOKUP(応用技!H13,$V$15:$X$28,2,FALSE())) +IF(応用技!I13="－","0",VLOOKUP(応用技!I13,$V$15:$X$28,2,FALSE())) +IF(応用技!J13="－","0",VLOOKUP(応用技!J13,$V$15:$X$28,2,FALSE())) -> 0 | D11: =IF(応用技!H12="－","0",VLOOKUP(応用技!H12,$V$15:$X$28,3,FALSE())) +IF(応用技!I12="－","0",VLOOKUP(応用技!I12,$V$15:$X$28,3,FALSE())) +IF(応用技!J12="－","0",VLOOKUP(応用技!J12,$V$15:$X$28,3,FALSE())) +IF(応用技!H13="－","0",VLOOKUP(応用技!H13,$V$15:$X$28,3,FALSE())) +IF(応用技!I13="－","0",VLOOKUP(応用技!I13,$V$15:$X$28,3,FALSE())) +IF(応用技!J13="－","0",VLOOKUP(応用技!J13,$V$15:$X$28,3,FALSE())) -> 0 | J11: ＡＥ【重撃】 | K11: 1 | L11: 0 | N11: 強化【回】 | O11: 0 | P11: 1 | R11: 強化系 | V11: ＡＥ【重撃】 | W11: 1 | X11: 0 | Z11: 強化【回】 | AA11: 0 | AB11: 1 | AD11: 強化系 | AG11: SE | AH11: =IF(クリーチャー!V12="－","0",VLOOKUP(クリーチャー!V12,$V$15:$X$28,2,FALSE()))+IF(クリーチャー!W12="－","0",VLOOKUP(クリーチャー!W12,$V$15:$X$28,2,FALSE()))+IF(クリーチャー!X12="－","0",VLOOKUP(クリーチャー!X12,$V$15:$X$28,2,FALSE()))+IF(クリーチャー!V13="－","0",VLOOKUP(クリーチャー!V13,$V$15:$X$28,2,FALSE()))+IF(クリーチャー!W13="－","0",VLOOKUP(クリーチャー!W13,$V$15:$X$28,2,FALSE()))+IF(クリーチャー!X13="－","0",VLOOKUP(クリーチャー!X13,$V$15:$X$28,2,FALSE())) -> 0 | AI11: =IF(クリーチャー!V12="－","0",VLOOKUP(クリーチャー!V12,$V$15:$X$28,3,FALSE()))+IF(クリーチャー!W12="－","0",VLOOKUP(クリーチャー!W12,$V$15:$X$28,3,FALSE()))+IF(クリーチャー!X12="－","0",VLOOKUP(クリーチャー!X12,$V$15:$X$28,3,FALSE()))+IF(クリーチャー!V13="－","0",VLOOKUP(クリーチャー!V13,$V$15:$X$28,3,FALSE()))+IF(クリーチャー!W13="－","0",VLOOKUP(クリーチャー!W13,$V$15:$X$28,3,FALSE()))+IF(クリーチャー!X13="－","0",VLOOKUP(クリーチャー!X13,$V$15:$X$28,3,FALSE())) -> 0 | AN11: SE | AO11: =IF(クリーチャー_2!V12="－","0",VLOOKUP(クリーチャー_2!V12,$V$15:$X$28,2,FALSE()))+IF(クリーチャー_2!W12="－","0",VLOOKUP(クリーチャー_2!W12,$V$15:$X$28,2,FALSE()))+IF(クリーチャー_2!X12="－","0",VLOOKUP(クリーチャー_2!X12,$V$15:$X$28,2,FALSE()))+IF(クリーチャー_2!V13="－","0",VLOOKUP(クリーチャー_2!V13,$V$15:$X$28,2,FALSE()))+IF(クリーチャー_2!W13="－","0",VLOOKUP(クリーチャー_2!W13,$V$15:$X$28,2,FALSE()))+IF(クリーチャー_2!X13="－","0",VLOOKUP(クリーチャー_2!X13,$V$15:$X$28,2,FALSE())) -> 0 | AP11: =IF(クリーチャー_2!V12="－","0",VLOOKUP(クリーチャー_2!V12,$V$15:$X$28,3,FALSE()))+IF(クリーチャー_2!W12="－","0",VLOOKUP(クリーチャー_2!W12,$V$15:$X$28,3,FALSE()))+IF(クリーチャー_2!X12="－","0",VLOOKUP(クリーチャー_2!X12,$V$15:$X$28,3,FALSE()))+IF(クリーチャー_2!V13="－","0",VLOOKUP(クリーチャー_2!V13,$V$15:$X$28,3,FALSE()))+IF(クリーチャー_2!W13="－","0",VLOOKUP(クリーチャー_2!W13,$V$15:$X$28,3,FALSE()))+IF(クリーチャー_2!X13="－","0",VLOOKUP(クリーチャー_2!X13,$V$15:$X$28,3,FALSE())) -> 0 | AU11: SE | AV11: =IF(クリーチャー_3!V12="－","0",VLOOKUP(クリーチャー_3!V12,$V$15:$X$28,2,FALSE()))+IF(クリーチャー_3!W12="－","0",VLOOKUP(クリーチャー_3!W12,$V$15:$X$28,2,FALSE()))+IF(クリーチャー_3!X12="－","0",VLOOKUP(クリーチャー_3!X12,$V$15:$X$28,2,FALSE()))+IF(クリーチャー_3!V13="－","0",VLOOKUP(クリーチャー_3!V13,$V$15:$X$28,2,FALSE()))+IF(クリーチャー_3!W13="－","0",VLOOKUP(クリーチャー_3!W13,$V$15:$X$28,2,FALSE()))+IF(クリーチャー_3!X13="－","0",VLOOKUP(クリーチャー_3!X13,$V$15:$X$28,2,FALSE())) -> 0 | AW11: =IF(クリーチャー_3!V12="－","0",VLOOKUP(クリーチャー_3!V12,$V$15:$X$28,3,FALSE()))+IF(クリーチャー_3!W12="－","0",VLOOKUP(クリーチャー_3!W12,$V$15:$X$28,3,FALSE()))+IF(クリーチャー_3!X12="－","0",VLOOKUP(クリーチャー_3!X12,$V$15:$X$28,3,FALSE()))+IF(クリーチャー_3!V13="－","0",VLOOKUP(クリーチャー_3!V13,$V$15:$X$28,3,FALSE()))+IF(クリーチャー_3!W13="－","0",VLOOKUP(クリーチャー_3!W13,$V$15:$X$28,3,FALSE()))+IF(クリーチャー_3!X13="－","0",VLOOKUP(クリーチャー_3!X13,$V$15:$X$28,3,FALSE())) -> 0
B12: 合計 | C12: {=_xlfn.IFS(COUNTIF(応用技!E12:G13,"創造")>=1, SUM(C9:C11)+1&"～"&SUM(C9:C11)+10, COUNTIF(応用技!E12:G13,"限定*")>=1,"※", COUNTIF(応用技!E12:G13,"影響無効")>=1,"※",TRUE(),SUM(C9:C11))} -> 0 | D12: =SUM(D9:D11) -> 0 | E12: =SUM(E9:E11) -> 0 | N12: 強化【技】 | O12: 0 | P12: 1 | R12: 強化系 | Z12: 強化【技】 | AA12: 0 | AB12: 1 | AD12: 強化系 | AG12: 合計 | AH12: {=_xlfn.IFS(COUNTIF(クリーチャー!S12:U13,"創造")>=1,SUM(AH9:AH11)+1&"～"&SUM(AH9:AH11)+10,COUNTIF(クリーチャー!S12:U13,"限定*")>=1,"※",COUNTIF(クリーチャー!S12:U13,"影響無効")>=1,"※",TRUE(),SUM(AH9:AH11))} -> 0 | AI12: =SUM(AI9:AI11) -> 0 | AJ12: =SUM(AJ9:AJ11) -> 0 | AN12: 合計 | AO12: {=_xlfn.IFS(COUNTIF(クリーチャー_2!S12:U13,"創造")>=1,SUM(AO9:AO11)+1&"～"&SUM(AO9:AO11)+10,COUNTIF(クリーチャー_2!S12:U13,"限定*")>=1,"※",COUNTIF(クリーチャー_2!S12:U13,"影響無効")>=1,"※",TRUE(),SUM(AO9:AO11))} -> 0 | AP12: =SUM(AP9:AP11) -> 0 | AQ12: =SUM(AQ9:AQ11) -> 0 | AU12: 合計 | AV12: {=_xlfn.IFS(COUNTIF(クリーチャー_3!S12:U13,"創造")>=1,SUM(AV9:AV11)+1&"～"&SUM(AV9:AV11)+10,COUNTIF(クリーチャー_3!S12:U13,"限定*")>=1,"※",COUNTIF(クリーチャー_3!S12:U13,"影響無効")>=1,"※",TRUE(),SUM(AV9:AV11))} -> 0 | AW12: =SUM(AW9:AW11) -> 0 | AX12: =SUM(AX9:AX11) -> 0
J13: SE | N13: 強化【解】 | O13: 0 | P13: 1 | R13: 強化系 | V13: SE | Z13: 強化【解】 | AA13: 0 | AB13: 1 | AD13: 強化系
B14: 技2 | C14: 消費 | D14: スペック | E14: 圧迫 | F14: 強化変数 | G14: 減衰変数 | J14: 名称 | K14: 消費 | L14: スペック | N14: 減衰【行】 | O14: 0 | P14: 1 | R14: 減衰系 | V14: 名称 | W14: 消費 | X14: スペック | Z14: 減衰【行】 | AA14: 0 | AB14: 1 | AD14: 減衰系 | AG14: 技2 | AH14: 消費 | AI14: スペック | AJ14: 圧迫 | AK14: 強化変数 | AL14: 減衰変数 | AN14: 技2 | AO14: 消費 | AP14: スペック | AQ14: 圧迫 | AR14: 強化変数 | AS14: 減衰変数 | AU14: 技2 | AV14: 消費 | AW14: スペック | AX14: 圧迫 | AY14: 強化変数 | AZ14: 減衰変数
B15: 発動系統 | C15: =IF(応用技!B23="－","0",VLOOKUP(応用技!B23,計算用!$J$6:$L$11,2,FALSE()))+IF(応用技!C23="－","0",VLOOKUP(応用技!C23,計算用!$J$6:$L$11,2,FALSE()))+IF(応用技!D23="－","0",VLOOKUP(応用技!D23,計算用!$J$6:$L$11,2,FALSE()))+COUNTIF(応用技!B23:D23,"防御発動")^2 -> 0 | D15: =IF(応用技!B23="－","0",VLOOKUP(応用技!B23,$J$6:$L$11,3,FALSE()))+IF(応用技!C23="－","0",VLOOKUP(応用技!C23,$J$6:$L$11,3,FALSE()))+IF(応用技!D23="－","0",VLOOKUP(応用技!D23,$J$6:$L$11,3,FALSE())) -> 0 | J15: ペネトレイション | K15: 3 | L15: 1 | N15: 減衰【攻】 | O15: 0 | P15: 1 | R15: 減衰系 | V15: ペネトレイション | W15: 3 | X15: 1 | Z15: 減衰【攻】 | AA15: 0 | AB15: 1 | AD15: 減衰系 | AG15: 発動系統 | AH15: =IF(クリーチャー!P23="－","0",VLOOKUP(クリーチャー!P23,計算用!$J$6:$L$11,2,FALSE()))+IF(クリーチャー!Q23="－","0",VLOOKUP(クリーチャー!Q23,計算用!$J$6:$L$11,2,FALSE()))+IF(クリーチャー!R23="－","0",VLOOKUP(クリーチャー!R23,計算用!$J$6:$L$11,2,FALSE()))+COUNTIF(クリーチャー!P23:R23,"防御発動")^2 -> 0 | AI15: =IF(クリーチャー!P23="－","0",VLOOKUP(クリーチャー!P23,$J$6:$L$11,3,FALSE()))+IF(クリーチャー!Q23="－","0",VLOOKUP(クリーチャー!Q23,$J$6:$L$11,3,FALSE()))+IF(クリーチャー!R23="－","0",VLOOKUP(クリーチャー!R23,$J$6:$L$11,3,FALSE())) -> 0 | AN15: 発動系統 | AO15: =IF(クリーチャー_2!P23="－","0",VLOOKUP(クリーチャー_2!P23,計算用!$J$6:$L$11,2,FALSE()))+IF(クリーチャー_2!Q23="－","0",VLOOKUP(クリーチャー_2!Q23,計算用!$J$6:$L$11,2,FALSE()))+IF(クリーチャー_2!R23="－","0",VLOOKUP(クリーチャー_2!R23,計算用!$J$6:$L$11,2,FALSE()))+COUNTIF(クリーチャー_2!P23:R23,"防御発動")^2 -> 0 | AP15: =IF(クリーチャー_2!P23="－","0",VLOOKUP(クリーチャー_2!P23,$J$6:$L$11,3,FALSE()))+IF(クリーチャー_2!Q23="－","0",VLOOKUP(クリーチャー_2!Q23,$J$6:$L$11,3,FALSE()))+IF(クリーチャー_2!R23="－","0",VLOOKUP(クリーチャー_2!R23,$J$6:$L$11,3,FALSE())) -> 0 | AU15: 発動系統 | AV15: =IF(クリーチャー_3!P23="－","0",VLOOKUP(クリーチャー_3!P23,計算用!$J$6:$L$11,2,FALSE()))+IF(クリーチャー_3!Q23="－","0",VLOOKUP(クリーチャー_3!Q23,計算用!$J$6:$L$11,2,FALSE()))+IF(クリーチャー_3!R23="－","0",VLOOKUP(クリーチャー_3!R23,計算用!$J$6:$L$11,2,FALSE()))+COUNTIF(クリーチャー_3!P23:R23,"防御発動")^2 -> 0 | AW15: =IF(クリーチャー_3!P23="－","0",VLOOKUP(クリーチャー_3!P23,$J$6:$L$11,3,FALSE()))+IF(クリーチャー_3!Q23="－","0",VLOOKUP(クリーチャー_3!Q23,$J$6:$L$11,3,FALSE()))+IF(クリーチャー_3!R23="－","0",VLOOKUP(クリーチャー_3!R23,$J$6:$L$11,3,FALSE())) -> 0
B16: 付加効果 | C16: {=IF(応用技!E23="－","0",VLOOKUP(応用技!E23,$N$6:$R$49,2,FALSE()))+IF(応用技!F23="－","0",VLOOKUP(応用技!F23,N6:$R$49,2,FALSE()))+IF(応用技!G23="－","0",VLOOKUP(応用技!G23,$N$6:$R$49,2,FALSE()))+IF(応用技!E24="－","0",VLOOKUP(応用技!E24,$N$6:$R$49,2,FALSE()))+IF(応用技!F24="－","0",VLOOKUP(応用技!F24,$N$6:$R$49,2,FALSE()))+IF(応用技!G24="－","0",VLOOKUP(応用技!G24,$N$6:$R$49,2,FALSE()))+_xlfn.IFS(F16>=2,1+2*(F16-1),F16=1,1,F16=0,0)+_xlfn.IFS(G16>=2,1+2*(G16-1),G16=1,1,G16=0,0)} -> 0 | D16: =IF(応用技!E23="－","0",VLOOKUP(応用技!E23,$N$6:$R$49,3,FALSE()))+IF(応用技!F23="－","0",VLOOKUP(応用技!F23,$N$6:$R$49,3,FALSE()))+IF(応用技!G23="－","0",VLOOKUP(応用技!G23,$N$6:$R$49,3,FALSE()))+IF(応用技!E24="－","0",VLOOKUP(応用技!E24,$N$6:$R$49,3,FALSE()))+IF(応用技!F24="－","0",VLOOKUP(応用技!F24,$N$6:$R$49,3,FALSE()))+IF(応用技!G24="－","0",VLOOKUP(応用技!G24,$N$6:$R$49,3,FALSE())) -> 0 | E16: =IF(応用技!E23="－","0",VLOOKUP(応用技!E23,$N$6:$R$49,4,FALSE()))+IF(応用技!F23="－","0",VLOOKUP(応用技!F23,$N$6:$R$49,4,FALSE()))+IF(応用技!G23="－","0",VLOOKUP(応用技!G23,$N$6:$R$49,4,FALSE()))+IF(応用技!E24="－","0",VLOOKUP(応用技!E24,$N$6:$R$49,4,FALSE()))+IF(応用技!F24="－","0",VLOOKUP(応用技!F24,$N$6:$R$49,4,FALSE()))+IF(応用技!G24="－","0",VLOOKUP(応用技!G24,$N$6:$R$49,4,FALSE())) -> 0 | F16: =COUNTIFS(応用技!E23:G24,"強化*") -> 0 | G16: =COUNTIFS(応用技!E23:G24,"減衰*") -> 0 | J16: オールレンジ | K16: 3 | L16: 1 | N16: 減衰【防】 | O16: 0 | P16: 1 | R16: 減衰系 | V16: オールレンジ | W16: 3 | X16: 1 | Z16: 減衰【防】 | AA16: 0 | AB16: 1 | AD16: 減衰系 | AG16: 付加効果 | AH16: {=IF(クリーチャー!S23="－","0",VLOOKUP(クリーチャー!S23,$N$6:$R$49,2,FALSE()))+IF(クリーチャー!T23="－","0",VLOOKUP(クリーチャー!T23,N6:$R$49,2,FALSE()))+IF(クリーチャー!U23="－","0",VLOOKUP(クリーチャー!U23,$N$6:$R$49,2,FALSE()))+IF(クリーチャー!S24="－","0",VLOOKUP(クリーチャー!S24,$N$6:$R$49,2,FALSE()))+IF(クリーチャー!T24="－","0",VLOOKUP(クリーチャー!T24,$N$6:$R$49,2,FALSE()))+IF(クリーチャー!U24="－","0",VLOOKUP(クリーチャー!U24,$N$6:$R$49,2,FALSE()))+_xlfn.IFS(AK16>=2,1+2*(AK16-1),AK16=1,1,AK16=0,0)+_xlfn.IFS(AL16>=2,1+2*(AL16-1),AL16=1,1,AL16=0,0)} -> 0 | AI16: =IF(クリーチャー!S23="－","0",VLOOKUP(クリーチャー!S23,$N$6:$R$49,3,FALSE()))+IF(クリーチャー!T23="－","0",VLOOKUP(クリーチャー!T23,$N$6:$R$49,3,FALSE()))+IF(クリーチャー!U23="－","0",VLOOKUP(クリーチャー!U23,$N$6:$R$49,3,FALSE()))+IF(クリーチャー!S24="－","0",VLOOKUP(クリーチャー!S24,$N$6:$R$49,3,FALSE()))+IF(クリーチャー!T24="－","0",VLOOKUP(クリーチャー!T24,$N$6:$R$49,3,FALSE()))+IF(クリーチャー!U24="－","0",VLOOKUP(クリーチャー!U24,$N$6:$R$49,3,FALSE())) -> 0 | AJ16: =IF(クリーチャー!S23="－","0",VLOOKUP(クリーチャー!S23,$N$6:$R$49,4,FALSE()))+IF(クリーチャー!T23="－","0",VLOOKUP(クリーチャー!T23,$N$6:$R$49,4,FALSE()))+IF(クリーチャー!U23="－","0",VLOOKUP(クリーチャー!U23,$N$6:$R$49,4,FALSE()))+IF(クリーチャー!S24="－","0",VLOOKUP(クリーチャー!S24,$N$6:$R$49,4,FALSE()))+IF(クリーチャー!T24="－","0",VLOOKUP(クリーチャー!T24,$N$6:$R$49,4,FALSE()))+IF(クリーチャー!U24="－","0",VLOOKUP(クリーチャー!U24,$N$6:$R$49,4,FALSE())) -> 0 | AK16: =COUNTIFS(クリーチャー!S23:U24,"強化*") -> 0 | AL16: =COUNTIFS(クリーチャー!S23:U24,"減衰*") -> 0 | AN16: 付加効果 | AO16: {=IF(クリーチャー_2!S23="－","0",VLOOKUP(クリーチャー_2!S23,$N$6:$R$49,2,FALSE()))+IF(クリーチャー_2!T23="－","0",VLOOKUP(クリーチャー_2!T23,$N$6:$R$49,2,FALSE()))+IF(クリーチャー_2!U23="－","0",VLOOKUP(クリーチャー_2!U23,$N$6:$R$49,2,FALSE()))+IF(クリーチャー_2!S24="－","0",VLOOKUP(クリーチャー_2!S24,$N$6:$R$49,2,FALSE()))+IF(クリーチャー_2!T24="－","0",VLOOKUP(クリーチャー_2!T24,$N$6:$R$49,2,FALSE()))+IF(クリーチャー_2!U24="－","0",VLOOKUP(クリーチャー_2!U24,$N$6:$R$49,2,FALSE()))+_xlfn.IFS(AR16>=2,1+2*(AR16-1),AR16=1,1,AR16=0,0)+_xlfn.IFS(AS16>=2,1+2*(AS16-1),AS16=1,1,AS16=0,0)} -> 0 | AP16: =IF(クリーチャー_2!S23="－","0",VLOOKUP(クリーチャー_2!S23,$N$6:$R$49,3,FALSE()))+IF(クリーチャー_2!T23="－","0",VLOOKUP(クリーチャー_2!T23,$N$6:$R$49,3,FALSE()))+IF(クリーチャー_2!U23="－","0",VLOOKUP(クリーチャー_2!U23,$N$6:$R$49,3,FALSE()))+IF(クリーチャー_2!S24="－","0",VLOOKUP(クリーチャー_2!S24,$N$6:$R$49,3,FALSE()))+IF(クリーチャー_2!T24="－","0",VLOOKUP(クリーチャー_2!T24,$N$6:$R$49,3,FALSE()))+IF(クリーチャー_2!U24="－","0",VLOOKUP(クリーチャー_2!U24,$N$6:$R$49,3,FALSE())) -> 0 | AQ16: =IF(クリーチャー_2!S23="－","0",VLOOKUP(クリーチャー_2!S23,$N$6:$R$49,4,FALSE()))+IF(クリーチャー_2!T23="－","0",VLOOKUP(クリーチャー_2!T23,$N$6:$R$49,4,FALSE()))+IF(クリーチャー_2!U23="－","0",VLOOKUP(クリーチャー_2!U23,$N$6:$R$49,4,FALSE()))+IF(クリーチャー_2!S24="－","0",VLOOKUP(クリーチャー_2!S24,$N$6:$R$49,4,FALSE()))+IF(クリーチャー_2!T24="－","0",VLOOKUP(クリーチャー_2!T24,$N$6:$R$49,4,FALSE()))+IF(クリーチャー_2!U24="－","0",VLOOKUP(クリーチャー_2!U24,$N$6:$R$49,4,FALSE())) -> 0 | AR16: =COUNTIFS(クリーチャー_2!S23:U24,"強化*") -> 0 | AS16: =COUNTIFS(クリーチャー_2!S23:U24,"減衰*") -> 0 | AU16: 付加効果 | AV16: {=IF(クリーチャー_3!S23="－","0",VLOOKUP(クリーチャー_3!S23,$N$6:$R$49,2,FALSE()))+IF(クリーチャー_3!T23="－","0",VLOOKUP(クリーチャー_3!T23,N6:$R$49,2,FALSE()))+IF(クリーチャー_3!U23="－","0",VLOOKUP(クリーチャー_3!U23,$N$6:$R$49,2,FALSE()))+IF(クリーチャー_3!S24="－","0",VLOOKUP(クリーチャー_3!S24,$N$6:$R$49,2,FALSE()))+IF(クリーチャー_3!T24="－","0",VLOOKUP(クリーチャー_3!T24,$N$6:$R$49,2,FALSE()))+IF(クリーチャー_3!U24="－","0",VLOOKUP(クリーチャー_3!U24,$N$6:$R$49,2,FALSE()))+_xlfn.IFS(AY16>=2,1+2*(AY16-1),AY16=1,1,AY16=0,0)+_xlfn.IFS(AZ16>=2,1+2*(AZ16-1),AZ16=1,1,AZ16=0,0)} -> 0 | AW16: =IF(クリーチャー_3!S23="－","0",VLOOKUP(クリーチャー_3!S23,$N$6:$R$49,3,FALSE()))+IF(クリーチャー_3!T23="－","0",VLOOKUP(クリーチャー_3!T23,$N$6:$R$49,3,FALSE()))+IF(クリーチャー_3!U23="－","0",VLOOKUP(クリーチャー_3!U23,$N$6:$R$49,3,FALSE()))+IF(クリーチャー_3!S24="－","0",VLOOKUP(クリーチャー_3!S24,$N$6:$R$49,3,FALSE()))+IF(クリーチャー_3!T24="－","0",VLOOKUP(クリーチャー_3!T24,$N$6:$R$49,3,FALSE()))+IF(クリーチャー_3!U24="－","0",VLOOKUP(クリーチャー_3!U24,$N$6:$R$49,3,FALSE())) -> 0 | AX16: =IF(クリーチャー_3!S23="－","0",VLOOKUP(クリーチャー_3!S23,$N$6:$R$49,4,FALSE()))+IF(クリーチャー_3!T23="－","0",VLOOKUP(クリーチャー_3!T23,$N$6:$R$49,4,FALSE()))+IF(クリーチャー_3!U23="－","0",VLOOKUP(クリーチャー_3!U23,$N$6:$R$49,4,FALSE()))+IF(クリーチャー_3!S24="－","0",VLOOKUP(クリーチャー_3!S24,$N$6:$R$49,4,FALSE()))+IF(クリーチャー_3!T24="－","0",VLOOKUP(クリーチャー_3!T24,$N$6:$R$49,4,FALSE()))+IF(クリーチャー_3!U24="－","0",VLOOKUP(クリーチャー_3!U24,$N$6:$R$49,4,FALSE())) -> 0 | AY16: =COUNTIFS(クリーチャー_3!S23:U24,"強化*") -> 0 | AZ16: =COUNTIFS(クリーチャー_3!S23:U24,"減衰*") -> 0
B17: SE | C17: =IF(応用技!H23="－","0",VLOOKUP(応用技!H23,$J$15:$L$27,2,FALSE()))+IF(応用技!I23="－","0",VLOOKUP(応用技!I23,$J$15:$L$27,2,FALSE()))+IF(応用技!J23="－","0",VLOOKUP(応用技!J23,$J$15:$L$27,2,FALSE()))+IF(応用技!H24="－","0",VLOOKUP(応用技!H24,$J$15:$L$27,2,FALSE()))+IF(応用技!I24="－","0",VLOOKUP(応用技!I24,$J$15:$L$27,2,FALSE()))+IF(応用技!J24="－","0",VLOOKUP(応用技!J24,$J$15:$L$27,2,FALSE())) -> 0 | D17: =IF(応用技!H23="－","0",VLOOKUP(応用技!H23,$J$15:$L$27,3,FALSE()))+IF(応用技!I23="－","0",VLOOKUP(応用技!I23,$J$15:$L$27,3,FALSE()))+IF(応用技!J23="－","0",VLOOKUP(応用技!J23,$J$15:$L$27,3,FALSE()))+IF(応用技!H24="－","0",VLOOKUP(応用技!H24,$J$15:$L$27,3,FALSE()))+IF(応用技!I24="－","0",VLOOKUP(応用技!I24,$J$15:$L$27,3,FALSE()))+IF(応用技!J24="－","0",VLOOKUP(応用技!J24,$J$15:$L$27,3,FALSE())) -> 0 | J17: テリトリー | K17: 3 | L17: 1 | N17: 減衰【抵】 | O17: 0 | P17: 1 | R17: 減衰系 | V17: テリトリー | W17: 3 | X17: 1 | Z17: 減衰【抵】 | AA17: 0 | AB17: 1 | AD17: 減衰系 | AG17: SE | AH17: =IF(クリーチャー!V23="－","0",VLOOKUP(クリーチャー!V23,$J$15:$L$27,2,FALSE()))+IF(クリーチャー!W23="－","0",VLOOKUP(クリーチャー!W23,$J$15:$L$27,2,FALSE()))+IF(クリーチャー!X23="－","0",VLOOKUP(クリーチャー!X23,$J$15:$L$27,2,FALSE()))+IF(クリーチャー!V24="－","0",VLOOKUP(クリーチャー!V24,$J$15:$L$27,2,FALSE()))+IF(クリーチャー!W24="－","0",VLOOKUP(クリーチャー!W24,$J$15:$L$27,2,FALSE()))+IF(クリーチャー!X24="－","0",VLOOKUP(クリーチャー!X24,$J$15:$L$27,2,FALSE())) -> 0 | AI17: =IF(クリーチャー!V23="－","0",VLOOKUP(クリーチャー!V23,$J$15:$L$27,3,FALSE()))+IF(クリーチャー!W23="－","0",VLOOKUP(クリーチャー!W23,$J$15:$L$27,3,FALSE()))+IF(クリーチャー!X23="－","0",VLOOKUP(クリーチャー!X23,$J$15:$L$27,3,FALSE()))+IF(クリーチャー!V24="－","0",VLOOKUP(クリーチャー!V24,$J$15:$L$27,3,FALSE()))+IF(クリーチャー!W24="－","0",VLOOKUP(クリーチャー!W24,$J$15:$L$27,3,FALSE()))+IF(クリーチャー!X24="－","0",VLOOKUP(クリーチャー!X24,$J$15:$L$27,3,FALSE())) -> 0 | AN17: SE | AO17: =IF(クリーチャー_2!V23="－","0",VLOOKUP(クリーチャー_2!V23,$J$15:$L$27,2,FALSE()))+IF(クリーチャー_2!W23="－","0",VLOOKUP(クリーチャー_2!W23,$J$15:$L$27,2,FALSE()))+IF(クリーチャー_2!X23="－","0",VLOOKUP(クリーチャー_2!X23,$J$15:$L$27,2,FALSE()))+IF(クリーチャー_2!V24="－","0",VLOOKUP(クリーチャー_2!V24,$J$15:$L$27,2,FALSE()))+IF(クリーチャー_2!W24="－","0",VLOOKUP(クリーチャー_2!W24,$J$15:$L$27,2,FALSE()))+IF(クリーチャー_2!X24="－","0",VLOOKUP(クリーチャー_2!X24,$J$15:$L$27,2,FALSE())) -> 0 | AP17: =IF(クリーチャー_2!V23="－","0",VLOOKUP(クリーチャー_2!V23,$J$15:$L$27,3,FALSE()))+IF(クリーチャー_2!W23="－","0",VLOOKUP(クリーチャー_2!W23,$J$15:$L$27,3,FALSE()))+IF(クリーチャー_2!X23="－","0",VLOOKUP(クリーチャー_2!X23,$J$15:$L$27,3,FALSE()))+IF(クリーチャー_2!V24="－","0",VLOOKUP(クリーチャー_2!V24,$J$15:$L$27,3,FALSE()))+IF(クリーチャー_2!W24="－","0",VLOOKUP(クリーチャー_2!W24,$J$15:$L$27,3,FALSE()))+IF(クリーチャー_2!X24="－","0",VLOOKUP(クリーチャー_2!X24,$J$15:$L$27,3,FALSE())) -> 0 | AU17: SE | AV17: =IF(クリーチャー_3!V23="－","0",VLOOKUP(クリーチャー_3!V23,$J$15:$L$27,2,FALSE()))+IF(クリーチャー_3!W23="－","0",VLOOKUP(クリーチャー_3!W23,$J$15:$L$27,2,FALSE()))+IF(クリーチャー_3!X23="－","0",VLOOKUP(クリーチャー_3!X23,$J$15:$L$27,2,FALSE()))+IF(クリーチャー_3!V24="－","0",VLOOKUP(クリーチャー_3!V24,$J$15:$L$27,2,FALSE()))+IF(クリーチャー_3!W24="－","0",VLOOKUP(クリーチャー_3!W24,$J$15:$L$27,2,FALSE()))+IF(クリーチャー_3!X24="－","0",VLOOKUP(クリーチャー_3!X24,$J$15:$L$27,2,FALSE())) -> 0 | AW17: =IF(クリーチャー_3!V23="－","0",VLOOKUP(クリーチャー_3!V23,$J$15:$L$27,3,FALSE()))+IF(クリーチャー_3!W23="－","0",VLOOKUP(クリーチャー_3!W23,$J$15:$L$27,3,FALSE()))+IF(クリーチャー_3!X23="－","0",VLOOKUP(クリーチャー_3!X23,$J$15:$L$27,3,FALSE()))+IF(クリーチャー_3!V24="－","0",VLOOKUP(クリーチャー_3!V24,$J$15:$L$27,3,FALSE()))+IF(クリーチャー_3!W24="－","0",VLOOKUP(クリーチャー_3!W24,$J$15:$L$27,3,FALSE()))+IF(クリーチャー_3!X24="－","0",VLOOKUP(クリーチャー_3!X24,$J$15:$L$27,3,FALSE())) -> 0
B18: 合計 | C18: {=_xlfn.IFS(COUNTIF(応用技!E23:G24,"創造")>=1,SUM(C15:C17)+1&"～"&SUM(C15:C17)+10,COUNTIF(応用技!E23:G24,"限定*")>=1,"※",COUNTIF(応用技!E23:G24,"影響無効")>=1,"※",TRUE(),SUM(C15:C17))} -> 0 | D18: =SUM(D15:D17) -> 0 | E18: =SUM(E15:E17) -> 0 | J18: コンティニュー | K18: 2 | L18: 1 | N18: 減衰【命】 | O18: 0 | P18: 1 | R18: 減衰系 | V18: コンティニュー | W18: 2 | X18: 1 | Z18: 減衰【命】 | AA18: 0 | AB18: 1 | AD18: 減衰系 | AG18: 合計 | AH18: {=_xlfn.IFS(COUNTIF(クリーチャー!S23:U24,"創造")>=1,SUM(AH15:AH17)+1&"～"&SUM(AH15:AH17)+10,COUNTIF(クリーチャー!S23:U24,"限定*")>=1,"※",COUNTIF(クリーチャー!S23:U24,"影響無効")>=1,"※",TRUE(),SUM(AH15:AH17))} -> 0 | AI18: =SUM(AI15:AI17) -> 0 | AJ18: =SUM(AJ15:AJ17) -> 0 | AN18: 合計 | AO18: {=_xlfn.IFS(COUNTIF(クリーチャー_2!S23:U24,"創造")>=1,SUM(AO15:AO17)+1&"～"&SUM(AO15:AO17)+10,COUNTIF(クリーチャー_2!S23:U24,"限定*")>=1,"※",COUNTIF(クリーチャー_2!S23:U24,"影響無効")>=1,"※",TRUE(),SUM(AO15:AO17))} -> 0 | AP18: =SUM(AP15:AP17) -> 0 | AQ18: =SUM(AQ15:AQ17) -> 0 | AU18: 合計 | AV18: {=_xlfn.IFS(COUNTIF(クリーチャー_3!S23:U24,"創造")>=1,SUM(AV15:AV17)+1&"～"&SUM(AV15:AV17)+10,COUNTIF(クリーチャー_3!S23:U24,"限定*")>=1,"※",COUNTIF(クリーチャー_3!S23:U24,"影響無効")>=1,"※",TRUE(),SUM(AV15:AV17))} -> 0 | AW18: =SUM(AW15:AW17) -> 0 | AX18: =SUM(AX15:AX17) -> 0
J19: ドレイン | K19: 2 | L19: 1 | N19: 減衰【回】 | O19: 0 | P19: 1 | R19: 減衰系 | V19: ドレイン | W19: 2 | X19: 1 | Z19: 減衰【回】 | AA19: 0 | AB19: 1 | AD19: 減衰系
B20: 技2（蟹） | C20: 消費 | D20: スペック | E20: 圧迫 | F20: 強化変数 | G20: 減衰変数 | J20: ブレイク | K20: 3 | L20: 1 | N20: 減衰【技】 | O20: 0 | P20: 1 | R20: 減衰系 | V20: ブレイク | W20: 3 | X20: 1 | Z20: 減衰【技】 | AA20: 0 | AB20: 1 | AD20: 減衰系 | AG20: 技2（蟹） | AH20: 消費 | AI20: スペック | AJ20: 圧迫 | AK20: 強化変数 | AL20: 減衰変数 | AN20: 技2（蟹） | AO20: 消費 | AP20: スペック | AQ20: 圧迫 | AR20: 強化変数 | AS20: 減衰変数 | AU20: 技2（蟹） | AV20: 消費 | AW20: スペック | AX20: 圧迫 | AY20: 強化変数 | AZ20: 減衰変数
B21: 発動系統 | C21: =IF(応用技!B23="－","0",VLOOKUP(応用技!B23,計算用!$V$6:$X$11,2,FALSE()))+IF(応用技!C23="－","0",VLOOKUP(応用技!C23,計算用!$V$6:$X$11,2,FALSE()))+IF(応用技!D23="－","0",VLOOKUP(応用技!D23,計算用!$V$6:$X$11,2,FALSE()))+COUNTIF(応用技!B23:D23,"防御発動")^2 -> 0 | D21: =IF(応用技!B23="－","0",VLOOKUP(応用技!B23,$J$6:$L$11,3,FALSE()))+IF(応用技!C23="－","0",VLOOKUP(応用技!C23,$J$6:$L$11,3,FALSE()))+IF(応用技!D23="－","0",VLOOKUP(応用技!D23,$J$6:$L$11,3,FALSE())) -> 0 | J21: チャージ | K21: 2 | L21: 1 | N21: 減衰【解】 | O21: 0 | P21: 1 | R21: 減衰系 | V21: チャージ | W21: 2 | X21: 1 | Z21: 減衰【解】 | AA21: 0 | AB21: 1 | AD21: 減衰系 | AG21: 発動系統 | AH21: =IF(クリーチャー!P23="－","0",VLOOKUP(クリーチャー!P23,計算用!$V$6:$X$11,2,FALSE()))+IF(クリーチャー!Q23="－","0",VLOOKUP(クリーチャー!Q23,計算用!$V$6:$X$11,2,FALSE()))+IF(クリーチャー!R23="－","0",VLOOKUP(クリーチャー!R23,計算用!$V$6:$X$11,2,FALSE()))+COUNTIF(クリーチャー!P23:R23,"防御発動")^2 -> 0 | AI21: =IF(クリーチャー!P23="－","0",VLOOKUP(クリーチャー!P23,$J$6:$L$11,3,FALSE()))+IF(クリーチャー!Q23="－","0",VLOOKUP(クリーチャー!Q23,$J$6:$L$11,3,FALSE()))+IF(クリーチャー!R23="－","0",VLOOKUP(クリーチャー!R23,$J$6:$L$11,3,FALSE())) -> 0 | AN21: 発動系統 | AO21: =IF(クリーチャー_2!P23="－","0",VLOOKUP(クリーチャー_2!P23,計算用!$V$6:$X$11,2,FALSE()))+IF(クリーチャー_2!Q23="－","0",VLOOKUP(クリーチャー_2!Q23,計算用!$V$6:$X$11,2,FALSE()))+IF(クリーチャー_2!R23="－","0",VLOOKUP(クリーチャー_2!R23,計算用!$V$6:$X$11,2,FALSE()))+COUNTIF(クリーチャー_2!P23:R23,"防御発動")^2 -> 0 | AP21: =IF(クリーチャー_2!P23="－","0",VLOOKUP(クリーチャー_2!P23,$J$6:$L$11,3,FALSE()))+IF(クリーチャー_2!Q23="－","0",VLOOKUP(クリーチャー_2!Q23,$J$6:$L$11,3,FALSE()))+IF(クリーチャー_2!R23="－","0",VLOOKUP(クリーチャー_2!R23,$J$6:$L$11,3,FALSE())) -> 0 | AU21: 発動系統 | AV21: =IF(クリーチャー_3!P23="－","0",VLOOKUP(クリーチャー_3!P23,計算用!$V$6:$X$11,2,FALSE()))+IF(クリーチャー_3!Q23="－","0",VLOOKUP(クリーチャー_3!Q23,計算用!$V$6:$X$11,2,FALSE()))+IF(クリーチャー_3!R23="－","0",VLOOKUP(クリーチャー_3!R23,計算用!$V$6:$X$11,2,FALSE()))+COUNTIF(クリーチャー_3!P23:R23,"防御発動")^2 -> 0 | AW21: =IF(クリーチャー_3!P23="－","0",VLOOKUP(クリーチャー_3!P23,$J$6:$L$11,3,FALSE()))+IF(クリーチャー_3!Q23="－","0",VLOOKUP(クリーチャー_3!Q23,$J$6:$L$11,3,FALSE()))+IF(クリーチャー_3!R23="－","0",VLOOKUP(クリーチャー_3!R23,$J$6:$L$11,3,FALSE())) -> 0
B22: 付加効果 | C22: {=IF(応用技!E23="－","0",VLOOKUP(応用技!E23,$Z$6:$AD$57,2,FALSE()))+IF(応用技!F23="－","0",VLOOKUP(応用技!F23,Z6:$AD$57,2,FALSE()))+IF(応用技!G23="－","0",VLOOKUP(応用技!G23,$Z$6:$AD$57,2,FALSE()))+IF(応用技!E24="－","0",VLOOKUP(応用技!E24,$Z$6:$AD$57,2,FALSE()))+IF(応用技!F24="－","0",VLOOKUP(応用技!F24,$Z$6:$AD$57,2,FALSE()))+IF(応用技!G24="－","0",VLOOKUP(応用技!G24,$Z$6:$AD$57,2,FALSE()))+_xlfn.IFS(F22>=2,1+2*(F22-1),F22=1,1,F22=0,0)+_xlfn.IFS(G22>=2,1+2*(G22-1),G22=1,1,G22=0,0)} -> 0 | D22: =IF(応用技!E23="－","0",VLOOKUP(応用技!E23,$Z$6:$AD$57,3,FALSE()))+IF(応用技!F23="－","0",VLOOKUP(応用技!F23,$Z$6:$AD$57,3,FALSE()))+IF(応用技!G23="－","0",VLOOKUP(応用技!G23,$Z$6:$AD$57,3,FALSE()))+IF(応用技!E24="－","0",VLOOKUP(応用技!E24,$Z$6:$AD$57,3,FALSE()))+IF(応用技!F24="－","0",VLOOKUP(応用技!F24,$Z$6:$AD$57,3,FALSE()))+IF(応用技!G24="－","0",VLOOKUP(応用技!G24,$Z$6:$AD$57,3,FALSE())) -> 0 | E22: =IF(応用技!E23="－","0",VLOOKUP(応用技!E23,$Z$6:$AD$57,4,FALSE())) +IF(応用技!F23="－","0",VLOOKUP(応用技!F23,$Z$6:$AD$57,4,FALSE())) +IF(応用技!G23="－","0",VLOOKUP(応用技!G23,$Z$6:$AD$57,4,FALSE())) +IF(応用技!E24="－","0",VLOOKUP(応用技!E24,$Z$6:$AD$57,4,FALSE())) +IF(応用技!F24="－","0",VLOOKUP(応用技!F24,$Z$6:$AD$57,4,FALSE())) +IF(応用技!G24="－","0",VLOOKUP(応用技!G24,$Z$6:$AD$57,4,FALSE())) -> 0 | F22: =COUNTIFS(応用技!E23:G24,"強化*") -> 0 | G22: =COUNTIFS(応用技!E23:G24,"減衰*") -> 0 | J22: リスク | K22: 4 | L22: 1 | N22: 回復 | O22: 2 | P22: 1 | V22: リスク | W22: 4 | X22: 1 | Z22: 回復 | AA22: 2 | AB22: 1 | AG22: 付加効果 | AH22: {=IF(クリーチャー!S23="－","0",VLOOKUP(クリーチャー!S23,$Z$6:$AD$57,2,FALSE()))+IF(クリーチャー!T23="－","0",VLOOKUP(クリーチャー!T23,Z6:$AD$57,2,FALSE()))+IF(クリーチャー!U23="－","0",VLOOKUP(クリーチャー!U23,$Z$6:$AD$57,2,FALSE()))+IF(クリーチャー!S24="－","0",VLOOKUP(クリーチャー!S24,$Z$6:$AD$57,2,FALSE()))+IF(クリーチャー!T24="－","0",VLOOKUP(クリーチャー!T24,$Z$6:$AD$57,2,FALSE()))+IF(クリーチャー!U24="－","0",VLOOKUP(クリーチャー!U24,$Z$6:$AD$57,2,FALSE()))+_xlfn.IFS(AK22>=2,1+2*(AK22-1),AK22=1,1,AK22=0,0)+_xlfn.IFS(AL22>=2,1+2*(AL22-1),AL22=1,1,AL22=0,0)} -> 0 | AI22: =IF(クリーチャー!S23="－","0",VLOOKUP(クリーチャー!S23,$Z$6:$AD$57,3,FALSE()))+IF(クリーチャー!T23="－","0",VLOOKUP(クリーチャー!T23,$Z$6:$AD$57,3,FALSE()))+IF(クリーチャー!U23="－","0",VLOOKUP(クリーチャー!U23,$Z$6:$AD$57,3,FALSE()))+IF(クリーチャー!S24="－","0",VLOOKUP(クリーチャー!S24,$Z$6:$AD$57,3,FALSE()))+IF(クリーチャー!T24="－","0",VLOOKUP(クリーチャー!T24,$Z$6:$AD$57,3,FALSE()))+IF(クリーチャー!U24="－","0",VLOOKUP(クリーチャー!U24,$Z$6:$AD$57,3,FALSE())) -> 0 | AJ22: =IF(クリーチャー!S23="－","0",VLOOKUP(クリーチャー!S23,$Z$6:$AD$57,4,FALSE()))+IF(クリーチャー!T23="－","0",VLOOKUP(クリーチャー!T23,$Z$6:$AD$57,4,FALSE()))+IF(クリーチャー!U23="－","0",VLOOKUP(クリーチャー!U23,$Z$6:$AD$57,4,FALSE()))+IF(クリーチャー!S24="－","0",VLOOKUP(クリーチャー!S24,$Z$6:$AD$57,4,FALSE()))+IF(クリーチャー!T24="－","0",VLOOKUP(クリーチャー!T24,$Z$6:$AD$57,4,FALSE()))+IF(クリーチャー!U24="－","0",VLOOKUP(クリーチャー!U24,$Z$6:$AD$57,4,FALSE())) -> 0 | AK22: =COUNTIFS(クリーチャー!S23:U24,"強化*") -> 0 | AL22: =COUNTIFS(クリーチャー!S23:U24,"減衰*") -> 0 | AN22: 付加効果 | AO22: {=IF(クリーチャー_2!S23="－","0",VLOOKUP(クリーチャー_2!S23,$Z$6:$AD$57,2,FALSE()))+IF(クリーチャー_2!T23="－","0",VLOOKUP(クリーチャー_2!T23,Z6:$AD$57,2,FALSE()))+IF(クリーチャー_2!U23="－","0",VLOOKUP(クリーチャー_2!U23,$Z$6:$AD$57,2,FALSE()))+IF(クリーチャー_2!S24="－","0",VLOOKUP(クリーチャー_2!S24,$Z$6:$AD$57,2,FALSE()))+IF(クリーチャー_2!T24="－","0",VLOOKUP(クリーチャー_2!T24,$Z$6:$AD$57,2,FALSE()))+IF(クリーチャー_2!U24="－","0",VLOOKUP(クリーチャー_2!U24,$Z$6:$AD$57,2,FALSE()))+_xlfn.IFS(AR22>=2,1+2*(AR22-1),AR22=1,1,AR22=0,0)+_xlfn.IFS(AS22>=2,1+2*(AS22-1),AS22=1,1,AS22=0,0)} -> 0 | AP22: =IF(クリーチャー_2!S23="－","0",VLOOKUP(クリーチャー_2!S23,$Z$6:$AD$57,3,FALSE()))+IF(クリーチャー_2!T23="－","0",VLOOKUP(クリーチャー_2!T23,$Z$6:$AD$57,3,FALSE()))+IF(クリーチャー_2!U23="－","0",VLOOKUP(クリーチャー_2!U23,$Z$6:$AD$57,3,FALSE()))+IF(クリーチャー_2!S24="－","0",VLOOKUP(クリーチャー_2!S24,$Z$6:$AD$57,3,FALSE()))+IF(クリーチャー_2!T24="－","0",VLOOKUP(クリーチャー_2!T24,$Z$6:$AD$57,3,FALSE()))+IF(クリーチャー_2!U24="－","0",VLOOKUP(クリーチャー_2!U24,$Z$6:$AD$57,3,FALSE())) -> 0 | AQ22: =IF(クリーチャー_2!S23="－","0",VLOOKUP(クリーチャー_2!S23,$Z$6:$AD$57,4,FALSE()))+IF(クリーチャー_2!T23="－","0",VLOOKUP(クリーチャー_2!T23,$Z$6:$AD$57,4,FALSE()))+IF(クリーチャー_2!U23="－","0",VLOOKUP(クリーチャー_2!U23,$Z$6:$AD$57,4,FALSE()))+IF(クリーチャー_2!S24="－","0",VLOOKUP(クリーチャー_2!S24,$Z$6:$AD$57,4,FALSE()))+IF(クリーチャー_2!T24="－","0",VLOOKUP(クリーチャー_2!T24,$Z$6:$AD$57,4,FALSE()))+IF(クリーチャー_2!U24="－","0",VLOOKUP(クリーチャー_2!U24,$Z$6:$AD$57,4,FALSE())) -> 0 | AR22: =COUNTIFS(クリーチャー_2!S23:U24,"強化*") -> 0 | AS22: =COUNTIFS(クリーチャー_2!S23:U24,"減衰*") -> 0 | AU22: 付加効果 | AV22: {=IF(クリーチャー_3!S23="－","0",VLOOKUP(クリーチャー_3!S23,$Z$6:$AD$57,2,FALSE()))+IF(クリーチャー_3!T23="－","0",VLOOKUP(クリーチャー_3!T23,Z6:$AD$57,2,FALSE()))+IF(クリーチャー_3!U23="－","0",VLOOKUP(クリーチャー_3!U23,$Z$6:$AD$57,2,FALSE()))+IF(クリーチャー_3!S24="－","0",VLOOKUP(クリーチャー_3!S24,$Z$6:$AD$57,2,FALSE()))+IF(クリーチャー_3!T24="－","0",VLOOKUP(クリーチャー_3!T24,$Z$6:$AD$57,2,FALSE()))+IF(クリーチャー_3!U24="－","0",VLOOKUP(クリーチャー_3!U24,$Z$6:$AD$57,2,FALSE()))+_xlfn.IFS(AY22>=2,1+2*(AY22-1),AY22=1,1,AY22=0,0)+_xlfn.IFS(AZ22>=2,1+2*(AZ22-1),AZ22=1,1,AZ22=0,0)} -> 0 | AW22: =IF(クリーチャー_3!S23="－","0",VLOOKUP(クリーチャー_3!S23,$Z$6:$AD$57,3,FALSE()))+IF(クリーチャー_3!T23="－","0",VLOOKUP(クリーチャー_3!T23,$Z$6:$AD$57,3,FALSE()))+IF(クリーチャー_3!U23="－","0",VLOOKUP(クリーチャー_3!U23,$Z$6:$AD$57,3,FALSE()))+IF(クリーチャー_3!S24="－","0",VLOOKUP(クリーチャー_3!S24,$Z$6:$AD$57,3,FALSE()))+IF(クリーチャー_3!T24="－","0",VLOOKUP(クリーチャー_3!T24,$Z$6:$AD$57,3,FALSE()))+IF(クリーチャー_3!U24="－","0",VLOOKUP(クリーチャー_3!U24,$Z$6:$AD$57,3,FALSE())) -> 0 | AX22: =IF(クリーチャー_3!S23="－","0",VLOOKUP(クリーチャー_3!S23,$Z$6:$AD$57,4,FALSE()))+IF(クリーチャー_3!T23="－","0",VLOOKUP(クリーチャー_3!T23,$Z$6:$AD$57,4,FALSE()))+IF(クリーチャー_3!U23="－","0",VLOOKUP(クリーチャー_3!U23,$Z$6:$AD$57,4,FALSE()))+IF(クリーチャー_3!S24="－","0",VLOOKUP(クリーチャー_3!S24,$Z$6:$AD$57,4,FALSE()))+IF(クリーチャー_3!T24="－","0",VLOOKUP(クリーチャー_3!T24,$Z$6:$AD$57,4,FALSE()))+IF(クリーチャー_3!U24="－","0",VLOOKUP(クリーチャー_3!U24,$Z$6:$AD$57,4,FALSE())) -> 0 | AY22: =COUNTIFS(クリーチャー_3!S23:U24,"強化*") -> 0 | AZ22: =COUNTIFS(クリーチャー_3!S23:U24,"減衰*") -> 0
B23: SE | C23: =IF(応用技!H23="－","0",VLOOKUP(応用技!H23,$V$15:$X$28,2,FALSE()))+IF(応用技!I23="－","0",VLOOKUP(応用技!I23,$V$15:$X$28,2,FALSE()))+IF(応用技!J23="－","0",VLOOKUP(応用技!J23,$V$15:$X$28,2,FALSE()))+IF(応用技!H24="－","0",VLOOKUP(応用技!H24,$V$15:$X$28,2,FALSE()))+IF(応用技!I24="－","0",VLOOKUP(応用技!I24,$V$15:$X$28,2,FALSE()))+IF(応用技!J24="－","0",VLOOKUP(応用技!J24,$V$15:$X$28,2,FALSE())) -> 0 | D23: =IF(応用技!H23="－","0",VLOOKUP(応用技!H23,$V$15:$X$28,3,FALSE()))+IF(応用技!I23="－","0",VLOOKUP(応用技!I23,$V$15:$X$28,3,FALSE()))+IF(応用技!J23="－","0",VLOOKUP(応用技!J23,$V$15:$X$28,3,FALSE()))+IF(応用技!H24="－","0",VLOOKUP(応用技!H24,$V$15:$X$28,3,FALSE()))+IF(応用技!I24="－","0",VLOOKUP(応用技!I24,$V$15:$X$28,3,FALSE()))+IF(応用技!J24="－","0",VLOOKUP(応用技!J24,$V$15:$X$28,3,FALSE())) -> 0 | J23: トラップ | K23: 1 | L23: 1 | N23: 拡張 | O23: 2 | P23: 1 | V23: トラップ | W23: 1 | X23: 1 | Z23: 拡張 | AA23: 2 | AB23: 1 | AG23: SE | AH23: =IF(クリーチャー!V23="－","0",VLOOKUP(クリーチャー!V23,$V$15:$X$28,2,FALSE()))+IF(クリーチャー!W23="－","0",VLOOKUP(クリーチャー!W23,$V$15:$X$28,2,FALSE()))+IF(クリーチャー!X23="－","0",VLOOKUP(クリーチャー!X23,$V$15:$X$28,2,FALSE()))+IF(クリーチャー!V24="－","0",VLOOKUP(クリーチャー!V24,$V$15:$X$28,2,FALSE()))+IF(クリーチャー!W24="－","0",VLOOKUP(クリーチャー!W24,$V$15:$X$28,2,FALSE()))+IF(クリーチャー!X24="－","0",VLOOKUP(クリーチャー!X24,$V$15:$X$28,2,FALSE())) -> 0 | AI23: =IF(クリーチャー!V23="－","0",VLOOKUP(クリーチャー!V23,$V$15:$X$28,3,FALSE()))+IF(クリーチャー!W23="－","0",VLOOKUP(クリーチャー!W23,$V$15:$X$28,3,FALSE()))+IF(クリーチャー!X23="－","0",VLOOKUP(クリーチャー!X23,$V$15:$X$28,3,FALSE()))+IF(クリーチャー!V24="－","0",VLOOKUP(クリーチャー!V24,$V$15:$X$28,3,FALSE()))+IF(クリーチャー!W24="－","0",VLOOKUP(クリーチャー!W24,$V$15:$X$28,3,FALSE()))+IF(クリーチャー!X24="－","0",VLOOKUP(クリーチャー!X24,$V$15:$X$28,3,FALSE())) -> 0 | AN23: SE | AO23: =IF(クリーチャー_2!V23="－","0",VLOOKUP(クリーチャー_2!V23,$V$15:$X$28,2,FALSE()))+IF(クリーチャー_2!W23="－","0",VLOOKUP(クリーチャー_2!W23,$V$15:$X$28,2,FALSE()))+IF(クリーチャー_2!X23="－","0",VLOOKUP(クリーチャー_2!X23,$V$15:$X$28,2,FALSE()))+IF(クリーチャー_2!V24="－","0",VLOOKUP(クリーチャー_2!V24,$V$15:$X$28,2,FALSE()))+IF(クリーチャー_2!W24="－","0",VLOOKUP(クリーチャー_2!W24,$V$15:$X$28,2,FALSE()))+IF(クリーチャー_2!X24="－","0",VLOOKUP(クリーチャー_2!X24,$V$15:$X$28,2,FALSE())) -> 0 | AP23: =IF(クリーチャー_2!V23="－","0",VLOOKUP(クリーチャー_2!V23,$V$15:$X$28,3,FALSE()))+IF(クリーチャー_2!W23="－","0",VLOOKUP(クリーチャー_2!W23,$V$15:$X$28,3,FALSE()))+IF(クリーチャー_2!X23="－","0",VLOOKUP(クリーチャー_2!X23,$V$15:$X$28,3,FALSE()))+IF(クリーチャー_2!V24="－","0",VLOOKUP(クリーチャー_2!V24,$V$15:$X$28,3,FALSE()))+IF(クリーチャー_2!W24="－","0",VLOOKUP(クリーチャー_2!W24,$V$15:$X$28,3,FALSE()))+IF(クリーチャー_2!X24="－","0",VLOOKUP(クリーチャー_2!X24,$V$15:$X$28,3,FALSE())) -> 0 | AU23: SE | AV23: =IF(クリーチャー_3!V23="－","0",VLOOKUP(クリーチャー_3!V23,$V$15:$X$28,2,FALSE()))+IF(クリーチャー_3!W23="－","0",VLOOKUP(クリーチャー_3!W23,$V$15:$X$28,2,FALSE()))+IF(クリーチャー_3!X23="－","0",VLOOKUP(クリーチャー_3!X23,$V$15:$X$28,2,FALSE()))+IF(クリーチャー_3!V24="－","0",VLOOKUP(クリーチャー_3!V24,$V$15:$X$28,2,FALSE()))+IF(クリーチャー_3!W24="－","0",VLOOKUP(クリーチャー_3!W24,$V$15:$X$28,2,FALSE()))+IF(クリーチャー_3!X24="－","0",VLOOKUP(クリーチャー_3!X24,$V$15:$X$28,2,FALSE())) -> 0 | AW23: =IF(クリーチャー_3!V23="－","0",VLOOKUP(クリーチャー_3!V23,$V$15:$X$28,3,FALSE()))+IF(クリーチャー_3!W23="－","0",VLOOKUP(クリーチャー_3!W23,$V$15:$X$28,3,FALSE()))+IF(クリーチャー_3!X23="－","0",VLOOKUP(クリーチャー_3!X23,$V$15:$X$28,3,FALSE()))+IF(クリーチャー_3!V24="－","0",VLOOKUP(クリーチャー_3!V24,$V$15:$X$28,3,FALSE()))+IF(クリーチャー_3!W24="－","0",VLOOKUP(クリーチャー_3!W24,$V$15:$X$28,3,FALSE()))+IF(クリーチャー_3!X24="－","0",VLOOKUP(クリーチャー_3!X24,$V$15:$X$28,3,FALSE())) -> 0
B24: 合計 | C24: {=_xlfn.IFS(COUNTIF(応用技!E23:G24,"創造")>=1,SUM(C21:C23)+1&"～"&SUM(C21:C23)+10,COUNTIF(応用技!E23:G24,"限定*")>=1,"※",COUNTIF(応用技!E23:G24,"影響無効")>=1,"※",TRUE(),SUM(C21:C23))} -> 0 | D24: =SUM(D21:D23) -> 0 | E24: =SUM(E21:E23) -> 0 | J24: オート | K24: 3 | L24: 1 | N24: 制限 | O24: 2 | P24: 1 | V24: オート | W24: 3 | X24: 1 | Z24: 制限 | AA24: 2 | AB24: 1 | AG24: 合計 | AH24: {=_xlfn.IFS(COUNTIF(クリーチャー!S23:U24,"創造")>=1,SUM(AH21:AH23)+1&"～"&SUM(AH21:AH23)+10,COUNTIF(クリーチャー!S23:U24,"限定*")>=1,"※",COUNTIF(クリーチャー!S23:U24,"影響無効")>=1,"※",TRUE(),SUM(AH21:AH23))} -> 0 | AI24: =SUM(AI21:AI23) -> 0 | AJ24: =SUM(AJ21:AJ23) -> 0 | AN24: 合計 | AO24: {=_xlfn.IFS(COUNTIF(クリーチャー_2!S23:U24,"創造")>=1,SUM(AO21:AO23)+1&"～"&SUM(AO21:AO23)+10,COUNTIF(クリーチャー_2!S23:U24,"限定*")>=1,"※",COUNTIF(クリーチャー_2!S23:U24,"影響無効")>=1,"※",TRUE(),SUM(AO21:AO23))} -> 0 | AP24: =SUM(AP21:AP23) -> 0 | AQ24: =SUM(AQ21:AQ23) -> 0 | AU24: 合計 | AV24: {=_xlfn.IFS(COUNTIF(クリーチャー_3!S23:U24,"創造")>=1,SUM(AV21:AV23)+1&"～"&SUM(AV21:AV23)+10,COUNTIF(クリーチャー_3!S23:U24,"限定*")>=1,"※",COUNTIF(クリーチャー_3!S23:U24,"影響無効")>=1,"※",TRUE(),SUM(AV21:AV23))} -> 0 | AW24: =SUM(AW21:AW23) -> 0 | AX24: =SUM(AX21:AX23) -> 0
J25: セミオート | K25: 4 | L25: 2 | N25: 幸運 | O25: 2 | P25: 1 | V25: セミオート | W25: 4 | X25: 2 | Z25: 幸運 | AA25: 2 | AB25: 1
B26: 技3 | C26: 消費 | D26: スペック | E26: 圧迫 | F26: 強化変数 | G26: 減衰変数 | J26: リフレクション | K26: 5 | L26: 2 | N26: 追加【命】 | O26: 2 | P26: 1 | V26: リフレクション | W26: 5 | X26: 2 | Z26: 追加【命】 | AA26: 2 | AB26: 1 | AG26: 技3 | AH26: 消費 | AI26: スペック | AJ26: 圧迫 | AK26: 強化変数 | AL26: 減衰変数 | AN26: 技3 | AO26: 消費 | AP26: スペック | AQ26: 圧迫 | AR26: 強化変数 | AS26: 減衰変数 | AU26: 技3 | AV26: 消費 | AW26: スペック | AX26: 圧迫 | AY26: 強化変数 | AZ26: 減衰変数
B27: 発動系統 | C27: =IF(応用技!B34="－","0",VLOOKUP(応用技!B34,計算用!$J$6:$L$11,2,FALSE()))+IF(応用技!C34="－","0",VLOOKUP(応用技!C34,計算用!$J$6:$L$11,2,FALSE()))+IF(応用技!D34="－","0",VLOOKUP(応用技!D34,計算用!$J$6:$L$11,2,FALSE()))+COUNTIF(応用技!B34:D34,"防御発動")^2 -> 0 | D27: =IF(応用技!B34="－","0",VLOOKUP(応用技!B34,$J$6:$L$11,3,FALSE()))+IF(応用技!C34="－","0",VLOOKUP(応用技!C34,$J$6:$L$11,3,FALSE()))+IF(応用技!D34="－","0",VLOOKUP(応用技!D34,$J$6:$L$11,3,FALSE())) -> 0 | J27: パーフェクト | K27: 9 | L27: 2 | N27: 追加【回】 | O27: 2 | P27: 1 | V27: パーフェクト | W27: 9 | X27: 2 | Z27: 追加【回】 | AA27: 2 | AB27: 1 | AG27: 発動系統 | AH27: =IF(クリーチャー!P34="－","0",VLOOKUP(クリーチャー!P34,計算用!$J$6:$L$11,2,FALSE()))+IF(クリーチャー!Q34="－","0",VLOOKUP(クリーチャー!Q34,計算用!$J$6:$L$11,2,FALSE()))+IF(クリーチャー!R34="－","0",VLOOKUP(クリーチャー!R34,計算用!$J$6:$L$11,2,FALSE()))+COUNTIF(クリーチャー!P34:R34,"防御発動")^2 -> 0 | AI27: =IF(クリーチャー!P34="－","0",VLOOKUP(クリーチャー!P34,$J$6:$L$11,3,FALSE()))+IF(クリーチャー!Q34="－","0",VLOOKUP(クリーチャー!Q34,$J$6:$L$11,3,FALSE()))+IF(クリーチャー!R34="－","0",VLOOKUP(クリーチャー!R34,$J$6:$L$11,3,FALSE())) -> 0 | AN27: 発動系統 | AO27: =IF(クリーチャー_2!P34="－","0",VLOOKUP(クリーチャー_2!P34,計算用!$J$6:$L$11,2,FALSE()))+IF(クリーチャー_2!Q34="－","0",VLOOKUP(クリーチャー_2!Q34,計算用!$J$6:$L$11,2,FALSE()))+IF(クリーチャー_2!R34="－","0",VLOOKUP(クリーチャー_2!R34,計算用!$J$6:$L$11,2,FALSE()))+COUNTIF(クリーチャー_2!P34:R34,"防御発動")^2 -> 0 | AP27: =IF(クリーチャー_2!P34="－","0",VLOOKUP(クリーチャー_2!P34,$J$6:$L$11,3,FALSE()))+IF(クリーチャー_2!Q34="－","0",VLOOKUP(クリーチャー_2!Q34,$J$6:$L$11,3,FALSE()))+IF(クリーチャー_2!R34="－","0",VLOOKUP(クリーチャー_2!R34,$J$6:$L$11,3,FALSE())) -> 0 | AU27: 発動系統 | AV27: =IF(クリーチャー_3!P34="－","0",VLOOKUP(クリーチャー_3!P34,計算用!$J$6:$L$11,2,FALSE()))+IF(クリーチャー_3!Q34="－","0",VLOOKUP(クリーチャー_3!Q34,計算用!$J$6:$L$11,2,FALSE()))+IF(クリーチャー_3!R34="－","0",VLOOKUP(クリーチャー_3!R34,計算用!$J$6:$L$11,2,FALSE()))+COUNTIF(クリーチャー_3!P34:R34,"防御発動")^2 -> 0 | AW27: =IF(クリーチャー_3!P34="－","0",VLOOKUP(クリーチャー_3!P34,$J$6:$L$11,3,FALSE()))+IF(クリーチャー_3!Q34="－","0",VLOOKUP(クリーチャー_3!Q34,$J$6:$L$11,3,FALSE()))+IF(クリーチャー_3!R34="－","0",VLOOKUP(クリーチャー_3!R34,$J$6:$L$11,3,FALSE())) -> 0
B28: 付加効果 | C28: {=IF(応用技!E34="－","0",VLOOKUP(応用技!E34,$N$6:$R$49,2,FALSE()))+IF(応用技!F34="－","0",VLOOKUP(応用技!F34,N6:$R$49,2,FALSE()))+IF(応用技!G34="－","0",VLOOKUP(応用技!G34,$N$6:$R$49,2,FALSE()))+IF(応用技!E35="－","0",VLOOKUP(応用技!E35,$N$6:$R$49,2,FALSE()))+IF(応用技!F35="－","0",VLOOKUP(応用技!F35,$N$6:$R$49,2,FALSE()))+IF(応用技!G35="－","0",VLOOKUP(応用技!G35,$N$6:$R$49,2,FALSE()))+_xlfn.IFS(F28>=2,1+2*(F28-1),F28=1,1,F28=0,0)+_xlfn.IFS(G28>=2,1+2*(G28-1),G28=1,1,G28=0,0)} -> 0 | D28: =IF(応用技!E34="－","0",VLOOKUP(応用技!E34,$N$6:$R$49,3,FALSE()))+IF(応用技!F34="－","0",VLOOKUP(応用技!F34,$N$6:$R$49,3,FALSE()))+IF(応用技!G34="－","0",VLOOKUP(応用技!G34,$N$6:$R$49,3,FALSE()))+IF(応用技!E35="－","0",VLOOKUP(応用技!E35,$N$6:$R$49,3,FALSE()))+IF(応用技!F35="－","0",VLOOKUP(応用技!F35,$N$6:$R$49,3,FALSE()))+IF(応用技!G35="－","0",VLOOKUP(応用技!G35,$N$6:$R$49,3,FALSE())) -> 0 | E28: =IF(応用技!E34="－","0",VLOOKUP(応用技!E34,$N$6:$R$49,4,FALSE()))+IF(応用技!F34="－","0",VLOOKUP(応用技!F34,$N$6:$R$49,4,FALSE()))+IF(応用技!G34="－","0",VLOOKUP(応用技!G34,$N$6:$R$49,4,FALSE()))+IF(応用技!E35="－","0",VLOOKUP(応用技!E35,$N$6:$R$49,4,FALSE()))+IF(応用技!F35="－","0",VLOOKUP(応用技!F35,$N$6:$R$49,4,FALSE()))+IF(応用技!G35="－","0",VLOOKUP(応用技!G35,$N$6:$R$49,4,FALSE())) -> 0 | F28: =COUNTIFS(応用技!E34:G35,"強化*") -> 0 | G28: =COUNTIFS(応用技!E34:G35,"減衰*") -> 0 | N28: 追加【技】 | O28: 2 | P28: 1 | V28: シンクロニティ | W28: 6 | X28: 2 | Z28: 追加【技】 | AA28: 2 | AB28: 1 | AG28: 付加効果 | AH28: {=IF(クリーチャー!S34="－","0",VLOOKUP(クリーチャー!S34,$N$6:$R$49,2,FALSE()))+IF(クリーチャー!T34="－","0",VLOOKUP(クリーチャー!T34,N6:$R$49,2,FALSE()))+IF(クリーチャー!U34="－","0",VLOOKUP(クリーチャー!U34,$N$6:$R$49,2,FALSE()))+IF(クリーチャー!S35="－","0",VLOOKUP(クリーチャー!S35,$N$6:$R$49,2,FALSE()))+IF(クリーチャー!T35="－","0",VLOOKUP(クリーチャー!T35,$N$6:$R$49,2,FALSE()))+IF(クリーチャー!U35="－","0",VLOOKUP(クリーチャー!U35,$N$6:$R$49,2,FALSE()))+_xlfn.IFS(AK28>=2,1+2*(AK28-1),AK28=1,1,AK28=0,0)+_xlfn.IFS(AL28>=2,1+2*(AL28-1),AL28=1,1,AL28=0,0)} -> 0 | AI28: =IF(クリーチャー!S34="－","0",VLOOKUP(クリーチャー!S34,$N$6:$R$49,3,FALSE()))+IF(クリーチャー!T34="－","0",VLOOKUP(クリーチャー!T34,$N$6:$R$49,3,FALSE()))+IF(クリーチャー!U34="－","0",VLOOKUP(クリーチャー!U34,$N$6:$R$49,3,FALSE()))+IF(クリーチャー!S35="－","0",VLOOKUP(クリーチャー!S35,$N$6:$R$49,3,FALSE()))+IF(クリーチャー!T35="－","0",VLOOKUP(クリーチャー!T35,$N$6:$R$49,3,FALSE()))+IF(クリーチャー!U35="－","0",VLOOKUP(クリーチャー!U35,$N$6:$R$49,3,FALSE())) -> 0 | AJ28: =IF(クリーチャー!S34="－","0",VLOOKUP(クリーチャー!S34,$N$6:$R$49,4,FALSE()))+IF(クリーチャー!T34="－","0",VLOOKUP(クリーチャー!T34,$N$6:$R$49,4,FALSE()))+IF(クリーチャー!U34="－","0",VLOOKUP(クリーチャー!U34,$N$6:$R$49,4,FALSE()))+IF(クリーチャー!S35="－","0",VLOOKUP(クリーチャー!S35,$N$6:$R$49,4,FALSE()))+IF(クリーチャー!T35="－","0",VLOOKUP(クリーチャー!T35,$N$6:$R$49,4,FALSE()))+IF(クリーチャー!U35="－","0",VLOOKUP(クリーチャー!U35,$N$6:$R$49,4,FALSE())) -> 0 | AK28: =COUNTIFS(クリーチャー!S34:U35,"強化*") -> 0 | AL28: =COUNTIFS(クリーチャー!S34:U35,"減衰*") -> 0 | AN28: 付加効果 | AO28: {=IF(クリーチャー_2!S34="－","0",VLOOKUP(クリーチャー_2!S34,$N$6:$R$49,2,FALSE()))+IF(クリーチャー_2!T34="－","0",VLOOKUP(クリーチャー_2!T34,$N$6:$R$49,2,FALSE()))+IF(クリーチャー_2!U34="－","0",VLOOKUP(クリーチャー_2!U34,$N$6:$R$49,2,FALSE()))+IF(クリーチャー_2!S35="－","0",VLOOKUP(クリーチャー_2!S35,$N$6:$R$49,2,FALSE()))+IF(クリーチャー_2!T35="－","0",VLOOKUP(クリーチャー_2!T35,$N$6:$R$49,2,FALSE()))+IF(クリーチャー_2!U35="－","0",VLOOKUP(クリーチャー_2!U35,$N$6:$R$49,2,FALSE()))+_xlfn.IFS(AR28>=2,1+2*(AR28-1),AR28=1,1,AR28=0,0)+_xlfn.IFS(AS28>=2,1+2*(AS28-1),AS28=1,1,AS28=0,0)} -> 0 | AP28: =IF(クリーチャー_2!S34="－","0",VLOOKUP(クリーチャー_2!S34,$N$6:$R$49,3,FALSE()))+IF(クリーチャー_2!T34="－","0",VLOOKUP(クリーチャー_2!T34,$N$6:$R$49,3,FALSE()))+IF(クリーチャー_2!U34="－","0",VLOOKUP(クリーチャー_2!U34,$N$6:$R$49,3,FALSE()))+IF(クリーチャー_2!S35="－","0",VLOOKUP(クリーチャー_2!S35,$N$6:$R$49,3,FALSE()))+IF(クリーチャー_2!T35="－","0",VLOOKUP(クリーチャー_2!T35,$N$6:$R$49,3,FALSE()))+IF(クリーチャー_2!U35="－","0",VLOOKUP(クリーチャー_2!U35,$N$6:$R$49,3,FALSE())) -> 0 | AQ28: =IF(クリーチャー_2!S34="－","0",VLOOKUP(クリーチャー_2!S34,$N$6:$R$49,4,FALSE()))+IF(クリーチャー_2!T34="－","0",VLOOKUP(クリーチャー_2!T34,$N$6:$R$49,4,FALSE()))+IF(クリーチャー_2!U34="－","0",VLOOKUP(クリーチャー_2!U34,$N$6:$R$49,4,FALSE()))+IF(クリーチャー_2!S35="－","0",VLOOKUP(クリーチャー_2!S35,$N$6:$R$49,4,FALSE()))+IF(クリーチャー_2!T35="－","0",VLOOKUP(クリーチャー_2!T35,$N$6:$R$49,4,FALSE()))+IF(クリーチャー_2!U35="－","0",VLOOKUP(クリーチャー_2!U35,$N$6:$R$49,4,FALSE())) -> 0 | AR28: =COUNTIFS(クリーチャー_2!S34:U35,"強化*") -> 0 | AS28: =COUNTIFS(クリーチャー_2!S34:U35,"減衰*") -> 0 | AU28: 付加効果 | AV28: {=IF(クリーチャー_3!S34="－","0",VLOOKUP(クリーチャー_3!S34,$N$6:$R$49,2,FALSE()))+IF(クリーチャー_3!T34="－","0",VLOOKUP(クリーチャー_3!T34,N6:$R$49,2,FALSE()))+IF(クリーチャー_3!U34="－","0",VLOOKUP(クリーチャー_3!U34,$N$6:$R$49,2,FALSE()))+IF(クリーチャー_3!S35="－","0",VLOOKUP(クリーチャー_3!S35,$N$6:$R$49,2,FALSE()))+IF(クリーチャー_3!T35="－","0",VLOOKUP(クリーチャー_3!T35,$N$6:$R$49,2,FALSE()))+IF(クリーチャー_3!U35="－","0",VLOOKUP(クリーチャー_3!U35,$N$6:$R$49,2,FALSE()))+_xlfn.IFS(AY28>=2,1+2*(AY28-1),AY28=1,1,AY28=0,0)+_xlfn.IFS(AZ28>=2,1+2*(AZ28-1),AZ28=1,1,AZ28=0,0)} -> 0 | AW28: =IF(クリーチャー_3!S34="－","0",VLOOKUP(クリーチャー_3!S34,$N$6:$R$49,3,FALSE()))+IF(クリーチャー_3!T34="－","0",VLOOKUP(クリーチャー_3!T34,$N$6:$R$49,3,FALSE()))+IF(クリーチャー_3!U34="－","0",VLOOKUP(クリーチャー_3!U34,$N$6:$R$49,3,FALSE()))+IF(クリーチャー_3!S35="－","0",VLOOKUP(クリーチャー_3!S35,$N$6:$R$49,3,FALSE()))+IF(クリーチャー_3!T35="－","0",VLOOKUP(クリーチャー_3!T35,$N$6:$R$49,3,FALSE()))+IF(クリーチャー_3!U35="－","0",VLOOKUP(クリーチャー_3!U35,$N$6:$R$49,3,FALSE())) -> 0 | AX28: =IF(クリーチャー_3!S34="－","0",VLOOKUP(クリーチャー_3!S34,$N$6:$R$49,4,FALSE()))+IF(クリーチャー_3!T34="－","0",VLOOKUP(クリーチャー_3!T34,$N$6:$R$49,4,FALSE()))+IF(クリーチャー_3!U34="－","0",VLOOKUP(クリーチャー_3!U34,$N$6:$R$49,4,FALSE()))+IF(クリーチャー_3!S35="－","0",VLOOKUP(クリーチャー_3!S35,$N$6:$R$49,4,FALSE()))+IF(クリーチャー_3!T35="－","0",VLOOKUP(クリーチャー_3!T35,$N$6:$R$49,4,FALSE()))+IF(クリーチャー_3!U35="－","0",VLOOKUP(クリーチャー_3!U35,$N$6:$R$49,4,FALSE())) -> 0 | AY28: =COUNTIFS(クリーチャー_3!S34:U35,"強化*") -> 0 | AZ28: =COUNTIFS(クリーチャー_3!S34:U35,"減衰*") -> 0
B29: SE | C29: =IF(応用技!H34="－","0",VLOOKUP(応用技!H34,$J$15:$L$27,2,FALSE()))+IF(応用技!I34="－","0",VLOOKUP(応用技!I34,$J$15:$L$27,2,FALSE()))+IF(応用技!J34="－","0",VLOOKUP(応用技!J34,$J$15:$L$27,2,FALSE()))+IF(応用技!H35="－","0",VLOOKUP(応用技!H35,$J$15:$L$27,2,FALSE()))+IF(応用技!I35="－","0",VLOOKUP(応用技!I35,$J$15:$L$27,2,FALSE()))+IF(応用技!J35="－","0",VLOOKUP(応用技!J35,$J$15:$L$27,2,FALSE())) -> 0 | D29: =IF(応用技!H34="－","0",VLOOKUP(応用技!H34,$J$15:$L$27,3,FALSE()))+IF(応用技!I34="－","0",VLOOKUP(応用技!I34,$J$15:$L$27,3,FALSE()))+IF(応用技!J34="－","0",VLOOKUP(応用技!J34,$J$15:$L$27,3,FALSE()))+IF(応用技!H35="－","0",VLOOKUP(応用技!H35,$J$15:$L$27,3,FALSE()))+IF(応用技!I35="－","0",VLOOKUP(応用技!I35,$J$15:$L$27,3,FALSE()))+IF(応用技!J35="－","0",VLOOKUP(応用技!J35,$J$15:$L$27,3,FALSE())) -> 0 | N29: 追加【解】 | O29: 2 | P29: 1 | Z29: 追加【解】 | AA29: 2 | AB29: 1 | AG29: SE | AH29: =IF(クリーチャー!V34="－","0",VLOOKUP(クリーチャー!V34,$J$15:$L$27,2,FALSE()))+IF(クリーチャー!W34="－","0",VLOOKUP(クリーチャー!W34,$J$15:$L$27,2,FALSE()))+IF(クリーチャー!X34="－","0",VLOOKUP(クリーチャー!X34,$J$15:$L$27,2,FALSE()))+IF(クリーチャー!V35="－","0",VLOOKUP(クリーチャー!V35,$J$15:$L$27,2,FALSE()))+IF(クリーチャー!W35="－","0",VLOOKUP(クリーチャー!W35,$J$15:$L$27,2,FALSE()))+IF(クリーチャー!X35="－","0",VLOOKUP(クリーチャー!X35,$J$15:$L$27,2,FALSE())) -> 0 | AI29: =IF(クリーチャー!V34="－","0",VLOOKUP(クリーチャー!V34,$J$15:$L$27,3,FALSE()))+IF(クリーチャー!W34="－","0",VLOOKUP(クリーチャー!W34,$J$15:$L$27,3,FALSE()))+IF(クリーチャー!X34="－","0",VLOOKUP(クリーチャー!X34,$J$15:$L$27,3,FALSE()))+IF(クリーチャー!V35="－","0",VLOOKUP(クリーチャー!V35,$J$15:$L$27,3,FALSE()))+IF(クリーチャー!W35="－","0",VLOOKUP(クリーチャー!W35,$J$15:$L$27,3,FALSE()))+IF(クリーチャー!X35="－","0",VLOOKUP(クリーチャー!X35,$J$15:$L$27,3,FALSE())) -> 0 | AN29: SE | AO29: =IF(クリーチャー_2!V34="－","0",VLOOKUP(クリーチャー_2!V34,$J$15:$L$27,2,FALSE()))+IF(クリーチャー_2!W34="－","0",VLOOKUP(クリーチャー_2!W34,$J$15:$L$27,2,FALSE()))+IF(クリーチャー_2!X34="－","0",VLOOKUP(クリーチャー_2!X34,$J$15:$L$27,2,FALSE()))+IF(クリーチャー_2!V35="－","0",VLOOKUP(クリーチャー_2!V35,$J$15:$L$27,2,FALSE()))+IF(クリーチャー_2!W35="－","0",VLOOKUP(クリーチャー_2!W35,$J$15:$L$27,2,FALSE()))+IF(クリーチャー_2!X35="－","0",VLOOKUP(クリーチャー_2!X35,$J$15:$L$27,2,FALSE())) -> 0 | AP29: =IF(クリーチャー_2!V34="－","0",VLOOKUP(クリーチャー_2!V34,$J$15:$L$27,3,FALSE()))+IF(クリーチャー_2!W34="－","0",VLOOKUP(クリーチャー_2!W34,$J$15:$L$27,3,FALSE()))+IF(クリーチャー_2!X34="－","0",VLOOKUP(クリーチャー_2!X34,$J$15:$L$27,3,FALSE()))+IF(クリーチャー_2!V35="－","0",VLOOKUP(クリーチャー_2!V35,$J$15:$L$27,3,FALSE()))+IF(クリーチャー_2!W35="－","0",VLOOKUP(クリーチャー_2!W35,$J$15:$L$27,3,FALSE()))+IF(クリーチャー_2!X35="－","0",VLOOKUP(クリーチャー_2!X35,$J$15:$L$27,3,FALSE())) -> 0 | AU29: SE | AV29: =IF(クリーチャー_3!V34="－","0",VLOOKUP(クリーチャー_3!V34,$J$15:$L$27,2,FALSE()))+IF(クリーチャー_3!W34="－","0",VLOOKUP(クリーチャー_3!W34,$J$15:$L$27,2,FALSE()))+IF(クリーチャー_3!X34="－","0",VLOOKUP(クリーチャー_3!X34,$J$15:$L$27,2,FALSE()))+IF(クリーチャー_3!V35="－","0",VLOOKUP(クリーチャー_3!V35,$J$15:$L$27,2,FALSE()))+IF(クリーチャー_3!W35="－","0",VLOOKUP(クリーチャー_3!W35,$J$15:$L$27,2,FALSE()))+IF(クリーチャー_3!X35="－","0",VLOOKUP(クリーチャー_3!X35,$J$15:$L$27,2,FALSE())) -> 0 | AW29: =IF(クリーチャー_3!V34="－","0",VLOOKUP(クリーチャー_3!V34,$J$15:$L$27,3,FALSE()))+IF(クリーチャー_3!W34="－","0",VLOOKUP(クリーチャー_3!W34,$J$15:$L$27,3,FALSE()))+IF(クリーチャー_3!X34="－","0",VLOOKUP(クリーチャー_3!X34,$J$15:$L$27,3,FALSE()))+IF(クリーチャー_3!V35="－","0",VLOOKUP(クリーチャー_3!V35,$J$15:$L$27,3,FALSE()))+IF(クリーチャー_3!W35="－","0",VLOOKUP(クリーチャー_3!W35,$J$15:$L$27,3,FALSE()))+IF(クリーチャー_3!X35="－","0",VLOOKUP(クリーチャー_3!X35,$J$15:$L$27,3,FALSE())) -> 0
B30: 合計 | C30: {=_xlfn.IFS(COUNTIF(応用技!E34:G35,"創造")>=1,SUM(C27:C29)+1&"～"&SUM(C27:C29)+10,COUNTIF(応用技!E34:G35,"限定*")>=1,"※",COUNTIF(応用技!E34:G35,"影響無効")>=1,"※",TRUE(),SUM(C27:C29))} -> 0 | D30: =SUM(D27:D29) -> 0 | E30: =SUM(E27:E29) -> 0 | N30: 混乱 | O30: 2 | P30: 1 | Z30: 混乱 | AA30: 2 | AB30: 1 | AG30: 合計 | AH30: {=_xlfn.IFS(COUNTIF(クリーチャー!S34:U35,"創造")>=1,SUM(AH27:AH29)+1&"～"&SUM(AH27:AH29)+10,COUNTIF(クリーチャー!S34:U35,"限定*")>=1,"※",COUNTIF(クリーチャー!S34:U35,"影響無効")>=1,"※",TRUE(),SUM(AH27:AH29))} -> 0 | AI30: =SUM(AI27:AI29) -> 0 | AJ30: =SUM(AJ27:AJ29) -> 0 | AN30: 合計 | AO30: {=_xlfn.IFS(COUNTIF(クリーチャー_2!S34:U35,"創造")>=1,SUM(AO27:AO29)+1&"～"&SUM(AO27:AO29)+10,COUNTIF(クリーチャー_2!S34:U35,"限定*")>=1,"※",COUNTIF(クリーチャー_2!S34:U35,"影響無効")>=1,"※",TRUE(),SUM(AO27:AO29))} -> 0 | AP30: =SUM(AP27:AP29) -> 0 | AQ30: =SUM(S27:S29) -> 0 | AU30: 合計 | AV30: {=_xlfn.IFS(COUNTIF(クリーチャー_3!S34:U35,"創造")>=1,SUM(AV27:AV29)+1&"～"&SUM(AV27:AV29)+10,COUNTIF(クリーチャー_3!S34:U35,"限定*")>=1,"※",COUNTIF(クリーチャー_3!S34:U35,"影響無効")>=1,"※",TRUE(),SUM(AV27:AV29))} -> 0 | AW30: =SUM(AW27:AW29) -> 0 | AX30: =SUM(AX27:AX29) -> 0
N31: 複製 | O31: 3 | P31: 1 | Z31: 複製 | AA31: 3 | AB31: 1
B32: 技3（蟹） | C32: 消費 | D32: スペック | E32: 圧迫 | F32: 強化変数 | G32: 減衰変数 | N32: 制止 | O32: 3 | P32: 1 | Z32: 制止 | AA32: 3 | AB32: 1 | AG32: 技3（蟹） | AH32: 消費 | AI32: スペック | AJ32: 圧迫 | AK32: 強化変数 | AL32: 減衰変数 | AN32: 技3（蟹） | AO32: 消費 | AP32: スペック | AQ32: 圧迫 | AR32: 強化変数 | AS32: 減衰変数 | AU32: 技3（蟹） | AV32: 消費 | AW32: スペック | AX32: 圧迫 | AY32: 強化変数 | AZ32: 減衰変数
B33: 発動系統 | C33: =IF(応用技!B34="－","0",VLOOKUP(応用技!B34,計算用!$V$6:$X$11,2,FALSE()))+IF(応用技!C34="－","0",VLOOKUP(応用技!C34,計算用!$V$6:$X$11,2,FALSE()))+IF(応用技!D34="－","0",VLOOKUP(応用技!D34,計算用!$V$6:$X$11,2,FALSE()))+COUNTIF(応用技!B34:D34,"防御発動")^2 -> 0 | D33: =IF(応用技!B34="－","0",VLOOKUP(応用技!B34,$J$6:$L$11,3,FALSE()))+IF(応用技!C34="－","0",VLOOKUP(応用技!C34,$J$6:$L$11,3,FALSE()))+IF(応用技!D34="－","0",VLOOKUP(応用技!D34,$J$6:$L$11,3,FALSE())) -> 0 | N33: 継続 | O33: 3 | P33: 1 | Z33: 継続 | AA33: 3 | AB33: 1 | AG33: 発動系統 | AH33: =IF(クリーチャー!P34="－","0",VLOOKUP(クリーチャー!P34,計算用!$V$6:$X$11,2,FALSE()))+IF(クリーチャー!Q34="－","0",VLOOKUP(クリーチャー!Q34,計算用!$V$6:$X$11,2,FALSE()))+IF(クリーチャー!R34="－","0",VLOOKUP(クリーチャー!R34,計算用!$V$6:$X$11,2,FALSE()))+COUNTIF(クリーチャー!P34:R34,"防御発動")^2 -> 0 | AI33: =IF(クリーチャー!P34="－","0",VLOOKUP(クリーチャー!P34,$J$6:$L$11,3,FALSE()))+IF(クリーチャー!Q34="－","0",VLOOKUP(クリーチャー!Q34,$J$6:$L$11,3,FALSE()))+IF(クリーチャー!R34="－","0",VLOOKUP(クリーチャー!R34,$J$6:$L$11,3,FALSE())) -> 0 | AN33: 発動系統 | AO33: =IF(クリーチャー_2!P34="－","0",VLOOKUP(クリーチャー_2!P34,計算用!$V$6:$X$11,2,FALSE()))+IF(クリーチャー_2!Q34="－","0",VLOOKUP(クリーチャー_2!Q34,計算用!$V$6:$X$11,2,FALSE()))+IF(クリーチャー_2!R34="－","0",VLOOKUP(クリーチャー_2!R34,計算用!$V$6:$X$11,2,FALSE()))+COUNTIF(クリーチャー_2!P34:R34,"防御発動")^2 -> 0 | AP33: =IF(クリーチャー_2!P34="－","0",VLOOKUP(クリーチャー_2!P34,$J$6:$L$11,3,FALSE()))+IF(クリーチャー_2!Q34="－","0",VLOOKUP(クリーチャー_2!Q34,$J$6:$L$11,3,FALSE()))+IF(クリーチャー_2!R34="－","0",VLOOKUP(クリーチャー_2!R34,$J$6:$L$11,3,FALSE())) -> 0 | AU33: 発動系統 | AV33: =IF(クリーチャー_3!P34="－","0",VLOOKUP(クリーチャー_3!P34,計算用!$V$6:$X$11,2,FALSE()))+IF(クリーチャー_3!Q34="－","0",VLOOKUP(クリーチャー_3!Q34,計算用!$V$6:$X$11,2,FALSE()))+IF(クリーチャー_3!R34="－","0",VLOOKUP(クリーチャー_3!R34,計算用!$V$6:$X$11,2,FALSE()))+COUNTIF(クリーチャー_3!P34:R34,"防御発動")^2 -> 0 | AW33: =IF(クリーチャー_3!P34="－","0",VLOOKUP(クリーチャー_3!P34,$J$6:$L$11,3,FALSE()))+IF(クリーチャー_3!Q34="－","0",VLOOKUP(クリーチャー_3!Q34,$J$6:$L$11,3,FALSE()))+IF(クリーチャー_3!R34="－","0",VLOOKUP(クリーチャー_3!R34,$J$6:$L$11,3,FALSE())) -> 0
B34: 付加効果 | C34: {=IF(応用技!E34="－","0",VLOOKUP(応用技!E34,$Z$6:$AD$57,2,FALSE()))+IF(応用技!F34="－","0",VLOOKUP(応用技!F34,Z6:$AD$57,2,FALSE()))+IF(応用技!G34="－","0",VLOOKUP(応用技!G34,$Z$6:$AD$57,2,FALSE()))+IF(応用技!E35="－","0",VLOOKUP(応用技!E35,$Z$6:$AD$57,2,FALSE()))+IF(応用技!F35="－","0",VLOOKUP(応用技!F35,$Z$6:$AD$57,2,FALSE()))+IF(応用技!G35="－","0",VLOOKUP(応用技!G35,$Z$6:$AD$57,2,FALSE()))+_xlfn.IFS(F34>=2,1+2*(F34-1),F34=1,1,F34=0,0)+_xlfn.IFS(G34>=2,1+2*(G34-1),G34=1,1,G34=0,0)} -> 0 | D34: =IF(応用技!E34="－","0",VLOOKUP(応用技!E34,$Z$6:$AD$57,3,FALSE()))+IF(応用技!F34="－","0",VLOOKUP(応用技!F34,$Z$6:$AD$57,3,FALSE()))+IF(応用技!G34="－","0",VLOOKUP(応用技!G34,$Z$6:$AD$57,3,FALSE()))+IF(応用技!E35="－","0",VLOOKUP(応用技!E35,$Z$6:$AD$57,3,FALSE()))+IF(応用技!F35="－","0",VLOOKUP(応用技!F35,$Z$6:$AD$57,3,FALSE()))+IF(応用技!G35="－","0",VLOOKUP(応用技!G35,$Z$6:$AD$57,3,FALSE())) -> 0 | E34: =IF(応用技!E34="－","0",VLOOKUP(応用技!E34,$Z$6:$AD$57,4,FALSE())) +IF(応用技!F34="－","0",VLOOKUP(応用技!F34,$Z$6:$AD$57,4,FALSE())) +IF(応用技!G34="－","0",VLOOKUP(応用技!G34,$Z$6:$AD$57,4,FALSE())) +IF(応用技!E35="－","0",VLOOKUP(応用技!E35,$Z$6:$AD$57,4,FALSE())) +IF(応用技!F35="－","0",VLOOKUP(応用技!F35,$Z$6:$AD$57,4,FALSE())) +IF(応用技!G35="－","0",VLOOKUP(応用技!G35,$Z$6:$AD$57,4,FALSE())) -> 0 | F34: =COUNTIFS(応用技!E34:G35,"強化*") -> 0 | G34: =COUNTIFS(応用技!E34:G35,"減衰*") -> 0 | N34: 操作 | O34: 3 | P34: 2 | Z34: 操作 | AA34: 3 | AB34: 2 | AG34: 付加効果 | AH34: {=IF(クリーチャー!S34="－","0",VLOOKUP(クリーチャー!S34,$Z$6:$AD$57,2,FALSE()))+IF(クリーチャー!T34="－","0",VLOOKUP(クリーチャー!T34,Z6:$AD$57,2,FALSE()))+IF(クリーチャー!U34="－","0",VLOOKUP(クリーチャー!U34,$Z$6:$AD$57,2,FALSE()))+IF(クリーチャー!S35="－","0",VLOOKUP(クリーチャー!S35,$Z$6:$AD$57,2,FALSE()))+IF(クリーチャー!T35="－","0",VLOOKUP(クリーチャー!T35,$Z$6:$AD$57,2,FALSE()))+IF(クリーチャー!U35="－","0",VLOOKUP(クリーチャー!U35,$Z$6:$AD$57,2,FALSE()))+_xlfn.IFS(AK34>=2,1+2*(AK34-1),AK34=1,1,AK34=0,0)+_xlfn.IFS(AL34>=2,1+2*(AL34-1),AL34=1,1,AL34=0,0)} -> 0 | AI34: =IF(クリーチャー!S34="－","0",VLOOKUP(クリーチャー!S34,$Z$6:$AD$57,3,FALSE()))+IF(クリーチャー!T34="－","0",VLOOKUP(クリーチャー!T34,$Z$6:$AD$57,3,FALSE()))+IF(クリーチャー!U34="－","0",VLOOKUP(クリーチャー!U34,$Z$6:$AD$57,3,FALSE()))+IF(クリーチャー!S35="－","0",VLOOKUP(クリーチャー!S35,$Z$6:$AD$57,3,FALSE()))+IF(クリーチャー!T35="－","0",VLOOKUP(クリーチャー!T35,$Z$6:$AD$57,3,FALSE()))+IF(クリーチャー!U35="－","0",VLOOKUP(クリーチャー!U35,$Z$6:$AD$57,3,FALSE())) -> 0 | AJ34: =IF(クリーチャー!S34="－","0",VLOOKUP(クリーチャー!S34,$Z$6:$AD$57,4,FALSE()))+IF(クリーチャー!T34="－","0",VLOOKUP(クリーチャー!T34,$Z$6:$AD$57,4,FALSE()))+IF(クリーチャー!U34="－","0",VLOOKUP(クリーチャー!U34,$Z$6:$AD$57,4,FALSE()))+IF(クリーチャー!S35="－","0",VLOOKUP(クリーチャー!S35,$Z$6:$AD$57,4,FALSE()))+IF(クリーチャー!T35="－","0",VLOOKUP(クリーチャー!T35,$Z$6:$AD$57,4,FALSE()))+IF(クリーチャー!U35="－","0",VLOOKUP(クリーチャー!U35,$Z$6:$AD$57,4,FALSE())) -> 0 | AK34: =COUNTIFS(クリーチャー!S34:U35,"強化*") -> 0 | AL34: =COUNTIFS(クリーチャー!S34:U35,"減衰*") -> 0 | AN34: 付加効果 | AO34: {=IF(クリーチャー_2!S34="－","0",VLOOKUP(クリーチャー_2!S34,$Z$6:$AD$57,2,FALSE()))+IF(クリーチャー_2!T34="－","0",VLOOKUP(クリーチャー_2!T34,Z6:$AD$57,2,FALSE()))+IF(クリーチャー_2!U34="－","0",VLOOKUP(クリーチャー_2!U34,$Z$6:$AD$57,2,FALSE()))+IF(クリーチャー_2!S35="－","0",VLOOKUP(クリーチャー_2!S35,$Z$6:$AD$57,2,FALSE()))+IF(クリーチャー_2!T35="－","0",VLOOKUP(クリーチャー_2!T35,$Z$6:$AD$57,2,FALSE()))+IF(クリーチャー_2!U35="－","0",VLOOKUP(クリーチャー_2!U35,$Z$6:$AD$57,2,FALSE()))+_xlfn.IFS(AR34>=2,1+2*(AR34-1),AR34=1,1,AR34=0,0)+_xlfn.IFS(AS34>=2,1+2*(AS34-1),AS34=1,1,AS34=0,0)} -> 0 | AP34: =IF(クリーチャー_2!S34="－","0",VLOOKUP(クリーチャー_2!S34,$Z$6:$AD$57,3,FALSE()))+IF(クリーチャー_2!T34="－","0",VLOOKUP(クリーチャー_2!T34,$Z$6:$AD$57,3,FALSE()))+IF(クリーチャー_2!U34="－","0",VLOOKUP(クリーチャー_2!U34,$Z$6:$AD$57,3,FALSE()))+IF(クリーチャー_2!S35="－","0",VLOOKUP(クリーチャー_2!S35,$Z$6:$AD$57,3,FALSE()))+IF(クリーチャー_2!T35="－","0",VLOOKUP(クリーチャー_2!T35,$Z$6:$AD$57,3,FALSE()))+IF(クリーチャー_2!U35="－","0",VLOOKUP(クリーチャー_2!U35,$Z$6:$AD$57,3,FALSE())) -> 0 | AQ34: =IF(クリーチャー_2!S34="－","0",VLOOKUP(クリーチャー_2!S34,$Z$6:$AD$57,4,FALSE()))+IF(クリーチャー_2!T34="－","0",VLOOKUP(クリーチャー_2!T34,$Z$6:$AD$57,4,FALSE()))+IF(クリーチャー_2!U34="－","0",VLOOKUP(クリーチャー_2!U34,$Z$6:$AD$57,4,FALSE()))+IF(クリーチャー_2!S35="－","0",VLOOKUP(クリーチャー_2!S35,$Z$6:$AD$57,4,FALSE()))+IF(クリーチャー_2!T35="－","0",VLOOKUP(クリーチャー_2!T35,$Z$6:$AD$57,4,FALSE()))+IF(クリーチャー_2!U35="－","0",VLOOKUP(クリーチャー_2!U35,$Z$6:$AD$57,4,FALSE())) -> 0 | AR34: =COUNTIFS(クリーチャー_2!S34:U35,"強化*") -> 0 | AS34: =COUNTIFS(クリーチャー_2!S34:U35,"減衰*") -> 0 | AU34: 付加効果 | AV34: {=IF(クリーチャー_3!S34="－","0",VLOOKUP(クリーチャー_3!S34,$Z$6:$AD$57,2,FALSE()))+IF(クリーチャー_3!T34="－","0",VLOOKUP(クリーチャー_3!T34,Z6:$AD$57,2,FALSE()))+IF(クリーチャー_3!U34="－","0",VLOOKUP(クリーチャー_3!U34,$Z$6:$AD$57,2,FALSE()))+IF(クリーチャー_3!S35="－","0",VLOOKUP(クリーチャー_3!S35,$Z$6:$AD$57,2,FALSE()))+IF(クリーチャー_3!T35="－","0",VLOOKUP(クリーチャー_3!T35,$Z$6:$AD$57,2,FALSE()))+IF(クリーチャー_3!U35="－","0",VLOOKUP(クリーチャー_3!U35,$Z$6:$AD$57,2,FALSE()))+_xlfn.IFS(AY34>=2,1+2*(AY34-1),AY34=1,1,AY34=0,0)+_xlfn.IFS(AZ34>=2,1+2*(AZ34-1),AZ34=1,1,AZ34=0,0)} -> 0 | AW34: =IF(クリーチャー_3!S34="－","0",VLOOKUP(クリーチャー_3!S34,$Z$6:$AD$57,3,FALSE()))+IF(クリーチャー_3!T34="－","0",VLOOKUP(クリーチャー_3!T34,$Z$6:$AD$57,3,FALSE()))+IF(クリーチャー_3!U34="－","0",VLOOKUP(クリーチャー_3!U34,$Z$6:$AD$57,3,FALSE()))+IF(クリーチャー_3!S35="－","0",VLOOKUP(クリーチャー_3!S35,$Z$6:$AD$57,3,FALSE()))+IF(クリーチャー_3!T35="－","0",VLOOKUP(クリーチャー_3!T35,$Z$6:$AD$57,3,FALSE()))+IF(クリーチャー_3!U35="－","0",VLOOKUP(クリーチャー_3!U35,$Z$6:$AD$57,3,FALSE())) -> 0 | AX34: =IF(クリーチャー_3!S34="－","0",VLOOKUP(クリーチャー_3!S34,$Z$6:$AD$57,4,FALSE()))+IF(クリーチャー_3!T34="－","0",VLOOKUP(クリーチャー_3!T34,$Z$6:$AD$57,4,FALSE()))+IF(クリーチャー_3!U34="－","0",VLOOKUP(クリーチャー_3!U34,$Z$6:$AD$57,4,FALSE()))+IF(クリーチャー_3!S35="－","0",VLOOKUP(クリーチャー_3!S35,$Z$6:$AD$57,4,FALSE()))+IF(クリーチャー_3!T35="－","0",VLOOKUP(クリーチャー_3!T35,$Z$6:$AD$57,4,FALSE()))+IF(クリーチャー_3!U35="－","0",VLOOKUP(クリーチャー_3!U35,$Z$6:$AD$57,4,FALSE())) -> 0 | AY34: =COUNTIFS(クリーチャー_3!S34:U35,"強化*") -> 0 | AZ34: =COUNTIFS(クリーチャー_3!S34:U35,"減衰*") -> 0
B35: SE | C35: =IF(応用技!H34="－","0",VLOOKUP(応用技!H34,$V$15:$X$28,2,FALSE()))+IF(応用技!I34="－","0",VLOOKUP(応用技!I34,$V$15:$X$28,2,FALSE()))+IF(応用技!J34="－","0",VLOOKUP(応用技!J34,$V$15:$X$28,2,FALSE()))+IF(応用技!H35="－","0",VLOOKUP(応用技!H35,$V$15:$X$28,2,FALSE()))+IF(応用技!I35="－","0",VLOOKUP(応用技!I35,$V$15:$X$28,2,FALSE()))+IF(応用技!J35="－","0",VLOOKUP(応用技!J35,$V$15:$X$28,2,FALSE())) -> 0 | D35: =IF(応用技!H34="－","0",VLOOKUP(応用技!H34,$V$15:$X$28,3,FALSE()))+IF(応用技!I34="－","0",VLOOKUP(応用技!I34,$V$15:$X$28,3,FALSE()))+IF(応用技!J34="－","0",VLOOKUP(応用技!J34,$V$15:$X$28,3,FALSE()))+IF(応用技!H35="－","0",VLOOKUP(応用技!H35,$V$15:$X$28,3,FALSE()))+IF(応用技!I35="－","0",VLOOKUP(応用技!I35,$V$15:$X$28,3,FALSE()))+IF(応用技!J35="－","0",VLOOKUP(応用技!J35,$V$15:$X$28,3,FALSE())) -> 0 | N35: 創造 | O35: 0 | P35: 1 | R35: 創造系 | Z35: 創造 | AA35: 0 | AB35: 1 | AD35: 創造系 | AG35: SE | AH35: =IF(クリーチャー!V34="－","0",VLOOKUP(クリーチャー!V34,$V$15:$X$28,2,FALSE()))+IF(クリーチャー!W34="－","0",VLOOKUP(クリーチャー!W34,$V$15:$X$28,2,FALSE()))+IF(クリーチャー!X34="－","0",VLOOKUP(クリーチャー!X34,$V$15:$X$28,2,FALSE()))+IF(クリーチャー!V35="－","0",VLOOKUP(クリーチャー!V35,$V$15:$X$28,2,FALSE()))+IF(クリーチャー!W35="－","0",VLOOKUP(クリーチャー!W35,$V$15:$X$28,2,FALSE()))+IF(クリーチャー!X35="－","0",VLOOKUP(クリーチャー!X35,$V$15:$X$28,2,FALSE())) -> 0 | AI35: =IF(クリーチャー!V34="－","0",VLOOKUP(クリーチャー!V34,$V$15:$X$28,3,FALSE()))+IF(クリーチャー!W34="－","0",VLOOKUP(クリーチャー!W34,$V$15:$X$28,3,FALSE()))+IF(クリーチャー!X34="－","0",VLOOKUP(クリーチャー!X34,$V$15:$X$28,3,FALSE()))+IF(クリーチャー!V35="－","0",VLOOKUP(クリーチャー!V35,$V$15:$X$28,3,FALSE()))+IF(クリーチャー!W35="－","0",VLOOKUP(クリーチャー!W35,$V$15:$X$28,3,FALSE()))+IF(クリーチャー!X35="－","0",VLOOKUP(クリーチャー!X35,$V$15:$X$28,3,FALSE())) -> 0 | AN35: SE | AO35: =IF(クリーチャー_2!V34="－","0",VLOOKUP(クリーチャー_2!V34,$V$15:$X$28,2,FALSE()))+IF(クリーチャー_2!W34="－","0",VLOOKUP(クリーチャー_2!W34,$V$15:$X$28,2,FALSE()))+IF(クリーチャー_2!X34="－","0",VLOOKUP(クリーチャー_2!X34,$V$15:$X$28,2,FALSE()))+IF(クリーチャー_2!V35="－","0",VLOOKUP(クリーチャー_2!V35,$V$15:$X$28,2,FALSE()))+IF(クリーチャー_2!W35="－","0",VLOOKUP(クリーチャー_2!W35,$V$15:$X$28,2,FALSE()))+IF(クリーチャー_2!X35="－","0",VLOOKUP(クリーチャー_2!X35,$V$15:$X$28,2,FALSE())) -> 0 | AP35: =IF(クリーチャー_2!V34="－","0",VLOOKUP(クリーチャー_2!V34,$V$15:$X$28,3,FALSE()))+IF(クリーチャー_2!W34="－","0",VLOOKUP(クリーチャー_2!W34,$V$15:$X$28,3,FALSE()))+IF(クリーチャー_2!X34="－","0",VLOOKUP(クリーチャー_2!X34,$V$15:$X$28,3,FALSE()))+IF(クリーチャー_2!V35="－","0",VLOOKUP(クリーチャー_2!V35,$V$15:$X$28,3,FALSE()))+IF(クリーチャー_2!W35="－","0",VLOOKUP(クリーチャー_2!W35,$V$15:$X$28,3,FALSE()))+IF(クリーチャー_2!X35="－","0",VLOOKUP(クリーチャー_2!X35,$V$15:$X$28,3,FALSE())) -> 0 | AU35: SE | AV35: =IF(クリーチャー_3!V34="－","0",VLOOKUP(クリーチャー_3!V34,$V$15:$X$28,2,FALSE()))+IF(クリーチャー_3!W34="－","0",VLOOKUP(クリーチャー_3!W34,$V$15:$X$28,2,FALSE()))+IF(クリーチャー_3!X34="－","0",VLOOKUP(クリーチャー_3!X34,$V$15:$X$28,2,FALSE()))+IF(クリーチャー_3!V35="－","0",VLOOKUP(クリーチャー_3!V35,$V$15:$X$28,2,FALSE()))+IF(クリーチャー_3!W35="－","0",VLOOKUP(クリーチャー_3!W35,$V$15:$X$28,2,FALSE()))+IF(クリーチャー_3!X35="－","0",VLOOKUP(クリーチャー_3!X35,$V$15:$X$28,2,FALSE())) -> 0 | AW35: =IF(クリーチャー_3!V34="－","0",VLOOKUP(クリーチャー_3!V34,$V$15:$X$28,3,FALSE()))+IF(クリーチャー_3!W34="－","0",VLOOKUP(クリーチャー_3!W34,$V$15:$X$28,3,FALSE()))+IF(クリーチャー_3!X34="－","0",VLOOKUP(クリーチャー_3!X34,$V$15:$X$28,3,FALSE()))+IF(クリーチャー_3!V35="－","0",VLOOKUP(クリーチャー_3!V35,$V$15:$X$28,3,FALSE()))+IF(クリーチャー_3!W35="－","0",VLOOKUP(クリーチャー_3!W35,$V$15:$X$28,3,FALSE()))+IF(クリーチャー_3!X35="－","0",VLOOKUP(クリーチャー_3!X35,$V$15:$X$28,3,FALSE())) -> 0
B36: 合計 | C36: {=_xlfn.IFS(COUNTIF(応用技!E34:G35,"創造")>=1,SUM(C33:C35)+1&"～"&SUM(C33:C35)+10,COUNTIF(応用技!E34:G35,"限定*")>=1,"※",COUNTIF(応用技!E34:G35,"影響無効")>=1,"※",TRUE(),SUM(C33:C35))} -> 0 | D36: =SUM(D33:D35) -> 0 | E36: =SUM(E33:E35) -> 0 | N36: 性質【威力】 | O36: 0 | P36: 0 | Q36: 1 | Z36: 性質【増強】 | AA36: 0 | AB36: 0 | AC36: 1 | AG36: 合計 | AH36: {=_xlfn.IFS(COUNTIF(クリーチャー!S34:U35,"創造")>=1,SUM(AH33:AH35)+1&"～"&SUM(AH33:AH35)+10,COUNTIF(クリーチャー!S34:U35,"限定*")>=1,"※",COUNTIF(クリーチャー!S34:U35,"影響無効")>=1,"※",TRUE(),SUM(AH33:AH35))} -> 0 | AI36: =SUM(AI33:AI35) -> 0 | AJ36: =SUM(AJ33:AJ35) -> 0 | AN36: 合計 | AO36: {=_xlfn.IFS(COUNTIF(クリーチャー_2!S34:U35,"創造")>=1,SUM(AO33:AO35)+1&"～"&SUM(AO33:AO35)+10,COUNTIF(クリーチャー_2!S34:U35,"限定*")>=1,"※",COUNTIF(クリーチャー_2!S34:U35,"影響無効")>=1,"※",TRUE(),SUM(AO33:AO35))} -> 0 | AP36: =SUM(AP33:AP35) -> 0 | AQ36: =SUM(AQ33:AQ35) -> 0 | AU36: 合計 | AV36: {=_xlfn.IFS(COUNTIF(クリーチャー_3!S34:U35,"創造")>=1,SUM(AV33:AV35)+1&"～"&SUM(AV33:AV35)+10,COUNTIF(クリーチャー_3!S34:U35,"限定*")>=1,"※",COUNTIF(クリーチャー_3!S34:U35,"影響無効")>=1,"※",TRUE(),SUM(AV33:AV35))} -> 0 | AW36: =SUM(AW33:AW35) -> 0 | AX36: =SUM(AX33:AX35) -> 0
N37: 性質【反応】 | O37: 0 | P37: 0 | Q37: 1 | Z37: 性質【反応】 | AA37: 0 | AB37: 0 | AC37: 1
B38: 技4 | C38: 消費 | D38: スペック | E38: 圧迫 | F38: 強化変数 | G38: 減衰変数 | N38: 性質【耐性】 | O38: 0 | P38: 0 | Q38: 1 | Z38: - | AA38: 0 | AB38: 0 | AC38: 1 | AG38: 技4 | AH38: 消費 | AI38: スペック | AJ38: 圧迫 | AK38: 強化変数 | AL38: 減衰変数 | AN38: 技4 | AO38: 消費 | AP38: スペック | AQ38: 圧迫 | AR38: 強化変数 | AS38: 減衰変数 | AU38: 技4 | AV38: 消費 | AW38: スペック | AX38: 圧迫 | AY38: 強化変数 | AZ38: 減衰変数
B39: 発動系統 | C39: =IF(応用技!B45="－","0",VLOOKUP(応用技!B45,計算用!$J$6:$L$11,2,FALSE()))+IF(応用技!C45="－","0",VLOOKUP(応用技!C45,計算用!$J$6:$L$11,2,FALSE()))+IF(応用技!D45="－","0",VLOOKUP(応用技!D45,計算用!$J$6:$L$11,2,FALSE()))+COUNTIF(応用技!B45:D45,"防御発動")^2 -> 0 | D39: =IF(応用技!B45="－","0",VLOOKUP(応用技!B45,$J$6:$L$11,3,FALSE()))+IF(応用技!C45="－","0",VLOOKUP(応用技!C45,$J$6:$L$11,3,FALSE()))+IF(応用技!D45="－","0",VLOOKUP(応用技!D45,$J$6:$L$11,3,FALSE())) -> 0 | N39: 性質【感覚】 | O39: 0 | P39: 0 | Q39: 1 | Z39: 性質【感覚】 | AA39: 0 | AB39: 0 | AC39: 1 | AG39: 発動系統 | AH39: =IF(クリーチャー!P45="－","0",VLOOKUP(クリーチャー!P45,計算用!$J$6:$L$11,2,FALSE()))+IF(クリーチャー!Q45="－","0",VLOOKUP(クリーチャー!Q45,計算用!$J$6:$L$11,2,FALSE()))+IF(クリーチャー!R45="－","0",VLOOKUP(クリーチャー!R45,計算用!$J$6:$L$11,2,FALSE()))+COUNTIF(クリーチャー!P45:R45,"防御発動")^2 -> 0 | AI39: =IF(クリーチャー!P45="－","0",VLOOKUP(クリーチャー!P45,$J$6:$L$11,3,FALSE()))+IF(クリーチャー!Q45="－","0",VLOOKUP(クリーチャー!Q45,$J$6:$L$11,3,FALSE()))+IF(クリーチャー!R45="－","0",VLOOKUP(クリーチャー!R45,$J$6:$L$11,3,FALSE())) -> 0 | AN39: 発動系統 | AO39: =IF(クリーチャー_2!P45="－","0",VLOOKUP(クリーチャー_2!P45,計算用!$J$6:$L$11,2,FALSE()))+IF(クリーチャー_2!Q45="－","0",VLOOKUP(クリーチャー_2!Q45,計算用!$J$6:$L$11,2,FALSE()))+IF(クリーチャー_2!R45="－","0",VLOOKUP(クリーチャー_2!R45,計算用!$J$6:$L$11,2,FALSE()))+COUNTIF(クリーチャー_2!P45:R45,"防御発動")^2 -> 0 | AP39: =IF(クリーチャー_2!P45="－","0",VLOOKUP(クリーチャー_2!P45,$J$6:$L$11,3,FALSE()))+IF(クリーチャー_2!Q45="－","0",VLOOKUP(クリーチャー_2!Q45,$J$6:$L$11,3,FALSE()))+IF(クリーチャー_2!R45="－","0",VLOOKUP(クリーチャー_2!R45,$J$6:$L$11,3,FALSE())) -> 0 | AU39: 発動系統 | AV39: =IF(クリーチャー_3!P45="－","0",VLOOKUP(クリーチャー_3!P45,計算用!$J$6:$L$11,2,FALSE()))+IF(クリーチャー_3!Q45="－","0",VLOOKUP(クリーチャー_3!Q45,計算用!$J$6:$L$11,2,FALSE()))+IF(クリーチャー_3!R45="－","0",VLOOKUP(クリーチャー_3!R45,計算用!$J$6:$L$11,2,FALSE()))+COUNTIF(クリーチャー_3!P45:R45,"防御発動")^2 -> 0 | AW39: =IF(クリーチャー_3!P45="－","0",VLOOKUP(クリーチャー_3!P45,$J$6:$L$11,3,FALSE()))+IF(クリーチャー_3!Q45="－","0",VLOOKUP(クリーチャー_3!Q45,$J$6:$L$11,3,FALSE()))+IF(クリーチャー_3!R45="－","0",VLOOKUP(クリーチャー_3!R45,$J$6:$L$11,3,FALSE())) -> 0
B40: 付加効果 | C40: {=IF(応用技!E45="－","0",VLOOKUP(応用技!E45,$N$6:$R$49,2,FALSE()))+IF(応用技!F45="－","0",VLOOKUP(応用技!F45,N6:$R$49,2,FALSE()))+IF(応用技!G45="－","0",VLOOKUP(応用技!G45,$N$6:$R$49,2,FALSE()))+IF(応用技!E46="－","0",VLOOKUP(応用技!E46,$N$6:$R$49,2,FALSE()))+IF(応用技!F46="－","0",VLOOKUP(応用技!F46,$N$6:$R$49,2,FALSE()))+IF(応用技!G46="－","0",VLOOKUP(応用技!G46,$N$6:$R$49,2,FALSE()))+_xlfn.IFS(F40>=2,1+2*(F40-1),F40=1,1,F40=0,0)+_xlfn.IFS(G40>=2,1+2*(G40-1),G40=1,1,G40=0,0)} -> 0 | D40: =IF(応用技!E45="－","0",VLOOKUP(応用技!E45,$N$6:$R$49,3,FALSE()))+IF(応用技!F45="－","0",VLOOKUP(応用技!F45,$N$6:$R$49,3,FALSE()))+IF(応用技!G45="－","0",VLOOKUP(応用技!G45,$N$6:$R$49,3,FALSE()))+IF(応用技!E46="－","0",VLOOKUP(応用技!E46,$N$6:$R$49,3,FALSE()))+IF(応用技!F46="－","0",VLOOKUP(応用技!F46,$N$6:$R$49,3,FALSE()))+IF(応用技!G46="－","0",VLOOKUP(応用技!G46,$N$6:$R$49,3,FALSE())) -> 0 | E40: =IF(応用技!E45="－","0",VLOOKUP(応用技!E45,$N$6:$R$49,4,FALSE()))+IF(応用技!F45="－","0",VLOOKUP(応用技!F45,$N$6:$R$49,4,FALSE()))+IF(応用技!G45="－","0",VLOOKUP(応用技!G45,$N$6:$R$49,4,FALSE()))+IF(応用技!E46="－","0",VLOOKUP(応用技!E46,$N$6:$R$49,4,FALSE()))+IF(応用技!F46="－","0",VLOOKUP(応用技!F46,$N$6:$R$49,4,FALSE()))+IF(応用技!G46="－","0",VLOOKUP(応用技!G46,$N$6:$R$49,4,FALSE())) -> 0 | F40: =COUNTIFS(応用技!E45:G46,"強化*") -> 0 | G40: =COUNTIFS(応用技!E45:G46,"減衰*") -> 0 | N40: 性質【幸運】 | O40: 0 | P40: 0 | Q40: 1 | Z40: 性質【幸運】 | AA40: 0 | AB40: 0 | AC40: 1 | AG40: 付加効果 | AH40: {=IF(クリーチャー!S45="－","0",VLOOKUP(クリーチャー!S45,$N$6:$R$49,2,FALSE()))+IF(クリーチャー!T45="－","0",VLOOKUP(クリーチャー!T45,N6:$R$49,2,FALSE()))+IF(クリーチャー!U45="－","0",VLOOKUP(クリーチャー!U45,$N$6:$R$49,2,FALSE()))+IF(クリーチャー!S46="－","0",VLOOKUP(クリーチャー!S46,$N$6:$R$49,2,FALSE()))+IF(クリーチャー!T46="－","0",VLOOKUP(クリーチャー!T46,$N$6:$R$49,2,FALSE()))+IF(クリーチャー!U46="－","0",VLOOKUP(クリーチャー!U46,$N$6:$R$49,2,FALSE()))+_xlfn.IFS(AK40>=2,1+2*(AK40-1),AK40=1,1,AK40=0,0)+_xlfn.IFS(AL40>=2,1+2*(AL40-1),AL40=1,1,AL40=0,0)} -> 0 | AI40: =IF(クリーチャー!S45="－","0",VLOOKUP(クリーチャー!S45,$N$6:$R$49,3,FALSE()))+IF(クリーチャー!T45="－","0",VLOOKUP(クリーチャー!T45,$N$6:$R$49,3,FALSE()))+IF(クリーチャー!U45="－","0",VLOOKUP(クリーチャー!U45,$N$6:$R$49,3,FALSE()))+IF(クリーチャー!S46="－","0",VLOOKUP(クリーチャー!S46,$N$6:$R$49,3,FALSE()))+IF(クリーチャー!T46="－","0",VLOOKUP(クリーチャー!T46,$N$6:$R$49,3,FALSE()))+IF(クリーチャー!U46="－","0",VLOOKUP(クリーチャー!U46,$N$6:$R$49,3,FALSE())) -> 0 | AJ40: =IF(クリーチャー!S45="－","0",VLOOKUP(クリーチャー!S45,$N$6:$R$49,4,FALSE()))+IF(クリーチャー!T45="－","0",VLOOKUP(クリーチャー!T45,$N$6:$R$49,4,FALSE()))+IF(クリーチャー!U45="－","0",VLOOKUP(クリーチャー!U45,$N$6:$R$49,4,FALSE()))+IF(クリーチャー!S46="－","0",VLOOKUP(クリーチャー!S46,$N$6:$R$49,4,FALSE()))+IF(クリーチャー!T46="－","0",VLOOKUP(クリーチャー!T46,$N$6:$R$49,4,FALSE()))+IF(クリーチャー!U46="－","0",VLOOKUP(クリーチャー!U46,$N$6:$R$49,4,FALSE())) -> 0 | AK40: =COUNTIFS(クリーチャー!S45:U46,"強化*") -> 0 | AL40: =COUNTIFS(クリーチャー!S45:U46,"減衰*") -> 0 | AN40: 付加効果 | AO40: {=IF(クリーチャー_2!S45="－","0",VLOOKUP(クリーチャー_2!S45,$N$6:$R$49,2,FALSE()))+IF(クリーチャー_2!T45="－","0",VLOOKUP(クリーチャー_2!T45,$N$6:$R$49,2,FALSE()))+IF(クリーチャー_2!U45="－","0",VLOOKUP(クリーチャー_2!U45,$N$6:$R$49,2,FALSE()))+IF(クリーチャー_2!S46="－","0",VLOOKUP(クリーチャー_2!S46,$N$6:$R$49,2,FALSE()))+IF(クリーチャー_2!T46="－","0",VLOOKUP(クリーチャー_2!T46,$N$6:$R$49,2,FALSE()))+IF(クリーチャー_2!U46="－","0",VLOOKUP(クリーチャー_2!U46,$N$6:$R$49,2,FALSE()))+_xlfn.IFS(AR40>=2,1+2*(AR40-1),AR40=1,1,AR40=0,0)+_xlfn.IFS(AS40>=2,1+2*(AS40-1),AS40=1,1,AS40=0,0)} -> 0 | AP40: =IF(クリーチャー_2!S45="－","0",VLOOKUP(クリーチャー_2!S45,$N$6:$R$49,3,FALSE()))+IF(クリーチャー_2!T45="－","0",VLOOKUP(クリーチャー_2!T45,$N$6:$R$49,3,FALSE()))+IF(クリーチャー_2!U45="－","0",VLOOKUP(クリーチャー_2!U45,$N$6:$R$49,3,FALSE()))+IF(クリーチャー_2!S46="－","0",VLOOKUP(クリーチャー_2!S46,$N$6:$R$49,3,FALSE()))+IF(クリーチャー_2!T46="－","0",VLOOKUP(クリーチャー_2!T46,$N$6:$R$49,3,FALSE()))+IF(クリーチャー_2!U46="－","0",VLOOKUP(クリーチャー_2!U46,$N$6:$R$49,3,FALSE())) -> 0 | AQ40: =IF(クリーチャー_2!S45="－","0",VLOOKUP(クリーチャー_2!S45,$N$6:$R$49,4,FALSE()))+IF(クリーチャー_2!T45="－","0",VLOOKUP(クリーチャー_2!T45,$N$6:$R$49,4,FALSE()))+IF(クリーチャー_2!U45="－","0",VLOOKUP(クリーチャー_2!U45,$N$6:$R$49,4,FALSE()))+IF(クリーチャー_2!S46="－","0",VLOOKUP(クリーチャー_2!S46,$N$6:$R$49,4,FALSE()))+IF(クリーチャー_2!T46="－","0",VLOOKUP(クリーチャー_2!T46,$N$6:$R$49,4,FALSE()))+IF(クリーチャー_2!U46="－","0",VLOOKUP(クリーチャー_2!U46,$N$6:$R$49,4,FALSE())) -> 0 | AR40: =COUNTIFS(クリーチャー_2!S45:U46,"強化*") -> 0 | AS40: =COUNTIFS(クリーチャー_2!S45:U46,"減衰*") -> 0 | AU40: 付加効果 | AV40: {=IF(クリーチャー_3!S45="－","0",VLOOKUP(クリーチャー_3!S45,$N$6:$R$49,2,FALSE()))+IF(クリーチャー_3!T45="－","0",VLOOKUP(クリーチャー_3!T45,N6:$R$49,2,FALSE()))+IF(クリーチャー_3!U45="－","0",VLOOKUP(クリーチャー_3!U45,$N$6:$R$49,2,FALSE()))+IF(クリーチャー_3!S46="－","0",VLOOKUP(クリーチャー_3!S46,$N$6:$R$49,2,FALSE()))+IF(クリーチャー_3!T46="－","0",VLOOKUP(クリーチャー_3!T46,$N$6:$R$49,2,FALSE()))+IF(クリーチャー_3!U46="－","0",VLOOKUP(クリーチャー_3!U46,$N$6:$R$49,2,FALSE()))+_xlfn.IFS(AY40>=2,1+2*(AY40-1),AY40=1,1,AY40=0,0)+_xlfn.IFS(AZ40>=2,1+2*(AZ40-1),AZ40=1,1,AZ40=0,0)} -> 0 | AW40: =IF(クリーチャー_3!S45="－","0",VLOOKUP(クリーチャー_3!S45,$N$6:$R$49,3,FALSE()))+IF(クリーチャー_3!T45="－","0",VLOOKUP(クリーチャー_3!T45,$N$6:$R$49,3,FALSE()))+IF(クリーチャー_3!U45="－","0",VLOOKUP(クリーチャー_3!U45,$N$6:$R$49,3,FALSE()))+IF(クリーチャー_3!S46="－","0",VLOOKUP(クリーチャー_3!S46,$N$6:$R$49,3,FALSE()))+IF(クリーチャー_3!T46="－","0",VLOOKUP(クリーチャー_3!T46,$N$6:$R$49,3,FALSE()))+IF(クリーチャー_3!U46="－","0",VLOOKUP(クリーチャー_3!U46,$N$6:$R$49,3,FALSE())) -> 0 | AX40: =IF(クリーチャー_3!S45="－","0",VLOOKUP(クリーチャー_3!S45,$N$6:$R$49,4,FALSE()))+IF(クリーチャー_3!T45="－","0",VLOOKUP(クリーチャー_3!T45,$N$6:$R$49,4,FALSE()))+IF(クリーチャー_3!U45="－","0",VLOOKUP(クリーチャー_3!U45,$N$6:$R$49,4,FALSE()))+IF(クリーチャー_3!S46="－","0",VLOOKUP(クリーチャー_3!S46,$N$6:$R$49,4,FALSE()))+IF(クリーチャー_3!T46="－","0",VLOOKUP(クリーチャー_3!T46,$N$6:$R$49,4,FALSE()))+IF(クリーチャー_3!U46="－","0",VLOOKUP(クリーチャー_3!U46,$N$6:$R$49,4,FALSE())) -> 0 | AY40: =COUNTIFS(クリーチャー_3!S45:U46,"強化*") -> 0 | AZ40: =COUNTIFS(クリーチャー_3!S45:U46,"減衰*") -> 0
B41: SE | C41: =IF(応用技!H45="－","0",VLOOKUP(応用技!H45,$J$15:$L$27,2,FALSE()))+IF(応用技!I45="－","0",VLOOKUP(応用技!I45,$J$15:$L$27,2,FALSE()))+IF(応用技!J45="－","0",VLOOKUP(応用技!J45,$J$15:$L$27,2,FALSE()))+IF(応用技!H46="－","0",VLOOKUP(応用技!H46,$J$15:$L$27,2,FALSE()))+IF(応用技!I46="－","0",VLOOKUP(応用技!I46,$J$15:$L$27,2,FALSE()))+IF(応用技!J46="－","0",VLOOKUP(応用技!J46,$J$15:$L$27,2,FALSE())) -> 0 | D41: =IF(応用技!H45="－","0",VLOOKUP(応用技!H45,$J$15:$L$27,3,FALSE()))+IF(応用技!I45="－","0",VLOOKUP(応用技!I45,$J$15:$L$27,3,FALSE()))+IF(応用技!J45="－","0",VLOOKUP(応用技!J45,$J$15:$L$27,3,FALSE()))+IF(応用技!H46="－","0",VLOOKUP(応用技!H46,$J$15:$L$27,3,FALSE()))+IF(応用技!I46="－","0",VLOOKUP(応用技!I46,$J$15:$L$27,3,FALSE()))+IF(応用技!J46="－","0",VLOOKUP(応用技!J46,$J$15:$L$27,3,FALSE())) -> 0 | N41: 限定耐性 | O41: 0 | P41: 0 | Q41: 1 | R41: 限定系 | Z41: 限定耐性 | AA41: 0 | AB41: 0 | AC41: 0 | AD41: 限定系 | AG41: SE | AH41: =IF(クリーチャー!V45="－","0",VLOOKUP(クリーチャー!V45,$J$15:$L$27,2,FALSE()))+IF(クリーチャー!W45="－","0",VLOOKUP(クリーチャー!W45,$J$15:$L$27,2,FALSE()))+IF(クリーチャー!X45="－","0",VLOOKUP(クリーチャー!X45,$J$15:$L$27,2,FALSE()))+IF(クリーチャー!V46="－","0",VLOOKUP(クリーチャー!V46,$J$15:$L$27,2,FALSE()))+IF(クリーチャー!W46="－","0",VLOOKUP(クリーチャー!W46,$J$15:$L$27,2,FALSE()))+IF(クリーチャー!X46="－","0",VLOOKUP(クリーチャー!X46,$J$15:$L$27,2,FALSE())) -> 0 | AI41: =IF(クリーチャー!V45="－","0",VLOOKUP(クリーチャー!V45,$J$15:$L$27,3,FALSE()))+IF(クリーチャー!W45="－","0",VLOOKUP(クリーチャー!W45,$J$15:$L$27,3,FALSE()))+IF(クリーチャー!X45="－","0",VLOOKUP(クリーチャー!X45,$J$15:$L$27,3,FALSE()))+IF(クリーチャー!V46="－","0",VLOOKUP(クリーチャー!V46,$J$15:$L$27,3,FALSE()))+IF(クリーチャー!W46="－","0",VLOOKUP(クリーチャー!W46,$J$15:$L$27,3,FALSE()))+IF(クリーチャー!X46="－","0",VLOOKUP(クリーチャー!X46,$J$15:$L$27,3,FALSE())) -> 0 | AN41: SE | AO41: =IF(クリーチャー_2!V45="－","0",VLOOKUP(クリーチャー_2!V45,$J$15:$L$27,2,FALSE()))+IF(クリーチャー_2!W45="－","0",VLOOKUP(クリーチャー_2!W45,$J$15:$L$27,2,FALSE()))+IF(クリーチャー_2!X45="－","0",VLOOKUP(クリーチャー_2!X45,$J$15:$L$27,2,FALSE()))+IF(クリーチャー_2!V46="－","0",VLOOKUP(クリーチャー_2!V46,$J$15:$L$27,2,FALSE()))+IF(クリーチャー_2!W46="－","0",VLOOKUP(クリーチャー_2!W46,$J$15:$L$27,2,FALSE()))+IF(クリーチャー_2!X46="－","0",VLOOKUP(クリーチャー_2!X46,$J$15:$L$27,2,FALSE())) -> 0 | AP41: =IF(クリーチャー_2!V45="－","0",VLOOKUP(クリーチャー_2!V45,$J$15:$L$27,3,FALSE()))+IF(クリーチャー_2!W45="－","0",VLOOKUP(クリーチャー_2!W45,$J$15:$L$27,3,FALSE()))+IF(クリーチャー_2!X45="－","0",VLOOKUP(クリーチャー_2!X45,$J$15:$L$27,3,FALSE()))+IF(クリーチャー_2!V46="－","0",VLOOKUP(クリーチャー_2!V46,$J$15:$L$27,3,FALSE()))+IF(クリーチャー_2!W46="－","0",VLOOKUP(クリーチャー_2!W46,$J$15:$L$27,3,FALSE()))+IF(クリーチャー_2!X46="－","0",VLOOKUP(クリーチャー_2!X46,$J$15:$L$27,3,FALSE())) -> 0 | AU41: SE | AV41: =IF(クリーチャー_3!V45="－","0",VLOOKUP(クリーチャー_3!V45,$J$15:$L$27,2,FALSE()))+IF(クリーチャー_3!W45="－","0",VLOOKUP(クリーチャー_3!W45,$J$15:$L$27,2,FALSE()))+IF(クリーチャー_3!X45="－","0",VLOOKUP(クリーチャー_3!X45,$J$15:$L$27,2,FALSE()))+IF(クリーチャー_3!V46="－","0",VLOOKUP(クリーチャー_3!V46,$J$15:$L$27,2,FALSE()))+IF(クリーチャー_3!W46="－","0",VLOOKUP(クリーチャー_3!W46,$J$15:$L$27,2,FALSE()))+IF(クリーチャー_3!X46="－","0",VLOOKUP(クリーチャー_3!X46,$J$15:$L$27,2,FALSE())) -> 0 | AW41: =IF(クリーチャー_3!V45="－","0",VLOOKUP(クリーチャー_3!V45,$J$15:$L$27,3,FALSE()))+IF(クリーチャー_3!W45="－","0",VLOOKUP(クリーチャー_3!W45,$J$15:$L$27,3,FALSE()))+IF(クリーチャー_3!X45="－","0",VLOOKUP(クリーチャー_3!X45,$J$15:$L$27,3,FALSE()))+IF(クリーチャー_3!V46="－","0",VLOOKUP(クリーチャー_3!V46,$J$15:$L$27,3,FALSE()))+IF(クリーチャー_3!W46="－","0",VLOOKUP(クリーチャー_3!W46,$J$15:$L$27,3,FALSE()))+IF(クリーチャー_3!X46="－","0",VLOOKUP(クリーチャー_3!X46,$J$15:$L$27,3,FALSE())) -> 0
B42: 合計 | C42: {=_xlfn.IFS(COUNTIF(応用技!E45:G46,"創造")>=1,SUM(C39:C41)+1&"～"&SUM(C39:C41)+10,COUNTIF(応用技!E45:G46,"限定*")>=1,"※",COUNTIF(応用技!E45:G46,"影響無効")>=1,"※",TRUE(),SUM(C39:C41))} -> 0 | D42: =SUM(D39:D41) -> 0 | E42: =SUM(E39:E41) -> 0 | N42: 限定無効 | O42: 0 | P42: 0 | Q42: 1 | R42: 限定系 | Z42: 限定無効 | AA42: 0 | AB42: 0 | AC42: 0 | AD42: 限定系 | AG42: 合計 | AH42: {=_xlfn.IFS(COUNTIF(クリーチャー!S45:U46,"創造")>=1,SUM(AH39:AH41)+1&"～"&SUM(AH39:AH41)+10,COUNTIF(クリーチャー!S45:U46,"限定*")>=1,"※",COUNTIF(クリーチャー!S45:U46,"影響無効")>=1,"※",TRUE(),SUM(AH39:AH41))} -> 0 | AI42: =SUM(AI39:AI41) -> 0 | AJ42: =SUM(AJ39:AJ41) -> 0 | AN42: 合計 | AO42: {=_xlfn.IFS(COUNTIF(クリーチャー_2!S45:U46,"創造")>=1,SUM(AO39:AO41)+1&"～"&SUM(AO39:AO41)+10,COUNTIF(クリーチャー_2!S45:U46,"限定*")>=1,"※",COUNTIF(クリーチャー_2!S45:U46,"影響無効")>=1,"※",TRUE(),SUM(AO39:AO41))} -> 0 | AP42: =SUM(AP39:AP41) -> 0 | AQ42: =SUM(AQ39:AQ41) -> 0 | AU42: 合計 | AV42: {=_xlfn.IFS(COUNTIF(クリーチャー_3!S45:U46,"創造")>=1,SUM(AV39:AV41)+1&"～"&SUM(AV39:AV41)+10,COUNTIF(クリーチャー_3!S45:U46,"限定*")>=1,"※",COUNTIF(クリーチャー_3!S45:U46,"影響無効")>=1,"※",TRUE(),SUM(AV39:AV41))} -> 0 | AW42: =SUM(AW39:AW41) -> 0 | AX42: =SUM(AX39:AX41) -> 0
N43: 限定吸収 | O43: 0 | P43: 0 | Q43: 1 | R43: 限定系 | Z43: 限定吸収 | AA43: 0 | AB43: 0 | AC43: 0 | AD43: 限定系
B44: 技4（蟹） | C44: 消費 | D44: スペック | E44: 圧迫 | F44: 強化変数 | G44: 減衰変数 | N44: 貫通無効 | O44: 3 | P44: 1 | Z44: 貫通無効 | AA44: 3 | AB44: 1 | AG44: 技4（蟹） | AH44: 消費 | AI44: スペック | AJ44: 圧迫 | AK44: 強化変数 | AL44: 減衰変数 | AN44: 技4（蟹） | AO44: 消費 | AP44: スペック | AQ44: 圧迫 | AR44: 強化変数 | AS44: 減衰変数 | AU44: 技4（蟹） | AV44: 消費 | AW44: スペック | AX44: 圧迫 | AY44: 強化変数 | AZ44: 減衰変数
B45: 発動系統 | C45: =IF(応用技!B45="－","0",VLOOKUP(応用技!B45,計算用!$V$6:$X$11,2,FALSE()))+IF(応用技!C45="－","0",VLOOKUP(応用技!C45,計算用!$V$6:$X$11,2,FALSE()))+IF(応用技!D45="－","0",VLOOKUP(応用技!D45,計算用!$V$6:$X$11,2,FALSE()))+COUNTIF(応用技!B45:D45,"防御発動")^2 -> 0 | D45: =IF(応用技!B45="－","0",VLOOKUP(応用技!B45,$J$6:$L$11,3,FALSE()))+IF(応用技!C45="－","0",VLOOKUP(応用技!C45,$J$6:$L$11,3,FALSE()))+IF(応用技!D45="－","0",VLOOKUP(応用技!D45,$J$6:$L$11,3,FALSE())) -> 0 | N45: 領域無効 | O45: 3 | P45: 1 | Z45: 領域無効 | AA45: 3 | AB45: 1 | AG45: 発動系統 | AH45: =IF(クリーチャー!P45="－","0",VLOOKUP(クリーチャー!P45,計算用!$V$6:$X$11,2,FALSE()))+IF(クリーチャー!Q45="－","0",VLOOKUP(クリーチャー!Q45,計算用!$V$6:$X$11,2,FALSE()))+IF(クリーチャー!R45="－","0",VLOOKUP(クリーチャー!R45,計算用!$V$6:$X$11,2,FALSE()))+COUNTIF(クリーチャー!P45:R45,"防御発動")^2 -> 0 | AI45: =IF(クリーチャー!P45="－","0",VLOOKUP(クリーチャー!P45,$J$6:$L$11,3,FALSE()))+IF(クリーチャー!Q45="－","0",VLOOKUP(クリーチャー!Q45,$J$6:$L$11,3,FALSE()))+IF(クリーチャー!R45="－","0",VLOOKUP(クリーチャー!R45,$J$6:$L$11,3,FALSE())) -> 0 | AN45: 発動系統 | AO45: =IF(クリーチャー_2!P45="－","0",VLOOKUP(クリーチャー_2!P45,計算用!$V$6:$X$11,2,FALSE()))+IF(クリーチャー_2!Q45="－","0",VLOOKUP(クリーチャー_2!Q45,計算用!$V$6:$X$11,2,FALSE()))+IF(クリーチャー_2!R45="－","0",VLOOKUP(クリーチャー_2!R45,計算用!$V$6:$X$11,2,FALSE()))+COUNTIF(クリーチャー_2!P45:R45,"防御発動")^2 -> 0 | AP45: =IF(クリーチャー_2!P45="－","0",VLOOKUP(クリーチャー_2!P45,$J$6:$L$11,3,FALSE()))+IF(クリーチャー_2!Q45="－","0",VLOOKUP(クリーチャー_2!Q45,$J$6:$L$11,3,FALSE()))+IF(クリーチャー_2!R45="－","0",VLOOKUP(クリーチャー_2!R45,$J$6:$L$11,3,FALSE())) -> 0 | AU45: 発動系統 | AV45: =IF(クリーチャー_3!P45="－","0",VLOOKUP(クリーチャー_3!P45,計算用!$V$6:$X$11,2,FALSE()))+IF(クリーチャー_3!Q45="－","0",VLOOKUP(クリーチャー_3!Q45,計算用!$V$6:$X$11,2,FALSE()))+IF(クリーチャー_3!R45="－","0",VLOOKUP(クリーチャー_3!R45,計算用!$V$6:$X$11,2,FALSE()))+COUNTIF(クリーチャー_3!P45:R45,"防御発動")^2 -> 0 | AW45: =IF(クリーチャー_3!P45="－","0",VLOOKUP(クリーチャー_3!P45,$J$6:$L$11,3,FALSE()))+IF(クリーチャー_3!Q45="－","0",VLOOKUP(クリーチャー_3!Q45,$J$6:$L$11,3,FALSE()))+IF(クリーチャー_3!R45="－","0",VLOOKUP(クリーチャー_3!R45,$J$6:$L$11,3,FALSE())) -> 0
B46: 付加効果 | C46: {=IF(応用技!E45="－","0",VLOOKUP(応用技!E45,$Z$6:$AD$57,2,FALSE()))+IF(応用技!F45="－","0",VLOOKUP(応用技!F45,Z6:$AD$57,2,FALSE()))+IF(応用技!G45="－","0",VLOOKUP(応用技!G45,$Z$6:$AD$57,2,FALSE()))+IF(応用技!E46="－","0",VLOOKUP(応用技!E46,$Z$6:$AD$57,2,FALSE()))+IF(応用技!F46="－","0",VLOOKUP(応用技!F46,$Z$6:$AD$57,2,FALSE()))+IF(応用技!G46="－","0",VLOOKUP(応用技!G46,$Z$6:$AD$57,2,FALSE()))+_xlfn.IFS(F46>=2,1+2*(F46-1),F46=1,1,F46=0,0)+_xlfn.IFS(G46>=2,1+2*(G46-1),G46=1,1,G46=0,0)} -> 0 | D46: =IF(応用技!E45="－","0",VLOOKUP(応用技!E45,$Z$6:$AD$57,3,FALSE()))+IF(応用技!F45="－","0",VLOOKUP(応用技!F45,$Z$6:$AD$57,3,FALSE()))+IF(応用技!G45="－","0",VLOOKUP(応用技!G45,$Z$6:$AD$57,3,FALSE()))+IF(応用技!E46="－","0",VLOOKUP(応用技!E46,$Z$6:$AD$57,3,FALSE()))+IF(応用技!F46="－","0",VLOOKUP(応用技!F46,$Z$6:$AD$57,3,FALSE()))+IF(応用技!G46="－","0",VLOOKUP(応用技!G46,$Z$6:$AD$57,3,FALSE())) -> 0 | E46: =IF(応用技!E45="－","0",VLOOKUP(応用技!E45,$Z$6:$AD$57,4,FALSE())) +IF(応用技!F45="－","0",VLOOKUP(応用技!F45,$Z$6:$AD$57,4,FALSE())) +IF(応用技!G45="－","0",VLOOKUP(応用技!G45,$Z$6:$AD$57,4,FALSE())) +IF(応用技!E46="－","0",VLOOKUP(応用技!E46,$Z$6:$AD$57,4,FALSE())) +IF(応用技!F46="－","0",VLOOKUP(応用技!F46,$Z$6:$AD$57,4,FALSE())) +IF(応用技!G46="－","0",VLOOKUP(応用技!G46,$Z$6:$AD$57,4,FALSE())) -> 0 | F46: =COUNTIFS(応用技!E45:G46,"強化*") -> 0 | G46: =COUNTIFS(応用技!E45:G46,"減衰*") -> 0 | N46: 影響無効 | O46: 0 | P46: 1 | R46: 影響無効 | Z46: 影響無効 | AA46: 0 | AB46: 1 | AD46: 影響無効 | AG46: 付加効果 | AH46: {=IF(クリーチャー!S45="－","0",VLOOKUP(クリーチャー!S45,$Z$6:$AD$57,2,FALSE()))+IF(クリーチャー!T45="－","0",VLOOKUP(クリーチャー!T45,Z6:$AD$57,2,FALSE()))+IF(クリーチャー!U45="－","0",VLOOKUP(クリーチャー!U45,$Z$6:$AD$57,2,FALSE()))+IF(クリーチャー!S46="－","0",VLOOKUP(クリーチャー!S46,$Z$6:$AD$57,2,FALSE()))+IF(クリーチャー!T46="－","0",VLOOKUP(クリーチャー!T46,$Z$6:$AD$57,2,FALSE()))+IF(クリーチャー!U46="－","0",VLOOKUP(クリーチャー!U46,$Z$6:$AD$57,2,FALSE()))+_xlfn.IFS(AK46>=2,1+2*(AK46-1),AK46=1,1,AK46=0,0)+_xlfn.IFS(AL46>=2,1+2*(AL46-1),AL46=1,1,AL46=0,0)} -> 0 | AI46: =IF(クリーチャー!S45="－","0",VLOOKUP(クリーチャー!S45,$Z$6:$AD$57,3,FALSE()))+IF(クリーチャー!T45="－","0",VLOOKUP(クリーチャー!T45,$Z$6:$AD$57,3,FALSE()))+IF(クリーチャー!U45="－","0",VLOOKUP(クリーチャー!U45,$Z$6:$AD$57,3,FALSE()))+IF(クリーチャー!S46="－","0",VLOOKUP(クリーチャー!S46,$Z$6:$AD$57,3,FALSE()))+IF(クリーチャー!T46="－","0",VLOOKUP(クリーチャー!T46,$Z$6:$AD$57,3,FALSE()))+IF(クリーチャー!U46="－","0",VLOOKUP(クリーチャー!U46,$Z$6:$AD$57,3,FALSE())) -> 0 | AJ46: =IF(クリーチャー!S45="－","0",VLOOKUP(クリーチャー!S45,$Z$6:$AD$57,4,FALSE()))+IF(クリーチャー!T45="－","0",VLOOKUP(クリーチャー!T45,$Z$6:$AD$57,4,FALSE()))+IF(クリーチャー!U45="－","0",VLOOKUP(クリーチャー!U45,$Z$6:$AD$57,4,FALSE()))+IF(クリーチャー!S46="－","0",VLOOKUP(クリーチャー!S46,$Z$6:$AD$57,4,FALSE()))+IF(クリーチャー!T46="－","0",VLOOKUP(クリーチャー!T46,$Z$6:$AD$57,4,FALSE()))+IF(クリーチャー!U46="－","0",VLOOKUP(クリーチャー!U46,$Z$6:$AD$57,4,FALSE())) -> 0 | AK46: =COUNTIFS(クリーチャー!S45:U46,"強化*") -> 0 | AL46: =COUNTIFS(クリーチャー!S45:U46,"減衰*") -> 0 | AN46: 付加効果 | AO46: {=IF(クリーチャー_2!S45="－","0",VLOOKUP(クリーチャー_2!S45,$Z$6:$AD$57,2,FALSE()))+IF(クリーチャー_2!T45="－","0",VLOOKUP(クリーチャー_2!T45,Z6:$AD$57,2,FALSE()))+IF(クリーチャー_2!U45="－","0",VLOOKUP(クリーチャー_2!U45,$Z$6:$AD$57,2,FALSE()))+IF(クリーチャー_2!S46="－","0",VLOOKUP(クリーチャー_2!S46,$Z$6:$AD$57,2,FALSE()))+IF(クリーチャー_2!T46="－","0",VLOOKUP(クリーチャー_2!T46,$Z$6:$AD$57,2,FALSE()))+IF(クリーチャー_2!U46="－","0",VLOOKUP(クリーチャー_2!U46,$Z$6:$AD$57,2,FALSE()))+_xlfn.IFS(AR46>=2,1+2*(AR46-1),AR46=1,1,AR46=0,0)+_xlfn.IFS(AS46>=2,1+2*(AS46-1),AS46=1,1,AS46=0,0)} -> 0 | AP46: =IF(クリーチャー_2!S45="－","0",VLOOKUP(クリーチャー_2!S45,$Z$6:$AD$57,3,FALSE()))+IF(クリーチャー_2!T45="－","0",VLOOKUP(クリーチャー_2!T45,$Z$6:$AD$57,3,FALSE()))+IF(クリーチャー_2!U45="－","0",VLOOKUP(クリーチャー_2!U45,$Z$6:$AD$57,3,FALSE()))+IF(クリーチャー_2!S46="－","0",VLOOKUP(クリーチャー_2!S46,$Z$6:$AD$57,3,FALSE()))+IF(クリーチャー_2!T46="－","0",VLOOKUP(クリーチャー_2!T46,$Z$6:$AD$57,3,FALSE()))+IF(クリーチャー_2!U46="－","0",VLOOKUP(クリーチャー_2!U46,$Z$6:$AD$57,3,FALSE())) -> 0 | AQ46: =IF(クリーチャー_2!S45="－","0",VLOOKUP(クリーチャー_2!S45,$Z$6:$AD$57,4,FALSE()))+IF(クリーチャー_2!T45="－","0",VLOOKUP(クリーチャー_2!T45,$Z$6:$AD$57,4,FALSE()))+IF(クリーチャー_2!U45="－","0",VLOOKUP(クリーチャー_2!U45,$Z$6:$AD$57,4,FALSE()))+IF(クリーチャー_2!S46="－","0",VLOOKUP(クリーチャー_2!S46,$Z$6:$AD$57,4,FALSE()))+IF(クリーチャー_2!T46="－","0",VLOOKUP(クリーチャー_2!T46,$Z$6:$AD$57,4,FALSE()))+IF(クリーチャー_2!U46="－","0",VLOOKUP(クリーチャー_2!U46,$Z$6:$AD$57,4,FALSE())) -> 0 | AR46: =COUNTIFS(クリーチャー_2!S45:U46,"強化*") -> 0 | AS46: =COUNTIFS(クリーチャー_2!S45:U46,"減衰*") -> 0 | AU46: 付加効果 | AV46: {=IF(クリーチャー_3!S45="－","0",VLOOKUP(クリーチャー_3!S45,$Z$6:$AD$57,2,FALSE()))+IF(クリーチャー_3!T45="－","0",VLOOKUP(クリーチャー_3!T45,Z6:$AD$57,2,FALSE()))+IF(クリーチャー_3!U45="－","0",VLOOKUP(クリーチャー_3!U45,$Z$6:$AD$57,2,FALSE()))+IF(クリーチャー_3!S46="－","0",VLOOKUP(クリーチャー_3!S46,$Z$6:$AD$57,2,FALSE()))+IF(クリーチャー_3!T46="－","0",VLOOKUP(クリーチャー_3!T46,$Z$6:$AD$57,2,FALSE()))+IF(クリーチャー_3!U46="－","0",VLOOKUP(クリーチャー_3!U46,$Z$6:$AD$57,2,FALSE()))+_xlfn.IFS(AY46>=2,1+2*(AY46-1),AY46=1,1,AY46=0,0)+_xlfn.IFS(AZ46>=2,1+2*(AZ46-1),AZ46=1,1,AZ46=0,0)} -> 0 | AW46: =IF(クリーチャー_3!S45="－","0",VLOOKUP(クリーチャー_3!S45,$Z$6:$AD$57,3,FALSE()))+IF(クリーチャー_3!T45="－","0",VLOOKUP(クリーチャー_3!T45,$Z$6:$AD$57,3,FALSE()))+IF(クリーチャー_3!U45="－","0",VLOOKUP(クリーチャー_3!U45,$Z$6:$AD$57,3,FALSE()))+IF(クリーチャー_3!S46="－","0",VLOOKUP(クリーチャー_3!S46,$Z$6:$AD$57,3,FALSE()))+IF(クリーチャー_3!T46="－","0",VLOOKUP(クリーチャー_3!T46,$Z$6:$AD$57,3,FALSE()))+IF(クリーチャー_3!U46="－","0",VLOOKUP(クリーチャー_3!U46,$Z$6:$AD$57,3,FALSE())) -> 0 | AX46: =IF(クリーチャー_3!S45="－","0",VLOOKUP(クリーチャー_3!S45,$Z$6:$AD$57,4,FALSE()))+IF(クリーチャー_3!T45="－","0",VLOOKUP(クリーチャー_3!T45,$Z$6:$AD$57,4,FALSE()))+IF(クリーチャー_3!U45="－","0",VLOOKUP(クリーチャー_3!U45,$Z$6:$AD$57,4,FALSE()))+IF(クリーチャー_3!S46="－","0",VLOOKUP(クリーチャー_3!S46,$Z$6:$AD$57,4,FALSE()))+IF(クリーチャー_3!T46="－","0",VLOOKUP(クリーチャー_3!T46,$Z$6:$AD$57,4,FALSE()))+IF(クリーチャー_3!U46="－","0",VLOOKUP(クリーチャー_3!U46,$Z$6:$AD$57,4,FALSE())) -> 0 | AY46: =COUNTIFS(クリーチャー_3!S45:U46,"強化*") -> 0 | AZ46: =COUNTIFS(クリーチャー_3!S45:U46,"減衰*") -> 0
B47: SE | C47: =IF(応用技!H45="－","0",VLOOKUP(応用技!H45,$V$15:$X$28,2,FALSE()))+IF(応用技!I45="－","0",VLOOKUP(応用技!I45,$V$15:$X$28,2,FALSE()))+IF(応用技!J45="－","0",VLOOKUP(応用技!J45,$V$15:$X$28,2,FALSE()))+IF(応用技!H46="－","0",VLOOKUP(応用技!H46,$V$15:$X$28,2,FALSE()))+IF(応用技!I46="－","0",VLOOKUP(応用技!I46,$V$15:$X$28,2,FALSE()))+IF(応用技!J46="－","0",VLOOKUP(応用技!J46,$V$15:$X$28,2,FALSE())) -> 0 | D47: =IF(応用技!H45="－","0",VLOOKUP(応用技!H45,$V$15:$X$28,3,FALSE()))+IF(応用技!I45="－","0",VLOOKUP(応用技!I45,$V$15:$X$28,3,FALSE()))+IF(応用技!J45="－","0",VLOOKUP(応用技!J45,$V$15:$X$28,3,FALSE()))+IF(応用技!H46="－","0",VLOOKUP(応用技!H46,$V$15:$X$28,3,FALSE()))+IF(応用技!I46="－","0",VLOOKUP(応用技!I46,$V$15:$X$28,3,FALSE()))+IF(応用技!J46="－","0",VLOOKUP(応用技!J46,$V$15:$X$28,3,FALSE())) -> 0 | N47: 精神無効 | O47: 6 | P47: 1 | Z47: 精神無効 | AA47: 6 | AB47: 1 | AG47: SE | AH47: =IF(クリーチャー!V45="－","0",VLOOKUP(クリーチャー!V45,$V$15:$X$28,2,FALSE()))+IF(クリーチャー!W45="－","0",VLOOKUP(クリーチャー!W45,$V$15:$X$28,2,FALSE()))+IF(クリーチャー!X45="－","0",VLOOKUP(クリーチャー!X45,$V$15:$X$28,2,FALSE()))+IF(クリーチャー!V46="－","0",VLOOKUP(クリーチャー!V46,$V$15:$X$28,2,FALSE()))+IF(クリーチャー!W46="－","0",VLOOKUP(クリーチャー!W46,$V$15:$X$28,2,FALSE()))+IF(クリーチャー!X46="－","0",VLOOKUP(クリーチャー!X46,$V$15:$X$28,2,FALSE())) -> 0 | AI47: =IF(クリーチャー!V45="－","0",VLOOKUP(クリーチャー!V45,$V$15:$X$28,3,FALSE()))+IF(クリーチャー!W45="－","0",VLOOKUP(クリーチャー!W45,$V$15:$X$28,3,FALSE()))+IF(クリーチャー!X45="－","0",VLOOKUP(クリーチャー!X45,$V$15:$X$28,3,FALSE()))+IF(クリーチャー!V46="－","0",VLOOKUP(クリーチャー!V46,$V$15:$X$28,3,FALSE()))+IF(クリーチャー!W46="－","0",VLOOKUP(クリーチャー!W46,$V$15:$X$28,3,FALSE()))+IF(クリーチャー!X46="－","0",VLOOKUP(クリーチャー!X46,$V$15:$X$28,3,FALSE())) -> 0 | AN47: SE | AO47: =IF(クリーチャー_2!V45="－","0",VLOOKUP(クリーチャー_2!V45,$V$15:$X$28,2,FALSE()))+IF(クリーチャー_2!W45="－","0",VLOOKUP(クリーチャー_2!W45,$V$15:$X$28,2,FALSE()))+IF(クリーチャー_2!X45="－","0",VLOOKUP(クリーチャー_2!X45,$V$15:$X$28,2,FALSE()))+IF(クリーチャー_2!V46="－","0",VLOOKUP(クリーチャー_2!V46,$V$15:$X$28,2,FALSE()))+IF(クリーチャー_2!W46="－","0",VLOOKUP(クリーチャー_2!W46,$V$15:$X$28,2,FALSE()))+IF(クリーチャー_2!X46="－","0",VLOOKUP(クリーチャー_2!X46,$V$15:$X$28,2,FALSE())) -> 0 | AP47: =IF(クリーチャー_2!V45="－","0",VLOOKUP(クリーチャー_2!V45,$V$15:$X$28,3,FALSE()))+IF(クリーチャー_2!W45="－","0",VLOOKUP(クリーチャー_2!W45,$V$15:$X$28,3,FALSE()))+IF(クリーチャー_2!X45="－","0",VLOOKUP(クリーチャー_2!X45,$V$15:$X$28,3,FALSE()))+IF(クリーチャー_2!V46="－","0",VLOOKUP(クリーチャー_2!V46,$V$15:$X$28,3,FALSE()))+IF(クリーチャー_2!W46="－","0",VLOOKUP(クリーチャー_2!W46,$V$15:$X$28,3,FALSE()))+IF(クリーチャー_2!X46="－","0",VLOOKUP(クリーチャー_2!X46,$V$15:$X$28,3,FALSE())) -> 0 | AU47: SE | AV47: =IF(クリーチャー_3!V45="－","0",VLOOKUP(クリーチャー_3!V45,$V$15:$X$28,2,FALSE()))+IF(クリーチャー_3!W45="－","0",VLOOKUP(クリーチャー_3!W45,$V$15:$X$28,2,FALSE()))+IF(クリーチャー_3!X45="－","0",VLOOKUP(クリーチャー_3!X45,$V$15:$X$28,2,FALSE()))+IF(クリーチャー_3!V46="－","0",VLOOKUP(クリーチャー_3!V46,$V$15:$X$28,2,FALSE()))+IF(クリーチャー_3!W46="－","0",VLOOKUP(クリーチャー_3!W46,$V$15:$X$28,2,FALSE()))+IF(クリーチャー_3!X46="－","0",VLOOKUP(クリーチャー_3!X46,$V$15:$X$28,2,FALSE())) -> 0 | AW47: =IF(クリーチャー_3!V45="－","0",VLOOKUP(クリーチャー_3!V45,$V$15:$X$28,3,FALSE()))+IF(クリーチャー_3!W45="－","0",VLOOKUP(クリーチャー_3!W45,$V$15:$X$28,3,FALSE()))+IF(クリーチャー_3!X45="－","0",VLOOKUP(クリーチャー_3!X45,$V$15:$X$28,3,FALSE()))+IF(クリーチャー_3!V46="－","0",VLOOKUP(クリーチャー_3!V46,$V$15:$X$28,3,FALSE()))+IF(クリーチャー_3!W46="－","0",VLOOKUP(クリーチャー_3!W46,$V$15:$X$28,3,FALSE()))+IF(クリーチャー_3!X46="－","0",VLOOKUP(クリーチャー_3!X46,$V$15:$X$28,3,FALSE())) -> 0
B48: 合計 | C48: {=_xlfn.IFS(COUNTIF(応用技!E45:G46,"創造")>=1,SUM(C45:C47)+1&"～"&SUM(C45:C47)+10,COUNTIF(応用技!E45:G46,"限定*")>=1,"※",COUNTIF(応用技!E45:G46,"影響無効")>=1,"※",TRUE(),SUM(C45:C47))} -> 0 | D48: =SUM(D45:D47) -> 0 | E48: =SUM(E45:E47) -> 0 | N48: 物理無効 | O48: 7 | P48: 2 | Z48: 物理無効 | AA48: 7 | AB48: 2 | AG48: 合計 | AH48: {=_xlfn.IFS(COUNTIF(クリーチャー!S45:U46,"創造")>=1,SUM(AH45:AH47)+1&"～"&SUM(AH45:AH47)+10,COUNTIF(クリーチャー!S45:U46,"限定*")>=1,"※",COUNTIF(クリーチャー!S45:U46,"影響無効")>=1,"※",TRUE(),SUM(AH45:AH47))} -> 0 | AI48: =SUM(AI45:AI47) -> 0 | AJ48: =SUM(AJ45:AJ47) -> 0 | AN48: 合計 | AO48: {=_xlfn.IFS(COUNTIF(クリーチャー_2!S45:U46,"創造")>=1,SUM(AO45:AO47)+1&"～"&SUM(AO45:AO47)+10,COUNTIF(クリーチャー_2!S45:U46,"限定*")>=1,"※",COUNTIF(クリーチャー_2!S45:U46,"影響無効")>=1,"※",TRUE(),SUM(AO45:AO47))} -> 0 | AP48: =SUM(AP45:AP47) -> 0 | AQ48: =SUM(AQ45:AQ47) -> 0 | AU48: 合計 | AV48: {=_xlfn.IFS(COUNTIF(クリーチャー_3!S45:U46,"創造")>=1,SUM(AV45:AV47)+1&"～"&SUM(AV45:AV47)+10,COUNTIF(クリーチャー_3!S45:U46,"限定*")>=1,"※",COUNTIF(クリーチャー_3!S45:U46,"影響無効")>=1,"※",TRUE(),SUM(AV45:AV47))} -> 0 | AW48: =SUM(AW45:AW47) -> 0 | AX48: =SUM(AX45:AX47) -> 0
N49: 系統無効 | O49: 9 | P49: 2 | Z49: 系統無効 | AA49: 9 | AB49: 2
B50: 技5 | C50: 消費 | D50: スペック | E50: 圧迫 | F50: 強化変数 | G50: 減衰変数 | Z50: 除外 | AA50: 2 | AB50: 1 | AG50: 技5 | AH50: 消費 | AI50: スペック | AJ50: 圧迫 | AK50: 強化変数 | AL50: 減衰変数 | AN50: 技5 | AO50: 消費 | AP50: スペック | AQ50: 圧迫 | AR50: 強化変数 | AS50: 減衰変数 | AU50: 技5 | AV50: 消費 | AW50: スペック | AX50: 圧迫 | AY50: 強化変数 | AZ50: 減衰変数
B51: 発動系統 | C51: =IF(応用技!B56="－","0",VLOOKUP(応用技!B56,計算用!$J$6:$L$11,2,FALSE()))+IF(応用技!C56="－","0",VLOOKUP(応用技!C56,計算用!$J$6:$L$11,2,FALSE()))+IF(応用技!D56="－","0",VLOOKUP(応用技!D56,計算用!$J$6:$L$11,2,FALSE()))+COUNTIF(応用技!B56:D56,"防御発動")^2 -> 0 | D51: =IF(応用技!B56="－","0",VLOOKUP(応用技!B56,$J$6:$L$11,3,FALSE()))+IF(応用技!C56="－","0",VLOOKUP(応用技!C56,$J$6:$L$11,3,FALSE()))+IF(応用技!D56="－","0",VLOOKUP(応用技!D56,$J$6:$L$11,3,FALSE())) -> 0 | Z51: 敵視 | AA51: 2 | AB51: 1 | AG51: 発動系統 | AH51: =IF(クリーチャー!P56="－","0",VLOOKUP(クリーチャー!P56,計算用!$J$6:$L$11,2,FALSE()))+IF(クリーチャー!Q56="－","0",VLOOKUP(クリーチャー!Q56,計算用!$J$6:$L$11,2,FALSE()))+IF(クリーチャー!R56="－","0",VLOOKUP(クリーチャー!R56,計算用!$J$6:$L$11,2,FALSE()))+COUNTIF(クリーチャー!P56:R56,"防御発動")^2 -> 0 | AI51: =IF(クリーチャー!P56="－","0",VLOOKUP(クリーチャー!P56,$J$6:$L$11,3,FALSE()))+IF(クリーチャー!Q56="－","0",VLOOKUP(クリーチャー!Q56,$J$6:$L$11,3,FALSE()))+IF(クリーチャー!R56="－","0",VLOOKUP(クリーチャー!R56,$J$6:$L$11,3,FALSE())) -> 0 | AN51: 発動系統 | AO51: =IF(クリーチャー_2!P56="－","0",VLOOKUP(クリーチャー_2!P56,計算用!$J$6:$L$11,2,FALSE()))+IF(クリーチャー_2!Q56="－","0",VLOOKUP(クリーチャー_2!Q56,計算用!$J$6:$L$11,2,FALSE()))+IF(クリーチャー_2!R56="－","0",VLOOKUP(クリーチャー_2!R56,計算用!$J$6:$L$11,2,FALSE()))+COUNTIF(クリーチャー_2!P56:R56,"防御発動")^2 -> 0 | AP51: =IF(クリーチャー_2!P56="－","0",VLOOKUP(クリーチャー_2!P56,$J$6:$L$11,3,FALSE()))+IF(クリーチャー_2!Q56="－","0",VLOOKUP(クリーチャー_2!Q56,$J$6:$L$11,3,FALSE()))+IF(クリーチャー_2!R56="－","0",VLOOKUP(クリーチャー_2!R56,$J$6:$L$11,3,FALSE())) -> 0 | AU51: 発動系統 | AV51: =IF(クリーチャー_3!P56="－","0",VLOOKUP(クリーチャー_3!P56,計算用!$J$6:$L$11,2,FALSE()))+IF(クリーチャー_3!Q56="－","0",VLOOKUP(クリーチャー_3!Q56,計算用!$J$6:$L$11,2,FALSE()))+IF(クリーチャー_3!R56="－","0",VLOOKUP(クリーチャー_3!R56,計算用!$J$6:$L$11,2,FALSE()))+COUNTIF(クリーチャー_3!P56:R56,"防御発動")^2 -> 0 | AW51: =IF(クリーチャー_3!P56="－","0",VLOOKUP(クリーチャー_3!P56,$J$6:$L$11,3,FALSE()))+IF(クリーチャー_3!Q56="－","0",VLOOKUP(クリーチャー_3!Q56,$J$6:$L$11,3,FALSE()))+IF(クリーチャー_3!R56="－","0",VLOOKUP(クリーチャー_3!R56,$J$6:$L$11,3,FALSE())) -> 0
B52: 付加効果 | C52: {=IF(応用技!E56="－","0",VLOOKUP(応用技!E56,$N$6:$R$49,2,FALSE()))+IF(応用技!F56="－","0",VLOOKUP(応用技!F56,N6:$R$49,2,FALSE()))+IF(応用技!G56="－","0",VLOOKUP(応用技!G56,$N$6:$R$49,2,FALSE()))+IF(応用技!E57="－","0",VLOOKUP(応用技!E57,$N$6:$R$49,2,FALSE()))+IF(応用技!F57="－","0",VLOOKUP(応用技!F57,$N$6:$R$49,2,FALSE()))+IF(応用技!G57="－","0",VLOOKUP(応用技!G57,$N$6:$R$49,2,FALSE()))+_xlfn.IFS(F52>=2,1+2*(F52-1),F52=1,1,F52=0,0)+_xlfn.IFS(G52>=2,1+2*(G52-1),G52=1,1,G52=0,0)} -> 0 | D52: =IF(応用技!E56="－","0",VLOOKUP(応用技!E56,$N$6:$R$49,3,FALSE()))+IF(応用技!F56="－","0",VLOOKUP(応用技!F56,$N$6:$R$49,3,FALSE()))+IF(応用技!G56="－","0",VLOOKUP(応用技!G56,$N$6:$R$49,3,FALSE()))+IF(応用技!E57="－","0",VLOOKUP(応用技!E57,$N$6:$R$49,3,FALSE()))+IF(応用技!F57="－","0",VLOOKUP(応用技!F57,$N$6:$R$49,3,FALSE()))+IF(応用技!G57="－","0",VLOOKUP(応用技!G57,$N$6:$R$49,3,FALSE())) -> 0 | E52: =IF(応用技!E56="－","0",VLOOKUP(応用技!E56,$N$6:$R$49,4,FALSE()))+IF(応用技!F56="－","0",VLOOKUP(応用技!F56,$N$6:$R$49,4,FALSE()))+IF(応用技!G56="－","0",VLOOKUP(応用技!G56,$N$6:$R$49,4,FALSE()))+IF(応用技!E57="－","0",VLOOKUP(応用技!E57,$N$6:$R$49,4,FALSE()))+IF(応用技!F57="－","0",VLOOKUP(応用技!F57,$N$6:$R$49,4,FALSE()))+IF(応用技!G57="－","0",VLOOKUP(応用技!G57,$N$6:$R$49,4,FALSE())) -> 0 | F52: =COUNTIFS(応用技!E56:G57,"強化*") -> 0 | G52: =COUNTIFS(応用技!E56:G57,"減衰*") -> 0 | Z52: 晩成【増強】 | AA52: 0 | AB52: 0 | AC52: 1 | AG52: 付加効果 | AH52: {=IF(クリーチャー!S56="－","0",VLOOKUP(クリーチャー!S56,$N$6:$R$49,2,FALSE()))+IF(クリーチャー!T56="－","0",VLOOKUP(クリーチャー!T56,N6:$R$49,2,FALSE()))+IF(クリーチャー!U56="－","0",VLOOKUP(クリーチャー!U56,$N$6:$R$49,2,FALSE()))+IF(クリーチャー!S57="－","0",VLOOKUP(クリーチャー!S57,$N$6:$R$49,2,FALSE()))+IF(クリーチャー!T57="－","0",VLOOKUP(クリーチャー!T57,$N$6:$R$49,2,FALSE()))+IF(クリーチャー!U57="－","0",VLOOKUP(クリーチャー!U57,$N$6:$R$49,2,FALSE()))+_xlfn.IFS(AK52>=2,1+2*(AK52-1),AK52=1,1,AK52=0,0)+_xlfn.IFS(AL52>=2,1+2*(AL52-1),AL52=1,1,AL52=0,0)} -> 0 | AI52: =IF(クリーチャー!S56="－","0",VLOOKUP(クリーチャー!S56,$N$6:$R$49,3,FALSE()))+IF(クリーチャー!T56="－","0",VLOOKUP(クリーチャー!T56,$N$6:$R$49,3,FALSE()))+IF(クリーチャー!U56="－","0",VLOOKUP(クリーチャー!U56,$N$6:$R$49,3,FALSE()))+IF(クリーチャー!S57="－","0",VLOOKUP(クリーチャー!S57,$N$6:$R$49,3,FALSE()))+IF(クリーチャー!T57="－","0",VLOOKUP(クリーチャー!T57,$N$6:$R$49,3,FALSE()))+IF(クリーチャー!U57="－","0",VLOOKUP(クリーチャー!U57,$N$6:$R$49,3,FALSE())) -> 0 | AJ52: =IF(クリーチャー!S56="－","0",VLOOKUP(クリーチャー!S56,$N$6:$R$49,4,FALSE()))+IF(クリーチャー!T56="－","0",VLOOKUP(クリーチャー!T56,$N$6:$R$49,4,FALSE()))+IF(クリーチャー!U56="－","0",VLOOKUP(クリーチャー!U56,$N$6:$R$49,4,FALSE()))+IF(クリーチャー!S57="－","0",VLOOKUP(クリーチャー!S57,$N$6:$R$49,4,FALSE()))+IF(クリーチャー!T57="－","0",VLOOKUP(クリーチャー!T57,$N$6:$R$49,4,FALSE()))+IF(クリーチャー!U57="－","0",VLOOKUP(クリーチャー!U57,$N$6:$R$49,4,FALSE())) -> 0 | AK52: =COUNTIFS(クリーチャー!S56:U57,"強化*") -> 0 | AL52: =COUNTIFS(クリーチャー!S56:U57,"減衰*") -> 0 | AN52: 付加効果 | AO52: {=IF(クリーチャー_2!S56="－","0",VLOOKUP(クリーチャー_2!S56,$N$6:$R$49,2,FALSE()))+IF(クリーチャー_2!T56="－","0",VLOOKUP(クリーチャー_2!T56,$N$6:$R$49,2,FALSE()))+IF(クリーチャー_2!U56="－","0",VLOOKUP(クリーチャー_2!U56,$N$6:$R$49,2,FALSE()))+IF(クリーチャー_2!S57="－","0",VLOOKUP(クリーチャー_2!S57,$N$6:$R$49,2,FALSE()))+IF(クリーチャー_2!T57="－","0",VLOOKUP(クリーチャー_2!T57,$N$6:$R$49,2,FALSE()))+IF(クリーチャー_2!U57="－","0",VLOOKUP(クリーチャー_2!U57,$N$6:$R$49,2,FALSE()))+_xlfn.IFS(AR52>=2,1+2*(AR52-1),AR52=1,1,AR52=0,0)+_xlfn.IFS(AS52>=2,1+2*(AS52-1),AS52=1,1,AS52=0,0)} -> 0 | AP52: =IF(クリーチャー_2!S56="－","0",VLOOKUP(クリーチャー_2!S56,$N$6:$R$49,3,FALSE()))+IF(クリーチャー_2!T56="－","0",VLOOKUP(クリーチャー_2!T56,$N$6:$R$49,3,FALSE()))+IF(クリーチャー_2!U56="－","0",VLOOKUP(クリーチャー_2!U56,$N$6:$R$49,3,FALSE()))+IF(クリーチャー_2!S57="－","0",VLOOKUP(クリーチャー_2!S57,$N$6:$R$49,3,FALSE()))+IF(クリーチャー_2!T57="－","0",VLOOKUP(クリーチャー_2!T57,$N$6:$R$49,3,FALSE()))+IF(クリーチャー_2!U57="－","0",VLOOKUP(クリーチャー_2!U57,$N$6:$R$49,3,FALSE())) -> 0 | AQ52: =IF(クリーチャー_2!S56="－","0",VLOOKUP(クリーチャー_2!S56,$N$6:$R$49,4,FALSE()))+IF(クリーチャー_2!T56="－","0",VLOOKUP(クリーチャー_2!T56,$N$6:$R$49,4,FALSE()))+IF(クリーチャー_2!U56="－","0",VLOOKUP(クリーチャー_2!U56,$N$6:$R$49,4,FALSE()))+IF(クリーチャー_2!S57="－","0",VLOOKUP(クリーチャー_2!S57,$N$6:$R$49,4,FALSE()))+IF(クリーチャー_2!T57="－","0",VLOOKUP(クリーチャー_2!T57,$N$6:$R$49,4,FALSE()))+IF(クリーチャー_2!U57="－","0",VLOOKUP(クリーチャー_2!U57,$N$6:$R$49,4,FALSE())) -> 0 | AR52: =COUNTIFS(クリーチャー_2!S56:U57,"強化*") -> 0 | AS52: =COUNTIFS(クリーチャー_2!S56:U57,"減衰*") -> 0 | AU52: 付加効果 | AV52: {=IF(クリーチャー_3!S56="－","0",VLOOKUP(クリーチャー_3!S56,$N$6:$R$49,2,FALSE()))+IF(クリーチャー_3!T56="－","0",VLOOKUP(クリーチャー_3!T56,N6:$R$49,2,FALSE()))+IF(クリーチャー_3!U56="－","0",VLOOKUP(クリーチャー_3!U56,$N$6:$R$49,2,FALSE()))+IF(クリーチャー_3!S57="－","0",VLOOKUP(クリーチャー_3!S57,$N$6:$R$49,2,FALSE()))+IF(クリーチャー_3!T57="－","0",VLOOKUP(クリーチャー_3!T57,$N$6:$R$49,2,FALSE()))+IF(クリーチャー_3!U57="－","0",VLOOKUP(クリーチャー_3!U57,$N$6:$R$49,2,FALSE()))+_xlfn.IFS(AY52>=2,1+2*(AY52-1),AY52=1,1,AY52=0,0)+_xlfn.IFS(AZ52>=2,1+2*(AZ52-1),AZ52=1,1,AZ52=0,0)} -> 0 | AW52: =IF(クリーチャー_3!S56="－","0",VLOOKUP(クリーチャー_3!S56,$N$6:$R$49,3,FALSE()))+IF(クリーチャー_3!T56="－","0",VLOOKUP(クリーチャー_3!T56,$N$6:$R$49,3,FALSE()))+IF(クリーチャー_3!U56="－","0",VLOOKUP(クリーチャー_3!U56,$N$6:$R$49,3,FALSE()))+IF(クリーチャー_3!S57="－","0",VLOOKUP(クリーチャー_3!S57,$N$6:$R$49,3,FALSE()))+IF(クリーチャー_3!T57="－","0",VLOOKUP(クリーチャー_3!T57,$N$6:$R$49,3,FALSE()))+IF(クリーチャー_3!U57="－","0",VLOOKUP(クリーチャー_3!U57,$N$6:$R$49,3,FALSE())) -> 0 | AX52: =IF(クリーチャー_3!S56="－","0",VLOOKUP(クリーチャー_3!S56,$N$6:$R$49,4,FALSE()))+IF(クリーチャー_3!T56="－","0",VLOOKUP(クリーチャー_3!T56,$N$6:$R$49,4,FALSE()))+IF(クリーチャー_3!U56="－","0",VLOOKUP(クリーチャー_3!U56,$N$6:$R$49,4,FALSE()))+IF(クリーチャー_3!S57="－","0",VLOOKUP(クリーチャー_3!S57,$N$6:$R$49,4,FALSE()))+IF(クリーチャー_3!T57="－","0",VLOOKUP(クリーチャー_3!T57,$N$6:$R$49,4,FALSE()))+IF(クリーチャー_3!U57="－","0",VLOOKUP(クリーチャー_3!U57,$N$6:$R$49,4,FALSE())) -> 0 | AY52: =COUNTIFS(クリーチャー_3!S56:U57,"強化*") -> 0 | AZ52: =COUNTIFS(クリーチャー_3!S56:U57,"減衰*") -> 0
B53: SE | C53: =IF(応用技!H56="－","0",VLOOKUP(応用技!H56,$J$15:$L$27,2,FALSE()))+IF(応用技!I56="－","0",VLOOKUP(応用技!I56,$J$15:$L$27,2,FALSE()))+IF(応用技!J56="－","0",VLOOKUP(応用技!J56,$J$15:$L$27,2,FALSE()))+IF(応用技!H57="－","0",VLOOKUP(応用技!H57,$J$15:$L$27,2,FALSE()))+IF(応用技!I57="－","0",VLOOKUP(応用技!I57,$J$15:$L$27,2,FALSE()))+IF(応用技!J57="－","0",VLOOKUP(応用技!J57,$J$15:$L$27,2,FALSE())) -> 0 | D53: =IF(応用技!H56="－","0",VLOOKUP(応用技!H56,$J$15:$L$27,3,FALSE()))+IF(応用技!I56="－","0",VLOOKUP(応用技!I56,$J$15:$L$27,3,FALSE()))+IF(応用技!J56="－","0",VLOOKUP(応用技!J56,$J$15:$L$27,3,FALSE()))+IF(応用技!H57="－","0",VLOOKUP(応用技!H57,$J$15:$L$27,3,FALSE()))+IF(応用技!I57="－","0",VLOOKUP(応用技!I57,$J$15:$L$27,3,FALSE()))+IF(応用技!J57="－","0",VLOOKUP(応用技!J57,$J$15:$L$27,3,FALSE())) -> 0 | Z53: 晩成【反応】 | AA53: 0 | AB53: 0 | AC53: 1 | AG53: SE | AH53: =IF(クリーチャー!V56="－","0",VLOOKUP(クリーチャー!V56,$J$15:$L$27,2,FALSE()))+IF(クリーチャー!W56="－","0",VLOOKUP(クリーチャー!W56,$J$15:$L$27,2,FALSE()))+IF(クリーチャー!X56="－","0",VLOOKUP(クリーチャー!X56,$J$15:$L$27,2,FALSE()))+IF(クリーチャー!V57="－","0",VLOOKUP(クリーチャー!V57,$J$15:$L$27,2,FALSE()))+IF(クリーチャー!W57="－","0",VLOOKUP(クリーチャー!W57,$J$15:$L$27,2,FALSE()))+IF(クリーチャー!X57="－","0",VLOOKUP(クリーチャー!X57,$J$15:$L$27,2,FALSE())) -> 0 | AI53: =IF(クリーチャー!V56="－","0",VLOOKUP(クリーチャー!V56,$J$15:$L$27,3,FALSE()))+IF(クリーチャー!W56="－","0",VLOOKUP(クリーチャー!W56,$J$15:$L$27,3,FALSE()))+IF(クリーチャー!X56="－","0",VLOOKUP(クリーチャー!X56,$J$15:$L$27,3,FALSE()))+IF(クリーチャー!V57="－","0",VLOOKUP(クリーチャー!V57,$J$15:$L$27,3,FALSE()))+IF(クリーチャー!W57="－","0",VLOOKUP(クリーチャー!W57,$J$15:$L$27,3,FALSE()))+IF(クリーチャー!X57="－","0",VLOOKUP(クリーチャー!X57,$J$15:$L$27,3,FALSE())) -> 0 | AN53: SE | AO53: =IF(クリーチャー_2!V56="－","0",VLOOKUP(クリーチャー_2!V56,$J$15:$L$27,2,FALSE()))+IF(クリーチャー_2!W56="－","0",VLOOKUP(クリーチャー_2!W56,$J$15:$L$27,2,FALSE()))+IF(クリーチャー_2!X56="－","0",VLOOKUP(クリーチャー_2!X56,$J$15:$L$27,2,FALSE()))+IF(クリーチャー_2!V57="－","0",VLOOKUP(クリーチャー_2!V57,$J$15:$L$27,2,FALSE()))+IF(クリーチャー_2!W57="－","0",VLOOKUP(クリーチャー_2!W57,$J$15:$L$27,2,FALSE()))+IF(クリーチャー_2!X57="－","0",VLOOKUP(クリーチャー_2!X57,$J$15:$L$27,2,FALSE())) -> 0 | AP53: =IF(クリーチャー_2!V56="－","0",VLOOKUP(クリーチャー_2!V56,$J$15:$L$27,3,FALSE()))+IF(クリーチャー_2!W56="－","0",VLOOKUP(クリーチャー_2!W56,$J$15:$L$27,3,FALSE()))+IF(クリーチャー_2!X56="－","0",VLOOKUP(クリーチャー_2!X56,$J$15:$L$27,3,FALSE()))+IF(クリーチャー_2!V57="－","0",VLOOKUP(クリーチャー_2!V57,$J$15:$L$27,3,FALSE()))+IF(クリーチャー_2!W57="－","0",VLOOKUP(クリーチャー_2!W57,$J$15:$L$27,3,FALSE()))+IF(クリーチャー_2!X57="－","0",VLOOKUP(クリーチャー_2!X57,$J$15:$L$27,3,FALSE())) -> 0 | AU53: SE | AV53: =IF(クリーチャー_3!V56="－","0",VLOOKUP(クリーチャー_3!V56,$J$15:$L$27,2,FALSE()))+IF(クリーチャー_3!W56="－","0",VLOOKUP(クリーチャー_3!W56,$J$15:$L$27,2,FALSE()))+IF(クリーチャー_3!X56="－","0",VLOOKUP(クリーチャー_3!X56,$J$15:$L$27,2,FALSE()))+IF(クリーチャー_3!V57="－","0",VLOOKUP(クリーチャー_3!V57,$J$15:$L$27,2,FALSE()))+IF(クリーチャー_3!W57="－","0",VLOOKUP(クリーチャー_3!W57,$J$15:$L$27,2,FALSE()))+IF(クリーチャー_3!X57="－","0",VLOOKUP(クリーチャー_3!X57,$J$15:$L$27,2,FALSE())) -> 0 | AW53: =IF(クリーチャー_3!V56="－","0",VLOOKUP(クリーチャー_3!V56,$J$15:$L$27,3,FALSE()))+IF(クリーチャー_3!W56="－","0",VLOOKUP(クリーチャー_3!W56,$J$15:$L$27,3,FALSE()))+IF(クリーチャー_3!X56="－","0",VLOOKUP(クリーチャー_3!X56,$J$15:$L$27,3,FALSE()))+IF(クリーチャー_3!V57="－","0",VLOOKUP(クリーチャー_3!V57,$J$15:$L$27,3,FALSE()))+IF(クリーチャー_3!W57="－","0",VLOOKUP(クリーチャー_3!W57,$J$15:$L$27,3,FALSE()))+IF(クリーチャー_3!X57="－","0",VLOOKUP(クリーチャー_3!X57,$J$15:$L$27,3,FALSE())) -> 0
B54: 合計 | C54: {=_xlfn.IFS(COUNTIF(応用技!E56:G57,"創造")>=1,SUM(C51:C53)+1&"～"&SUM(C51:C53)+10,COUNTIF(応用技!E56:G57,"限定*")>=1,"※",COUNTIF(応用技!E56:G57,"影響無効")>=1,"※",TRUE(),SUM(C51:C53))} -> 0 | D54: =SUM(D51:D53) -> 0 | E54: =SUM(E51:E53) -> 0 | Z54: 晩成【感覚】 | AA54: 0 | AB54: 0 | AC54: 1 | AG54: 合計 | AH54: {=_xlfn.IFS(COUNTIF(クリーチャー!S56:U57,"創造")>=1,SUM(AH51:AH53)+1&"～"&SUM(AH51:AH53)+10,COUNTIF(クリーチャー!S56:U57,"限定*")>=1,"※",COUNTIF(クリーチャー!S56:U57,"影響無効")>=1,"※",TRUE(),SUM(AH51:AH53))} -> 0 | AI54: =SUM(AI51:AI53) -> 0 | AJ54: =SUM(AJ51:AJ53) -> 0 | AN54: 合計 | AO54: {=_xlfn.IFS(COUNTIF(クリーチャー_2!S56:U57,"創造")>=1,SUM(AO51:AO53)+1&"～"&SUM(AO51:AO53)+10,COUNTIF(クリーチャー_2!S56:U57,"限定*")>=1,"※",COUNTIF(クリーチャー_2!S56:U57,"影響無効")>=1,"※",TRUE(),SUM(AO51:AO53))} -> 0 | AP54: =SUM(AP51:AP53) -> 0 | AQ54: =SUM(AQ51:AQ53) -> 0 | AU54: 合計 | AV54: {=_xlfn.IFS(COUNTIF(クリーチャー_3!S56:U57,"創造")>=1,SUM(AV51:AV53)+1&"～"&SUM(AV51:AV53)+10,COUNTIF(クリーチャー_3!S56:U57,"限定*")>=1,"※",COUNTIF(クリーチャー_3!S56:U57,"影響無効")>=1,"※",TRUE(),SUM(AV51:AV53))} -> 0 | AW54: =SUM(AW51:AW53) -> 0 | AX54: =SUM(AX51:AX53) -> 0
Z55: 晩成【幸運】 | AA55: 0 | AB55: 0 | AC55: 1
B56: 技5（蟹） | C56: 消費 | D56: スペック | E56: 圧迫 | F56: 強化変数 | G56: 減衰変数 | Z56: 喚装 | AA56: 0 | AB56: 0 | AC56: 2 | AD56: 喚装系 | AG56: 技5（蟹） | AH56: 消費 | AI56: スペック | AJ56: 圧迫 | AK56: 強化変数 | AL56: 減衰変数 | AN56: 技5（蟹） | AO56: 消費 | AP56: スペック | AQ56: 圧迫 | AR56: 強化変数 | AS56: 減衰変数 | AU56: 技5（蟹） | AV56: 消費 | AW56: スペック | AX56: 圧迫 | AY56: 強化変数 | AZ56: 減衰変数
B57: 発動系統 | C57: =IF(応用技!B56="－","0",VLOOKUP(応用技!B56,計算用!$V$6:$X$11,2,FALSE()))+IF(応用技!C56="－","0",VLOOKUP(応用技!C56,計算用!$V$6:$X$11,2,FALSE()))+IF(応用技!D56="－","0",VLOOKUP(応用技!D56,計算用!$V$6:$X$11,2,FALSE()))+COUNTIF(応用技!B56:D56,"防御発動")^2 -> 0 | D57: =IF(応用技!B56="－","0",VLOOKUP(応用技!B56,$J$6:$L$11,3,FALSE()))+IF(応用技!C56="－","0",VLOOKUP(応用技!C56,$J$6:$L$11,3,FALSE()))+IF(応用技!D56="－","0",VLOOKUP(応用技!D56,$J$6:$L$11,3,FALSE())) -> 0 | Z57: 縮小 | AA57: 2 | AB57: 1 | AG57: 発動系統 | AH57: =IF(クリーチャー!P56="－","0",VLOOKUP(クリーチャー!P56,計算用!$V$6:$X$11,2,FALSE()))+IF(クリーチャー!Q56="－","0",VLOOKUP(クリーチャー!Q56,計算用!$V$6:$X$11,2,FALSE()))+IF(クリーチャー!R56="－","0",VLOOKUP(クリーチャー!R56,計算用!$V$6:$X$11,2,FALSE()))+COUNTIF(クリーチャー!P56:R56,"防御発動")^2 -> 0 | AI57: =IF(クリーチャー!P56="－","0",VLOOKUP(クリーチャー!P56,$J$6:$L$11,3,FALSE()))+IF(クリーチャー!Q56="－","0",VLOOKUP(クリーチャー!Q56,$J$6:$L$11,3,FALSE()))+IF(クリーチャー!R56="－","0",VLOOKUP(クリーチャー!R56,$J$6:$L$11,3,FALSE())) -> 0 | AN57: 発動系統 | AO57: =IF(クリーチャー_2!P56="－","0",VLOOKUP(クリーチャー_2!P56,計算用!$V$6:$X$11,2,FALSE()))+IF(クリーチャー_2!Q56="－","0",VLOOKUP(クリーチャー_2!Q56,計算用!$V$6:$X$11,2,FALSE()))+IF(クリーチャー_2!R56="－","0",VLOOKUP(クリーチャー_2!R56,計算用!$V$6:$X$11,2,FALSE()))+COUNTIF(クリーチャー_2!P56:R56,"防御発動")^2 -> 0 | AP57: =IF(クリーチャー_2!P56="－","0",VLOOKUP(クリーチャー_2!P56,$J$6:$L$11,3,FALSE()))+IF(クリーチャー_2!Q56="－","0",VLOOKUP(クリーチャー_2!Q56,$J$6:$L$11,3,FALSE()))+IF(クリーチャー_2!R56="－","0",VLOOKUP(クリーチャー_2!R56,$J$6:$L$11,3,FALSE())) -> 0 | AU57: 発動系統 | AV57: =IF(クリーチャー_3!P56="－","0",VLOOKUP(クリーチャー_3!P56,計算用!$V$6:$X$11,2,FALSE()))+IF(クリーチャー_3!Q56="－","0",VLOOKUP(クリーチャー_3!Q56,計算用!$V$6:$X$11,2,FALSE()))+IF(クリーチャー_3!R56="－","0",VLOOKUP(クリーチャー_3!R56,計算用!$V$6:$X$11,2,FALSE()))+COUNTIF(クリーチャー_3!P56:R56,"防御発動")^2 -> 0 | AW57: =IF(クリーチャー_3!P56="－","0",VLOOKUP(クリーチャー_3!P56,$J$6:$L$11,3,FALSE()))+IF(クリーチャー_3!Q56="－","0",VLOOKUP(クリーチャー_3!Q56,$J$6:$L$11,3,FALSE()))+IF(クリーチャー_3!R56="－","0",VLOOKUP(クリーチャー_3!R56,$J$6:$L$11,3,FALSE())) -> 0
B58: 付加効果 | C58: {=IF(応用技!E56="－","0",VLOOKUP(応用技!E56,$Z$6:$AD$57,2,FALSE()))+IF(応用技!F56="－","0",VLOOKUP(応用技!F56,Z6:$AD$57,2,FALSE()))+IF(応用技!G56="－","0",VLOOKUP(応用技!G56,$Z$6:$AD$57,2,FALSE()))+IF(応用技!E57="－","0",VLOOKUP(応用技!E57,$Z$6:$AD$57,2,FALSE()))+IF(応用技!F57="－","0",VLOOKUP(応用技!F57,$Z$6:$AD$57,2,FALSE()))+IF(応用技!G57="－","0",VLOOKUP(応用技!G57,$Z$6:$AD$57,2,FALSE()))+_xlfn.IFS(F58>=2,1+2*(F58-1),F58=1,1,F58=0,0)+_xlfn.IFS(G58>=2,1+2*(G58-1),G58=1,1,G58=0,0)} -> 0 | D58: =IF(応用技!E56="－","0",VLOOKUP(応用技!E56,$Z$6:$AD$57,3,FALSE()))+IF(応用技!F56="－","0",VLOOKUP(応用技!F56,$Z$6:$AD$57,3,FALSE()))+IF(応用技!G56="－","0",VLOOKUP(応用技!G56,$Z$6:$AD$57,3,FALSE()))+IF(応用技!E57="－","0",VLOOKUP(応用技!E57,$Z$6:$AD$57,3,FALSE()))+IF(応用技!F57="－","0",VLOOKUP(応用技!F57,$Z$6:$AD$57,3,FALSE()))+IF(応用技!G57="－","0",VLOOKUP(応用技!G57,$Z$6:$AD$57,3,FALSE())) -> 0 | E58: =IF(応用技!E56="－","0",VLOOKUP(応用技!E56,$Z$6:$AD$57,4,FALSE())) +IF(応用技!F56="－","0",VLOOKUP(応用技!F56,$Z$6:$AD$57,4,FALSE())) +IF(応用技!G56="－","0",VLOOKUP(応用技!G56,$Z$6:$AD$57,4,FALSE())) +IF(応用技!E57="－","0",VLOOKUP(応用技!E57,$Z$6:$AD$57,4,FALSE())) +IF(応用技!F57="－","0",VLOOKUP(応用技!F57,$Z$6:$AD$57,4,FALSE())) +IF(応用技!G57="－","0",VLOOKUP(応用技!G57,$Z$6:$AD$57,4,FALSE())) -> 0 | F58: =COUNTIFS(応用技!E56:G57,"強化*") -> 0 | G58: =COUNTIFS(応用技!E56:G57,"減衰*") -> 0 | AG58: 付加効果 | AH58: {=IF(クリーチャー!S56="－","0",VLOOKUP(クリーチャー!S56,$Z$6:$AD$57,2,FALSE())) +IF(クリーチャー!T56="－","0",VLOOKUP(クリーチャー!T56,Z6:$AD$57,2,FALSE())) +IF(クリーチャー!U56="－","0",VLOOKUP(クリーチャー!U56,$Z$6:$AD$57,2,FALSE())) +IF(クリーチャー!S57="－","0",VLOOKUP(クリーチャー!S57,$Z$6:$AD$57,2,FALSE())) +IF(クリーチャー!T57="－","0",VLOOKUP(クリーチャー!T57,$Z$6:$AD$57,2,FALSE())) +IF(クリーチャー!U57="－","0",VLOOKUP(クリーチャー!U57,$Z$6:$AD$57,2,FALSE())) +_xlfn.IFS(AK58>=2,1+2*(AK58-1),AK58=1,1,AK58=0,0)+_xlfn.IFS(AL58>=2,1+2*(AL58-1),AL58=1,1,AL58=0,0)} -> 0 | AI58: =IF(クリーチャー!S56="－","0",VLOOKUP(クリーチャー!S56,$Z$6:$AD$57,3,FALSE())) +IF(クリーチャー!T56="－","0",VLOOKUP(クリーチャー!T56,$Z$6:$AD$57,3,FALSE())) +IF(クリーチャー!U56="－","0",VLOOKUP(クリーチャー!U56,$Z$6:$AD$57,3,FALSE())) +IF(クリーチャー!S57="－","0",VLOOKUP(クリーチャー!S57,$Z$6:$AD$57,3,FALSE())) +IF(クリーチャー!T57="－","0",VLOOKUP(クリーチャー!T57,$Z$6:$AD$57,3,FALSE())) +IF(クリーチャー!U57="－","0",VLOOKUP(クリーチャー!U57,$Z$6:$AD$57,3,FALSE())) -> 0 | AJ58: =IF(クリーチャー!S56="－","0",VLOOKUP(クリーチャー!S56,$Z$6:$AD$57,4,FALSE())) +IF(クリーチャー!T56="－","0",VLOOKUP(クリーチャー!T56,$Z$6:$AD$57,4,FALSE())) +IF(クリーチャー!U56="－","0",VLOOKUP(クリーチャー!U56,$Z$6:$AD$57,4,FALSE())) +IF(クリーチャー!S57="－","0",VLOOKUP(クリーチャー!S57,$Z$6:$AD$57,4,FALSE())) +IF(クリーチャー!T57="－","0",VLOOKUP(クリーチャー!T57,$Z$6:$AD$57,4,FALSE())) +IF(クリーチャー!U57="－","0",VLOOKUP(クリーチャー!U57,$Z$6:$AD$57,4,FALSE())) -> 0 | AK58: =COUNTIFS(クリーチャー!S56:U57,"強化*") -> 0 | AL58: =COUNTIFS(クリーチャー!S56:U57,"減衰*") -> 0 | AN58: 付加効果 | AO58: {=IF(クリーチャー_2!S56="－","0",VLOOKUP(クリーチャー_2!S56,$Z$6:$AD$57,2,FALSE()))+IF(クリーチャー_2!T56="－","0",VLOOKUP(クリーチャー_2!T56,Z6:$AD$57,2,FALSE()))+IF(クリーチャー_2!U56="－","0",VLOOKUP(クリーチャー_2!U56,$Z$6:$AD$57,2,FALSE()))+IF(クリーチャー_2!S57="－","0",VLOOKUP(クリーチャー_2!S57,$Z$6:$AD$57,2,FALSE()))+IF(クリーチャー_2!T57="－","0",VLOOKUP(クリーチャー_2!T57,$Z$6:$AD$57,2,FALSE()))+IF(クリーチャー_2!U57="－","0",VLOOKUP(クリーチャー_2!U57,$Z$6:$AD$57,2,FALSE()))+_xlfn.IFS(AR58>=2,1+2*(AR58-1),AR58=1,1,AR58=0,0)+_xlfn.IFS(AS58>=2,1+2*(AS58-1),AS58=1,1,AS58=0,0)} -> 0 | AP58: =IF(クリーチャー_2!S56="－","0",VLOOKUP(クリーチャー_2!S56,$Z$6:$AD$57,3,FALSE()))+IF(クリーチャー_2!T56="－","0",VLOOKUP(クリーチャー_2!T56,$Z$6:$AD$57,3,FALSE()))+IF(クリーチャー_2!U56="－","0",VLOOKUP(クリーチャー_2!U56,$Z$6:$AD$57,3,FALSE()))+IF(クリーチャー_2!S57="－","0",VLOOKUP(クリーチャー_2!S57,$Z$6:$AD$57,3,FALSE()))+IF(クリーチャー_2!T57="－","0",VLOOKUP(クリーチャー_2!T57,$Z$6:$AD$57,3,FALSE()))+IF(クリーチャー_2!U57="－","0",VLOOKUP(クリーチャー_2!U57,$Z$6:$AD$57,3,FALSE())) -> 0 | AQ58: =IF(クリーチャー_2!S56="－","0",VLOOKUP(クリーチャー_2!S56,$Z$6:$AD$57,4,FALSE()))+IF(クリーチャー_2!T56="－","0",VLOOKUP(クリーチャー_2!T56,$Z$6:$AD$57,4,FALSE()))+IF(クリーチャー_2!U56="－","0",VLOOKUP(クリーチャー_2!U56,$Z$6:$AD$57,4,FALSE()))+IF(クリーチャー_2!S57="－","0",VLOOKUP(クリーチャー_2!S57,$Z$6:$AD$57,4,FALSE()))+IF(クリーチャー_2!T57="－","0",VLOOKUP(クリーチャー_2!T57,$Z$6:$AD$57,4,FALSE()))+IF(クリーチャー_2!U57="－","0",VLOOKUP(クリーチャー_2!U57,$Z$6:$AD$57,4,FALSE())) -> 0 | AR58: =COUNTIFS(クリーチャー_2!S56:U57,"強化*") -> 0 | AS58: =COUNTIFS(クリーチャー_2!S56:U57,"減衰*") -> 0 | AU58: 付加効果 | AV58: {=IF(クリーチャー_3!S56="－","0",VLOOKUP(クリーチャー_3!S56,$Z$6:$AD$57,2,FALSE()))+IF(クリーチャー_3!T56="－","0",VLOOKUP(クリーチャー_3!T56,Z6:$AD$57,2,FALSE()))+IF(クリーチャー_3!U56="－","0",VLOOKUP(クリーチャー_3!U56,$Z$6:$AD$57,2,FALSE()))+IF(クリーチャー_3!S57="－","0",VLOOKUP(クリーチャー_3!S57,$Z$6:$AD$57,2,FALSE()))+IF(クリーチャー_3!T57="－","0",VLOOKUP(クリーチャー_3!T57,$Z$6:$AD$57,2,FALSE()))+IF(クリーチャー_3!U57="－","0",VLOOKUP(クリーチャー_3!U57,$Z$6:$AD$57,2,FALSE()))+_xlfn.IFS(AY58>=2,1+2*(AY58-1),AY58=1,1,AY58=0,0)+_xlfn.IFS(AZ58>=2,1+2*(AZ58-1),AZ58=1,1,AZ58=0,0)} -> 0 | AW58: =IF(クリーチャー_3!S56="－","0",VLOOKUP(クリーチャー_3!S56,$Z$6:$AD$57,3,FALSE()))+IF(クリーチャー_3!T56="－","0",VLOOKUP(クリーチャー_3!T56,$Z$6:$AD$57,3,FALSE()))+IF(クリーチャー_3!U56="－","0",VLOOKUP(クリーチャー_3!U56,$Z$6:$AD$57,3,FALSE()))+IF(クリーチャー_3!S57="－","0",VLOOKUP(クリーチャー_3!S57,$Z$6:$AD$57,3,FALSE()))+IF(クリーチャー_3!T57="－","0",VLOOKUP(クリーチャー_3!T57,$Z$6:$AD$57,3,FALSE()))+IF(クリーチャー_3!U57="－","0",VLOOKUP(クリーチャー_3!U57,$Z$6:$AD$57,3,FALSE())) -> 0 | AX58: =IF(クリーチャー_3!S56="－","0",VLOOKUP(クリーチャー_3!S56,$Z$6:$AD$57,4,FALSE()))+IF(クリーチャー_3!T56="－","0",VLOOKUP(クリーチャー_3!T56,$Z$6:$AD$57,4,FALSE()))+IF(クリーチャー_3!U56="－","0",VLOOKUP(クリーチャー_3!U56,$Z$6:$AD$57,4,FALSE()))+IF(クリーチャー_3!S57="－","0",VLOOKUP(クリーチャー_3!S57,$Z$6:$AD$57,4,FALSE()))+IF(クリーチャー_3!T57="－","0",VLOOKUP(クリーチャー_3!T57,$Z$6:$AD$57,4,FALSE()))+IF(クリーチャー_3!U57="－","0",VLOOKUP(クリーチャー_3!U57,$Z$6:$AD$57,4,FALSE())) -> 0 | AY58: =COUNTIFS(クリーチャー_3!S56:U57,"強化*") -> 0 | AZ58: =COUNTIFS(クリーチャー_3!S56:U57,"減衰*") -> 0
B59: SE | C59: =IF(応用技!H56="－","0",VLOOKUP(応用技!H56,$V$15:$X$28,2,FALSE()))+IF(応用技!I56="－","0",VLOOKUP(応用技!I56,$V$15:$X$28,2,FALSE()))+IF(応用技!J56="－","0",VLOOKUP(応用技!J56,$V$15:$X$28,2,FALSE()))+IF(応用技!H57="－","0",VLOOKUP(応用技!H57,$V$15:$X$28,2,FALSE()))+IF(応用技!I57="－","0",VLOOKUP(応用技!I57,$V$15:$X$28,2,FALSE()))+IF(応用技!J57="－","0",VLOOKUP(応用技!J57,$V$15:$X$28,2,FALSE())) -> 0 | D59: =IF(応用技!H56="－","0",VLOOKUP(応用技!H56,$V$15:$X$28,3,FALSE()))+IF(応用技!I56="－","0",VLOOKUP(応用技!I56,$V$15:$X$28,3,FALSE()))+IF(応用技!J56="－","0",VLOOKUP(応用技!J56,$V$15:$X$28,3,FALSE()))+IF(応用技!H57="－","0",VLOOKUP(応用技!H57,$V$15:$X$28,3,FALSE()))+IF(応用技!I57="－","0",VLOOKUP(応用技!I57,$V$15:$X$28,3,FALSE()))+IF(応用技!J57="－","0",VLOOKUP(応用技!J57,$V$15:$X$28,3,FALSE())) -> 0 | AG59: SE | AH59: =IF(クリーチャー!V56="－","0",VLOOKUP(クリーチャー!V56,$V$15:$X$28,2,FALSE())) +IF(クリーチャー!W56="－","0",VLOOKUP(クリーチャー!W56,$V$15:$X$28,2,FALSE())) +IF(クリーチャー!X56="－","0",VLOOKUP(クリーチャー!X56,$V$15:$X$28,2,FALSE())) +IF(クリーチャー!V57="－","0",VLOOKUP(クリーチャー!V57,$V$15:$X$28,2,FALSE())) +IF(クリーチャー!W57="－","0",VLOOKUP(クリーチャー!W57,$V$15:$X$28,2,FALSE())) +IF(クリーチャー!X57="－","0",VLOOKUP(クリーチャー!X57,$V$15:$X$28,2,FALSE())) -> 0 | AI59: =IF(クリーチャー!V56="－","0",VLOOKUP(クリーチャー!V56,$V$15:$X$28,3,FALSE())) +IF(クリーチャー!W56="－","0",VLOOKUP(クリーチャー!W56,$V$15:$X$28,3,FALSE())) +IF(クリーチャー!X56="－","0",VLOOKUP(クリーチャー!X56,$V$15:$X$28,3,FALSE())) +IF(クリーチャー!V57="－","0",VLOOKUP(クリーチャー!V57,$V$15:$X$28,3,FALSE())) +IF(クリーチャー!W57="－","0",VLOOKUP(クリーチャー!W57,$V$15:$X$28,3,FALSE())) +IF(クリーチャー!X57="－","0",VLOOKUP(クリーチャー!X57,$V$15:$X$28,3,FALSE())) -> 0 | AN59: SE | AO59: =IF(クリーチャー_2!V56="－","0",VLOOKUP(クリーチャー_2!V56,$V$15:$X$28,2,FALSE()))+IF(クリーチャー_2!W56="－","0",VLOOKUP(クリーチャー_2!W56,$V$15:$X$28,2,FALSE()))+IF(クリーチャー_2!X56="－","0",VLOOKUP(クリーチャー_2!X56,$V$15:$X$28,2,FALSE()))+IF(クリーチャー_2!V57="－","0",VLOOKUP(クリーチャー_2!V57,$V$15:$X$28,2,FALSE()))+IF(クリーチャー_2!W57="－","0",VLOOKUP(クリーチャー_2!W57,$V$15:$X$28,2,FALSE()))+IF(クリーチャー_2!X57="－","0",VLOOKUP(クリーチャー_2!X57,$V$15:$X$28,2,FALSE())) -> 0 | AP59: =IF(クリーチャー_2!V56="－","0",VLOOKUP(クリーチャー_2!V56,$V$15:$X$28,3,FALSE()))+IF(クリーチャー_2!W56="－","0",VLOOKUP(クリーチャー_2!W56,$V$15:$X$28,3,FALSE()))+IF(クリーチャー_2!X56="－","0",VLOOKUP(クリーチャー_2!X56,$V$15:$X$28,3,FALSE()))+IF(クリーチャー_2!V57="－","0",VLOOKUP(クリーチャー_2!V57,$V$15:$X$28,3,FALSE()))+IF(クリーチャー_2!W57="－","0",VLOOKUP(クリーチャー_2!W57,$V$15:$X$28,3,FALSE()))+IF(クリーチャー_2!X57="－","0",VLOOKUP(クリーチャー_2!X57,$V$15:$X$28,3,FALSE())) -> 0 | AU59: SE | AV59: =IF(クリーチャー_3!V56="－","0",VLOOKUP(クリーチャー_3!V56,$V$15:$X$28,2,FALSE()))+IF(クリーチャー_3!W56="－","0",VLOOKUP(クリーチャー_3!W56,$V$15:$X$28,2,FALSE()))+IF(クリーチャー_3!X56="－","0",VLOOKUP(クリーチャー_3!X56,$V$15:$X$28,2,FALSE()))+IF(クリーチャー_3!V57="－","0",VLOOKUP(クリーチャー_3!V57,$V$15:$X$28,2,FALSE()))+IF(クリーチャー_3!W57="－","0",VLOOKUP(クリーチャー_3!W57,$V$15:$X$28,2,FALSE()))+IF(クリーチャー_3!X57="－","0",VLOOKUP(クリーチャー_3!X57,$V$15:$X$28,2,FALSE())) -> 0 | AW59: =IF(クリーチャー_3!V56="－","0",VLOOKUP(クリーチャー_3!V56,$V$15:$X$28,3,FALSE()))+IF(クリーチャー_3!W56="－","0",VLOOKUP(クリーチャー_3!W56,$V$15:$X$28,3,FALSE()))+IF(クリーチャー_3!X56="－","0",VLOOKUP(クリーチャー_3!X56,$V$15:$X$28,3,FALSE()))+IF(クリーチャー_3!V57="－","0",VLOOKUP(クリーチャー_3!V57,$V$15:$X$28,3,FALSE()))+IF(クリーチャー_3!W57="－","0",VLOOKUP(クリーチャー_3!W57,$V$15:$X$28,3,FALSE()))+IF(クリーチャー_3!X57="－","0",VLOOKUP(クリーチャー_3!X57,$V$15:$X$28,3,FALSE())) -> 0
B60: 合計 | C60: {=_xlfn.IFS(COUNTIF(応用技!E56:G57,"創造")>=1,SUM(C57:C59)+1&"～"&SUM(C57:C59)+10,COUNTIF(応用技!E56:G57,"限定*")>=1,"※",COUNTIF(応用技!E56:G57,"影響無効")>=1,"※",TRUE(),SUM(C57:C59))} -> 0 | D60: =SUM(D57:D59) -> 0 | E60: =SUM(E57:E59) -> 0 | AG60: 合計 | AH60: {=_xlfn.IFS(COUNTIF(クリーチャー!S56:U57,"創造")>=1,SUM(AH57:AH59)+1&"～"&SUM(AH57:AH59)+10,COUNTIF(クリーチャー!S56:U57,"限定*")>=1,"※",COUNTIF(クリーチャー!S56:U57,"影響無効")>=1,"※",TRUE(),SUM(AH57:AH59))} -> 0 | AI60: =SUM(AI57:AI59) -> 0 | AJ60: =SUM(AJ57:AJ59) -> 0 | AN60: 合計 | AO60: {=_xlfn.IFS(COUNTIF(クリーチャー_2!S56:U57,"創造")>=1,SUM(AO57:AO59)+1&"～"&SUM(AO57:AO59)+10,COUNTIF(クリーチャー_2!S56:U57,"限定*")>=1,"※",COUNTIF(クリーチャー_2!S56:U57,"影響無効")>=1,"※",TRUE(),SUM(AO57:AO59))} -> 0 | AP60: =SUM(AP57:AP59) -> 0 | AQ60: =SUM(AQ57:AQ59) -> 0 | AU60: 合計 | AV60: {=_xlfn.IFS(COUNTIF(クリーチャー_3!S56:U57,"創造")>=1,SUM(AV57:AV59)+1&"～"&SUM(AV57:AV59)+10,COUNTIF(クリーチャー_3!S56:U57,"限定*")>=1,"※",COUNTIF(クリーチャー_3!S56:U57,"影響無効")>=1,"※",TRUE(),SUM(AV57:AV59))} -> 0 | AW60: =SUM(AW57:AW59) -> 0 | AX60: =SUM(AX57:AX59) -> 0
B62: 技6 | C62: 消費 | D62: スペック | E62: 圧迫 | F62: 強化変数 | G62: 減衰変数
B63: 発動系統 | C63: =IF(応用技!B67="－","0",VLOOKUP(応用技!B67,計算用!$J$6:$L$11,2,FALSE()))+IF(応用技!C67="－","0",VLOOKUP(応用技!C67,計算用!$J$6:$L$11,2,FALSE()))+IF(応用技!D67="－","0",VLOOKUP(応用技!D67,計算用!$J$6:$L$11,2,FALSE()))+COUNTIF(応用技!B67:D67,"防御発動")^2 -> 0 | D63: =IF(応用技!B67="－","0",VLOOKUP(応用技!B67,$J$6:$L$11,3,FALSE()))+IF(応用技!C67="－","0",VLOOKUP(応用技!C67,$J$6:$L$11,3,FALSE()))+IF(応用技!D67="－","0",VLOOKUP(応用技!D67,$J$6:$L$11,3,FALSE())) -> 0
B64: 付加効果 | C64: {=IF(応用技!E67="－","0",VLOOKUP(応用技!E67,$N$6:$R$49,2,FALSE()))+IF(応用技!F67="－","0",VLOOKUP(応用技!F67,N6:$R$49,2,FALSE()))+IF(応用技!G67="－","0",VLOOKUP(応用技!G67,$N$6:$R$49,2,FALSE()))+IF(応用技!E68="－","0",VLOOKUP(応用技!E68,$N$6:$R$49,2,FALSE()))+IF(応用技!F68="－","0",VLOOKUP(応用技!F68,$N$6:$R$49,2,FALSE()))+IF(応用技!G68="－","0",VLOOKUP(応用技!G68,$N$6:$R$49,2,FALSE()))+_xlfn.IFS(F64>=2,1+2*(F64-1),F64=1,1,F64=0,0)+_xlfn.IFS(G64>=2,1+2*(G64-1),G64=1,1,G64=0,0)} -> 0 | D64: =IF(応用技!E67="－","0",VLOOKUP(応用技!E67,$N$6:$R$49,3,FALSE()))+IF(応用技!F67="－","0",VLOOKUP(応用技!F67,$N$6:$R$49,3,FALSE()))+IF(応用技!G67="－","0",VLOOKUP(応用技!G67,$N$6:$R$49,3,FALSE()))+IF(応用技!E68="－","0",VLOOKUP(応用技!E68,$N$6:$R$49,3,FALSE()))+IF(応用技!F68="－","0",VLOOKUP(応用技!F68,$N$6:$R$49,3,FALSE()))+IF(応用技!G68="－","0",VLOOKUP(応用技!G68,$N$6:$R$49,3,FALSE())) -> 0 | E64: =IF(応用技!E67="－","0",VLOOKUP(応用技!E67,$N$6:$R$49,4,FALSE()))+IF(応用技!F67="－","0",VLOOKUP(応用技!F67,$N$6:$R$49,4,FALSE()))+IF(応用技!G67="－","0",VLOOKUP(応用技!G67,$N$6:$R$49,4,FALSE()))+IF(応用技!E68="－","0",VLOOKUP(応用技!E68,$N$6:$R$49,4,FALSE()))+IF(応用技!F68="－","0",VLOOKUP(応用技!F68,$N$6:$R$49,4,FALSE()))+IF(応用技!G68="－","0",VLOOKUP(応用技!G68,$N$6:$R$49,4,FALSE())) -> 0 | F64: =COUNTIFS(応用技!E67:G68,"強化*") -> 0 | G64: =COUNTIFS(応用技!E67:G68,"減衰*") -> 0
B65: SE | C65: =IF(応用技!H67="－","0",VLOOKUP(応用技!H67,$J$15:$L$27,2,FALSE()))+IF(応用技!I67="－","0",VLOOKUP(応用技!I67,$J$15:$L$27,2,FALSE()))+IF(応用技!J67="－","0",VLOOKUP(応用技!J67,$J$15:$L$27,2,FALSE()))+IF(応用技!H68="－","0",VLOOKUP(応用技!H68,$J$15:$L$27,2,FALSE()))+IF(応用技!I68="－","0",VLOOKUP(応用技!I68,$J$15:$L$27,2,FALSE()))+IF(応用技!J68="－","0",VLOOKUP(応用技!J68,$J$15:$L$27,2,FALSE())) -> 0 | D65: =IF(応用技!H67="－","0",VLOOKUP(応用技!H67,$J$15:$L$27,3,FALSE()))+IF(応用技!I67="－","0",VLOOKUP(応用技!I67,$J$15:$L$27,3,FALSE()))+IF(応用技!J67="－","0",VLOOKUP(応用技!J67,$J$15:$L$27,3,FALSE()))+IF(応用技!H68="－","0",VLOOKUP(応用技!H68,$J$15:$L$27,3,FALSE()))+IF(応用技!I68="－","0",VLOOKUP(応用技!I68,$J$15:$L$27,3,FALSE()))+IF(応用技!J68="－","0",VLOOKUP(応用技!J68,$J$15:$L$27,3,FALSE())) -> 0
B66: 合計 | C66: {=_xlfn.IFS(COUNTIF(応用技!E67:G68,"創造")>=1,SUM(C63:C65)+1&"～"&SUM(C63:C65)+10,COUNTIF(応用技!E67:G68,"限定*")>=1,"※",COUNTIF(応用技!E67:G68,"影響無効")>=1,"※",TRUE(),SUM(C63:C65))} -> 0 | D66: =SUM(D63:D65) -> 0 | E66: =SUM(E63:E65) -> 0
B68: 技6（蟹） | C68: 消費 | D68: スペック | E68: 圧迫 | F68: 強化変数 | G68: 減衰変数
B69: 発動系統 | C69: =IF(応用技!B67="－","0",VLOOKUP(応用技!B67,計算用!$V$6:$X$11,2,FALSE()))+IF(応用技!C67="－","0",VLOOKUP(応用技!C67,計算用!$V$6:$X$11,2,FALSE()))+IF(応用技!D67="－","0",VLOOKUP(応用技!D67,計算用!$V$6:$X$11,2,FALSE()))+COUNTIF(応用技!B67:D67,"防御発動")^2 -> 0 | D69: =IF(応用技!B67="－","0",VLOOKUP(応用技!B67,$J$6:$L$11,3,FALSE()))+IF(応用技!C67="－","0",VLOOKUP(応用技!C67,$J$6:$L$11,3,FALSE()))+IF(応用技!D67="－","0",VLOOKUP(応用技!D67,$J$6:$L$11,3,FALSE())) -> 0
B70: 付加効果 | C70: {=IF(応用技!E67="－","0",VLOOKUP(応用技!E67,$Z$6:$AD$57,2,FALSE()))+IF(応用技!F67="－","0",VLOOKUP(応用技!F67,Z6:$AD$57,2,FALSE()))+IF(応用技!G67="－","0",VLOOKUP(応用技!G67,$Z$6:$AD$57,2,FALSE()))+IF(応用技!E68="－","0",VLOOKUP(応用技!E68,$Z$6:$AD$57,2,FALSE()))+IF(応用技!F68="－","0",VLOOKUP(応用技!F68,$Z$6:$AD$57,2,FALSE()))+IF(応用技!G68="－","0",VLOOKUP(応用技!G68,$Z$6:$AD$57,2,FALSE()))+_xlfn.IFS(F70>=2,1+2*(F70-1),F70=1,1,F70=0,0)+_xlfn.IFS(G70>=2,1+2*(G70-1),G70=1,1,G70=0,0)} -> 0 | D70: =IF(応用技!E67="－","0",VLOOKUP(応用技!E67,$Z$6:$AD$57,3,FALSE()))+IF(応用技!F67="－","0",VLOOKUP(応用技!F67,$Z$6:$AD$57,3,FALSE()))+IF(応用技!G67="－","0",VLOOKUP(応用技!G67,$Z$6:$AD$57,3,FALSE()))+IF(応用技!E68="－","0",VLOOKUP(応用技!E68,$Z$6:$AD$57,3,FALSE()))+IF(応用技!F68="－","0",VLOOKUP(応用技!F68,$Z$6:$AD$57,3,FALSE()))+IF(応用技!G68="－","0",VLOOKUP(応用技!G68,$Z$6:$AD$57,3,FALSE())) -> 0 | E70: =IF(応用技!E67="－","0",VLOOKUP(応用技!E67,$Z$6:$AD$57,4,FALSE())) +IF(応用技!F67="－","0",VLOOKUP(応用技!F67,$Z$6:$AD$57,4,FALSE())) +IF(応用技!G67="－","0",VLOOKUP(応用技!G67,$Z$6:$AD$57,4,FALSE())) +IF(応用技!E68="－","0",VLOOKUP(応用技!E68,$Z$6:$AD$57,4,FALSE())) +IF(応用技!F68="－","0",VLOOKUP(応用技!F68,$Z$6:$AD$57,4,FALSE())) +IF(応用技!G68="－","0",VLOOKUP(応用技!G68,$Z$6:$AD$57,4,FALSE())) -> 0 | F70: =COUNTIFS(応用技!E67:G68,"強化*") -> 0 | G70: =COUNTIFS(応用技!E67:G68,"減衰*") -> 0
B71: SE | C71: =IF(応用技!H67="－","0",VLOOKUP(応用技!H67,$V$15:$X$28,2,FALSE()))+IF(応用技!I67="－","0",VLOOKUP(応用技!I67,$V$15:$X$28,2,FALSE()))+IF(応用技!J67="－","0",VLOOKUP(応用技!J67,$V$15:$X$28,2,FALSE()))+IF(応用技!H68="－","0",VLOOKUP(応用技!H68,$V$15:$X$28,2,FALSE()))+IF(応用技!I68="－","0",VLOOKUP(応用技!I68,$V$15:$X$28,2,FALSE()))+IF(応用技!J68="－","0",VLOOKUP(応用技!J68,$V$15:$X$28,2,FALSE())) -> 0 | D71: =IF(応用技!H67="－","0",VLOOKUP(応用技!H67,$V$15:$X$28,3,FALSE()))+IF(応用技!I67="－","0",VLOOKUP(応用技!I67,$V$15:$X$28,3,FALSE()))+IF(応用技!J67="－","0",VLOOKUP(応用技!J67,$V$15:$X$28,3,FALSE()))+IF(応用技!H68="－","0",VLOOKUP(応用技!H68,$V$15:$X$28,3,FALSE()))+IF(応用技!I68="－","0",VLOOKUP(応用技!I68,$V$15:$X$28,3,FALSE()))+IF(応用技!J68="－","0",VLOOKUP(応用技!J68,$V$15:$X$28,3,FALSE())) -> 0
B72: 合計 | C72: {=_xlfn.IFS(COUNTIF(応用技!E67:G68,"創造")>=1,SUM(C69:C71)+1&"～"&SUM(C69:C71)+10,COUNTIF(応用技!E67:G68,"限定*")>=1,"※",COUNTIF(応用技!E67:G68,"影響無効")>=1,"※",TRUE(),SUM(C69:C71))} -> 0 | D72: =SUM(D69:D71) -> 0 | E72: =SUM(E69:E71) -> 0
B74: 技7 | C74: 消費 | D74: スペック | E74: 圧迫 | F74: 強化変数 | G74: 減衰変数
B75: 発動系統 | C75: =IF(応用技!B78="－","0",VLOOKUP(応用技!B78,計算用!$J$6:$L$11,2,FALSE()))+IF(応用技!C78="－","0",VLOOKUP(応用技!C78,計算用!$J$6:$L$11,2,FALSE()))+IF(応用技!D78="－","0",VLOOKUP(応用技!D78,計算用!$J$6:$L$11,2,FALSE()))+COUNTIF(応用技!B78:D78,"防御発動")^2 -> 0 | D75: =IF(応用技!B78="－","0",VLOOKUP(応用技!B78,$J$6:$L$11,3,FALSE()))+IF(応用技!C78="－","0",VLOOKUP(応用技!C78,$J$6:$L$11,3,FALSE()))+IF(応用技!D78="－","0",VLOOKUP(応用技!D78,$J$6:$L$11,3,FALSE())) -> 0
B76: 付加効果 | C76: {=IF(応用技!E78="－","0",VLOOKUP(応用技!E78,$N$6:$R$49,2,FALSE()))+IF(応用技!F78="－","0",VLOOKUP(応用技!F78,N6:$R$49,2,FALSE()))+IF(応用技!G78="－","0",VLOOKUP(応用技!G78,$N$6:$R$49,2,FALSE()))+IF(応用技!E79="－","0",VLOOKUP(応用技!E79,$N$6:$R$49,2,FALSE()))+IF(応用技!F79="－","0",VLOOKUP(応用技!F79,$N$6:$R$49,2,FALSE()))+IF(応用技!G79="－","0",VLOOKUP(応用技!G79,$N$6:$R$49,2,FALSE()))+_xlfn.IFS(F76>=2,1+2*(F76-1),F76=1,1,F76=0,0)+_xlfn.IFS(G76>=2,1+2*(G76-1),G76=1,1,G76=0,0)} -> 0 | D76: =IF(応用技!E78="－","0",VLOOKUP(応用技!E78,$N$6:$R$49,3,FALSE()))+IF(応用技!F78="－","0",VLOOKUP(応用技!F78,$N$6:$R$49,3,FALSE()))+IF(応用技!G78="－","0",VLOOKUP(応用技!G78,$N$6:$R$49,3,FALSE()))+IF(応用技!E79="－","0",VLOOKUP(応用技!E79,$N$6:$R$49,3,FALSE()))+IF(応用技!F79="－","0",VLOOKUP(応用技!F79,$N$6:$R$49,3,FALSE()))+IF(応用技!G79="－","0",VLOOKUP(応用技!G79,$N$6:$R$49,3,FALSE())) -> 0 | E76: =IF(応用技!E78="－","0",VLOOKUP(応用技!E78,$N$6:$R$49,4,FALSE()))+IF(応用技!F78="－","0",VLOOKUP(応用技!F78,$N$6:$R$49,4,FALSE()))+IF(応用技!G78="－","0",VLOOKUP(応用技!G78,$N$6:$R$49,4,FALSE()))+IF(応用技!E79="－","0",VLOOKUP(応用技!E79,$N$6:$R$49,4,FALSE()))+IF(応用技!F79="－","0",VLOOKUP(応用技!F79,$N$6:$R$49,4,FALSE()))+IF(応用技!G79="－","0",VLOOKUP(応用技!G79,$N$6:$R$49,4,FALSE())) -> 0 | F76: =COUNTIFS(応用技!E78:G79,"強化*") -> 0 | G76: =COUNTIFS(応用技!E78:G79,"減衰*") -> 0
B77: SE | C77: =IF(応用技!H78="－","0",VLOOKUP(応用技!H78,$J$15:$L$27,2,FALSE()))+IF(応用技!I78="－","0",VLOOKUP(応用技!I78,$J$15:$L$27,2,FALSE()))+IF(応用技!J78="－","0",VLOOKUP(応用技!J78,$J$15:$L$27,2,FALSE()))+IF(応用技!H79="－","0",VLOOKUP(応用技!H79,$J$15:$L$27,2,FALSE()))+IF(応用技!I79="－","0",VLOOKUP(応用技!I79,$J$15:$L$27,2,FALSE()))+IF(応用技!J79="－","0",VLOOKUP(応用技!J79,$J$15:$L$27,2,FALSE())) -> 0 | D77: =IF(応用技!H78="－","0",VLOOKUP(応用技!H78,$J$15:$L$27,3,FALSE()))+IF(応用技!I78="－","0",VLOOKUP(応用技!I78,$J$15:$L$27,3,FALSE()))+IF(応用技!J78="－","0",VLOOKUP(応用技!J78,$J$15:$L$27,3,FALSE()))+IF(応用技!H79="－","0",VLOOKUP(応用技!H79,$J$15:$L$27,3,FALSE()))+IF(応用技!I79="－","0",VLOOKUP(応用技!I79,$J$15:$L$27,3,FALSE()))+IF(応用技!J79="－","0",VLOOKUP(応用技!J79,$J$15:$L$27,3,FALSE())) -> 0
B78: 合計 | C78: {=_xlfn.IFS(COUNTIF(応用技!E78:G79,"創造")>=1,SUM(C75:C77)+1&"～"&SUM(C75:C77)+10,COUNTIF(応用技!E78:G79,"限定*")>=1,"※",COUNTIF(応用技!E78:G79,"影響無効")>=1,"※",TRUE(),SUM(C75:C77))} -> 0 | D78: =SUM(D75:D77) -> 0 | E78: =SUM(E75:E77) -> 0
B80: 技7（蟹） | C80: 消費 | D80: スペック | E80: 圧迫 | F80: 強化変数 | G80: 減衰変数
B81: 発動系統 | C81: =IF(応用技!B78="－","0",VLOOKUP(応用技!B78,計算用!$V$6:$X$11,2,FALSE()))+IF(応用技!C78="－","0",VLOOKUP(応用技!C78,計算用!$V$6:$X$11,2,FALSE()))+IF(応用技!D78="－","0",VLOOKUP(応用技!D78,計算用!$V$6:$X$11,2,FALSE()))+COUNTIF(応用技!B78:D78,"防御発動")^2 -> 0 | D81: =IF(応用技!B78="－","0",VLOOKUP(応用技!B78,$J$6:$L$11,3,FALSE()))+IF(応用技!C78="－","0",VLOOKUP(応用技!C78,$J$6:$L$11,3,FALSE()))+IF(応用技!D78="－","0",VLOOKUP(応用技!D78,$J$6:$L$11,3,FALSE())) -> 0
B82: 付加効果 | C82: {=IF(応用技!E78="－","0",VLOOKUP(応用技!E78,$Z$6:$AD$57,2,FALSE()))+IF(応用技!F78="－","0",VLOOKUP(応用技!F78,Z6:$AD$57,2,FALSE()))+IF(応用技!G78="－","0",VLOOKUP(応用技!G78,$Z$6:$AD$57,2,FALSE()))+IF(応用技!E79="－","0",VLOOKUP(応用技!E79,$Z$6:$AD$57,2,FALSE()))+IF(応用技!F79="－","0",VLOOKUP(応用技!F79,$Z$6:$AD$57,2,FALSE()))+IF(応用技!G79="－","0",VLOOKUP(応用技!G79,$Z$6:$AD$57,2,FALSE()))+_xlfn.IFS(F82>=2,1+2*(F82-1),F82=1,1,F82=0,0)+_xlfn.IFS(G82>=2,1+2*(G82-1),G82=1,1,G82=0,0)} -> 0 | D82: =IF(応用技!E78="－","0",VLOOKUP(応用技!E78,$Z$6:$AD$57,3,FALSE()))+IF(応用技!F78="－","0",VLOOKUP(応用技!F78,$Z$6:$AD$57,3,FALSE()))+IF(応用技!G78="－","0",VLOOKUP(応用技!G78,$Z$6:$AD$57,3,FALSE()))+IF(応用技!E79="－","0",VLOOKUP(応用技!E79,$Z$6:$AD$57,3,FALSE()))+IF(応用技!F79="－","0",VLOOKUP(応用技!F79,$Z$6:$AD$57,3,FALSE()))+IF(応用技!G79="－","0",VLOOKUP(応用技!G79,$Z$6:$AD$57,3,FALSE())) -> 0 | E82: =IF(応用技!E78="－","0",VLOOKUP(応用技!E78,$Z$6:$AD$57,4,FALSE())) +IF(応用技!F78="－","0",VLOOKUP(応用技!F78,$Z$6:$AD$57,4,FALSE())) +IF(応用技!G78="－","0",VLOOKUP(応用技!G78,$Z$6:$AD$57,4,FALSE())) +IF(応用技!E79="－","0",VLOOKUP(応用技!E79,$Z$6:$AD$57,4,FALSE())) +IF(応用技!F79="－","0",VLOOKUP(応用技!F79,$Z$6:$AD$57,4,FALSE())) +IF(応用技!G79="－","0",VLOOKUP(応用技!G79,$Z$6:$AD$57,4,FALSE())) -> 0 | F82: =COUNTIFS(応用技!E78:G79,"強化*") -> 0 | G82: =COUNTIFS(応用技!E78:G79,"減衰*") -> 0
B83: SE | C83: =IF(応用技!H78="－","0",VLOOKUP(応用技!H78,$V$15:$X$28,2,FALSE()))+IF(応用技!I78="－","0",VLOOKUP(応用技!I78,$V$15:$X$28,2,FALSE()))+IF(応用技!J78="－","0",VLOOKUP(応用技!J78,$V$15:$X$28,2,FALSE()))+IF(応用技!H79="－","0",VLOOKUP(応用技!H79,$V$15:$X$28,2,FALSE()))+IF(応用技!I79="－","0",VLOOKUP(応用技!I79,$V$15:$X$28,2,FALSE()))+IF(応用技!J79="－","0",VLOOKUP(応用技!J79,$V$15:$X$28,2,FALSE())) -> 0 | D83: =IF(応用技!H78="－","0",VLOOKUP(応用技!H78,$V$15:$X$28,3,FALSE()))+IF(応用技!I78="－","0",VLOOKUP(応用技!I78,$V$15:$X$28,3,FALSE()))+IF(応用技!J78="－","0",VLOOKUP(応用技!J78,$V$15:$X$28,3,FALSE()))+IF(応用技!H79="－","0",VLOOKUP(応用技!H79,$V$15:$X$28,3,FALSE()))+IF(応用技!I79="－","0",VLOOKUP(応用技!I79,$V$15:$X$28,3,FALSE()))+IF(応用技!J79="－","0",VLOOKUP(応用技!J79,$V$15:$X$28,3,FALSE())) -> 0
B84: 合計 | C84: {=_xlfn.IFS(COUNTIF(応用技!E78:G79,"創造")>=1,SUM(C81:C83)+1&"～"&SUM(C81:C83)+10,COUNTIF(応用技!E78:G79,"限定*")>=1,"※",COUNTIF(応用技!E78:G79,"影響無効")>=1,"※",TRUE(),SUM(C81:C83))} -> 0 | D84: =SUM(D81:D83) -> 0 | E84: =SUM(E81:E83) -> 0
B86: 技8 | C86: 消費 | D86: スペック | E86: 圧迫 | F86: 強化変数 | G86: 減衰変数
B87: 発動系統 | C87: =IF(応用技!B89="－","0",VLOOKUP(応用技!B89,計算用!$J$6:$L$11,2,FALSE()))+IF(応用技!C89="－","0",VLOOKUP(応用技!C89,計算用!$J$6:$L$11,2,FALSE()))+IF(応用技!D89="－","0",VLOOKUP(応用技!D89,計算用!$J$6:$L$11,2,FALSE()))+COUNTIF(応用技!B89:D89,"防御発動")^2 -> 0 | D87: =IF(応用技!B89="－","0",VLOOKUP(応用技!B89,$J$6:$L$11,3,FALSE()))+IF(応用技!C89="－","0",VLOOKUP(応用技!C89,$J$6:$L$11,3,FALSE()))+IF(応用技!D89="－","0",VLOOKUP(応用技!D89,$J$6:$L$11,3,FALSE())) -> 0
B88: 付加効果 | C88: {=IF(応用技!E89="－","0",VLOOKUP(応用技!E89,$N$6:$R$49,2,FALSE()))+IF(応用技!F89="－","0",VLOOKUP(応用技!F89,N6:$R$49,2,FALSE()))+IF(応用技!G89="－","0",VLOOKUP(応用技!G89,$N$6:$R$49,2,FALSE()))+IF(応用技!E90="－","0",VLOOKUP(応用技!E90,$N$6:$R$49,2,FALSE()))+IF(応用技!F90="－","0",VLOOKUP(応用技!F90,$N$6:$R$49,2,FALSE()))+IF(応用技!G90="－","0",VLOOKUP(応用技!G90,$N$6:$R$49,2,FALSE()))+_xlfn.IFS(F88>=2,1+2*(F88-1),F88=1,1,F88=0,0)+_xlfn.IFS(G88>=2,1+2*(G88-1),G88=1,1,G88=0,0)} -> 0 | D88: =IF(応用技!E89="－","0",VLOOKUP(応用技!E89,$N$6:$R$49,3,FALSE()))+IF(応用技!F89="－","0",VLOOKUP(応用技!F89,$N$6:$R$49,3,FALSE()))+IF(応用技!G89="－","0",VLOOKUP(応用技!G89,$N$6:$R$49,3,FALSE()))+IF(応用技!E90="－","0",VLOOKUP(応用技!E90,$N$6:$R$49,3,FALSE()))+IF(応用技!F90="－","0",VLOOKUP(応用技!F90,$N$6:$R$49,3,FALSE()))+IF(応用技!G90="－","0",VLOOKUP(応用技!G90,$N$6:$R$49,3,FALSE())) -> 0 | E88: =IF(応用技!E89="－","0",VLOOKUP(応用技!E89,$N$6:$R$49,4,FALSE()))+IF(応用技!F89="－","0",VLOOKUP(応用技!F89,$N$6:$R$49,4,FALSE()))+IF(応用技!G89="－","0",VLOOKUP(応用技!G89,$N$6:$R$49,4,FALSE()))+IF(応用技!E90="－","0",VLOOKUP(応用技!E90,$N$6:$R$49,4,FALSE()))+IF(応用技!F90="－","0",VLOOKUP(応用技!F90,$N$6:$R$49,4,FALSE()))+IF(応用技!G90="－","0",VLOOKUP(応用技!G90,$N$6:$R$49,4,FALSE())) -> 0 | F88: =COUNTIFS(応用技!E89:G90,"強化*") -> 0 | G88: =COUNTIFS(応用技!E89:G90,"減衰*") -> 0
B89: SE | C89: =IF(応用技!H89="－","0",VLOOKUP(応用技!H89,$J$15:$L$27,2,FALSE()))+IF(応用技!I89="－","0",VLOOKUP(応用技!I89,$J$15:$L$27,2,FALSE()))+IF(応用技!J89="－","0",VLOOKUP(応用技!J89,$J$15:$L$27,2,FALSE()))+IF(応用技!H90="－","0",VLOOKUP(応用技!H90,$J$15:$L$27,2,FALSE()))+IF(応用技!I90="－","0",VLOOKUP(応用技!I90,$J$15:$L$27,2,FALSE()))+IF(応用技!J90="－","0",VLOOKUP(応用技!J90,$J$15:$L$27,2,FALSE())) -> 0 | D89: =IF(応用技!H89="－","0",VLOOKUP(応用技!H89,$J$15:$L$27,3,FALSE()))+IF(応用技!I89="－","0",VLOOKUP(応用技!I89,$J$15:$L$27,3,FALSE()))+IF(応用技!J89="－","0",VLOOKUP(応用技!J89,$J$15:$L$27,3,FALSE()))+IF(応用技!H90="－","0",VLOOKUP(応用技!H90,$J$15:$L$27,3,FALSE()))+IF(応用技!I90="－","0",VLOOKUP(応用技!I90,$J$15:$L$27,3,FALSE()))+IF(応用技!J90="－","0",VLOOKUP(応用技!J90,$J$15:$L$27,3,FALSE())) -> 0
B90: 合計 | C90: {=_xlfn.IFS(COUNTIF(応用技!E89:G90,"創造")>=1,SUM(C87:C89)+1&"～"&SUM(C87:C89)+10,COUNTIF(応用技!E89:G90,"限定*")>=1,"※",COUNTIF(応用技!E89:G90,"影響無効")>=1,"※",TRUE(),SUM(C87:C89))} -> 0 | D90: =SUM(D87:D89) -> 0 | E90: =SUM(E87:E89) -> 0
B92: 技8（蟹） | C92: 消費 | D92: スペック | E92: 圧迫 | F92: 強化変数 | G92: 減衰変数
B93: 発動系統 | C93: =IF(応用技!B89="－","0",VLOOKUP(応用技!B89,計算用!$V$6:$X$11,2,FALSE()))+IF(応用技!C89="－","0",VLOOKUP(応用技!C89,計算用!$V$6:$X$11,2,FALSE()))+IF(応用技!D89="－","0",VLOOKUP(応用技!D89,計算用!$V$6:$X$11,2,FALSE()))+COUNTIF(応用技!B89:D89,"防御発動")^2 -> 0 | D93: =IF(応用技!B89="－","0",VLOOKUP(応用技!B89,$J$6:$L$11,3,FALSE()))+IF(応用技!C89="－","0",VLOOKUP(応用技!C89,$J$6:$L$11,3,FALSE()))+IF(応用技!D89="－","0",VLOOKUP(応用技!D89,$J$6:$L$11,3,FALSE())) -> 0
B94: 付加効果 | C94: {=IF(応用技!E89="－","0",VLOOKUP(応用技!E89,$Z$6:$AD$57,2,FALSE()))+IF(応用技!F89="－","0",VLOOKUP(応用技!F89,Z6:$AD$57,2,FALSE()))+IF(応用技!G89="－","0",VLOOKUP(応用技!G89,$Z$6:$AD$57,2,FALSE()))+IF(応用技!E90="－","0",VLOOKUP(応用技!E90,$Z$6:$AD$57,2,FALSE()))+IF(応用技!F90="－","0",VLOOKUP(応用技!F90,$Z$6:$AD$57,2,FALSE()))+IF(応用技!G90="－","0",VLOOKUP(応用技!G90,$Z$6:$AD$57,2,FALSE()))+_xlfn.IFS(F94>=2,1+2*(F94-1),F94=1,1,F94=0,0)+_xlfn.IFS(G94>=2,1+2*(G94-1),G94=1,1,G94=0,0)} -> 0 | D94: =IF(応用技!E89="－","0",VLOOKUP(応用技!E89,$Z$6:$AD$57,3,FALSE()))+IF(応用技!F89="－","0",VLOOKUP(応用技!F89,$Z$6:$AD$57,3,FALSE()))+IF(応用技!G89="－","0",VLOOKUP(応用技!G89,$Z$6:$AD$57,3,FALSE()))+IF(応用技!E90="－","0",VLOOKUP(応用技!E90,$Z$6:$AD$57,3,FALSE()))+IF(応用技!F90="－","0",VLOOKUP(応用技!F90,$Z$6:$AD$57,3,FALSE()))+IF(応用技!G90="－","0",VLOOKUP(応用技!G90,$Z$6:$AD$57,3,FALSE())) -> 0 | E94: =IF(応用技!E89="－","0",VLOOKUP(応用技!E89,$Z$6:$AD$57,4,FALSE())) +IF(応用技!F89="－","0",VLOOKUP(応用技!F89,$Z$6:$AD$57,4,FALSE())) +IF(応用技!G89="－","0",VLOOKUP(応用技!G89,$Z$6:$AD$57,4,FALSE())) +IF(応用技!E90="－","0",VLOOKUP(応用技!E90,$Z$6:$AD$57,4,FALSE())) +IF(応用技!F90="－","0",VLOOKUP(応用技!F90,$Z$6:$AD$57,4,FALSE())) +IF(応用技!G90="－","0",VLOOKUP(応用技!G90,$Z$6:$AD$57,4,FALSE())) -> 0 | F94: =COUNTIFS(応用技!E89:G90,"強化*") -> 0 | G94: =COUNTIFS(応用技!E89:G90,"減衰*") -> 0
B95: SE | C95: =IF(応用技!H89="－","0",VLOOKUP(応用技!H89,$V$15:$X$28,2,FALSE()))+IF(応用技!I89="－","0",VLOOKUP(応用技!I89,$V$15:$X$28,2,FALSE()))+IF(応用技!J89="－","0",VLOOKUP(応用技!J89,$V$15:$X$28,2,FALSE()))+IF(応用技!H90="－","0",VLOOKUP(応用技!H90,$V$15:$X$28,2,FALSE()))+IF(応用技!I90="－","0",VLOOKUP(応用技!I90,$V$15:$X$28,2,FALSE()))+IF(応用技!J90="－","0",VLOOKUP(応用技!J90,$V$15:$X$28,2,FALSE())) -> 0 | D95: =IF(応用技!H89="－","0",VLOOKUP(応用技!H89,$V$15:$X$28,3,FALSE()))+IF(応用技!I89="－","0",VLOOKUP(応用技!I89,$V$15:$X$28,3,FALSE()))+IF(応用技!J89="－","0",VLOOKUP(応用技!J89,$V$15:$X$28,3,FALSE()))+IF(応用技!H90="－","0",VLOOKUP(応用技!H90,$V$15:$X$28,3,FALSE()))+IF(応用技!I90="－","0",VLOOKUP(応用技!I90,$V$15:$X$28,3,FALSE()))+IF(応用技!J90="－","0",VLOOKUP(応用技!J90,$V$15:$X$28,3,FALSE())) -> 0
B96: 合計 | C96: {=_xlfn.IFS(COUNTIF(応用技!E89:G90,"創造")>=1,SUM(C93:C95)+1&"～"&SUM(C93:C95)+10,COUNTIF(応用技!E89:G90,"限定*")>=1,"※",COUNTIF(応用技!E89:G90,"影響無効")>=1,"※",TRUE(),SUM(C93:C95))} -> 0 | D96: =SUM(D93:D95) -> 0 | E96: =SUM(E93:E95) -> 0
B98: 圧迫合計 | E98: =SUM(E6,E18,E30,E42,E54,E66,E78,E90) -> 0
B99: 圧迫合計蟹 | E99: =SUM(E96,E84,E72,E60,E48,E36,E24,E12) -> 0
B101: 性質センサ
B102: 性質【増強】 | C102: =COUNTIF(応用技!$B$12:$J$90,計算用!B102) -> 0
B103: 性質【反応】 | C103: =COUNTIF(応用技!$B$12:$J$90,計算用!B103) -> 0
B104: 性質【感覚】 | C104: =COUNTIF(応用技!$B$12:$J$90,計算用!B104) -> 0
B105: 性質【幸運】 | C105: =COUNTIF(応用技!$B$12:$J$90,計算用!B105) -> 0
B106: 性質【威力】 | C106: =COUNTIF(応用技!$B$12:$J$90,計算用!B106) -> 0
B107: 性質【耐性】 | C107: =COUNTIF(応用技!$B$12:$J$90,計算用!B107) -> 0

Sheet クリーチャー
B2: クリーチャー名 | I2: 創造タイプ | K2: － | P2: 能力応用技 ※応用技は最大８個まで
P4: 発動スペック | R4: =F23 -> 2 | S4: 防御発動量 | U4: =ROUNDDOWN((C23)/2,0) -> 2 | V4: 付加補正量 | X4: =ROUNDDOWN((C23)/3,0) -> 1
B5: 使用PP | D5: 0 | F5: クリーチャー判定値 | H5: =C23 -> 4 | I5: =IF(L2="探索型",ROUNDDOWN(D23/3,0)+D23,D23) -> 0 | J5: クリーチャー能力タイプ | L5: －
B8: ステータス | F8: 取得探索技能 | I8: クリーチャーイメージ | P8: 技名 | U8: 射程 | V8: 技系統 | W8: 消費 | X8: 必要スペック
D9: 変動値 | U9: － | V9: － | W9: =IF(キャラシート!$I$3="蟹",計算用!AH12,計算用!AH6) -> 0 | X9: =IF(キャラシート!$I$3="蟹",計算用!AI12,計算用!AI6) -> 0
B10: HP | C10: =D5 -> 0 | F10: 取得可能数 | G10: =F23 -> 2
B11: SS | C11: =D5 -> 0 | P11: 発動系統 | S11: 付加効果 | V11: ＳＥ
B12: 命中力 | C12: =D5 -> 0 | P12: － | Q12: － | R12: － | S12: － | T12: － | U12: － | V12: － | W12: － | X12: －
B13: 回避力 | C13: =D5 -> 0 | S13: － | T13: － | U13: － | V13: － | W13: － | X13: －
B14: 防御力 | C14: =IF(K2="攻撃型",ROUNDDOWN(C23/3,0),0) -> 0 | P14: 効果補足
B15: 精神抵抗 | C15: =IF(K2="攻撃型",ROUNDDOWN(C23/3,0),0) -> 0
B16: 行動値 | C16: =D5 -> 0
P17: ※この行には具体的な補正量やトリガー条件などをお書き下さい。
B18: 攻撃力 | D18: ダメージボーナス | F18: 命中回避ダイス | G18: 探索判定ダイス
B19: =キャラシート!G35 -> 0 | C19: =キャラシート!H35 -> 0 | D19: =IF(K2="攻撃型",ROUNDDOWN(C23/3,0),0) -> 0 | F19: =IF(K2="速度型","2D6","1D6") -> 1D6 | G19: =IF(K2="探索型","2D6","1D6") -> 1D6 | P19: 技名 | U19: 射程 | V19: 技系統 | W19: 消費 | X19: 必要スペック
U20: － | V20: － | W20: =IF(キャラシート!$I$3="蟹",計算用!AH24,計算用!AH18) -> 0 | X20: =IF(キャラシート!$I$3="蟹",計算用!AI24,計算用!AI18) -> 0
B21: 能力名
P22: 発動系統 | S22: 付加効果 | V22: ＳＥ
B23: 能力精度 | C23: =キャラシート!H25-キャラシート!Y58 -> 4 | E23: 発動スペック | F23: =キャラシート!H27 -> 2 | P23: － | Q23: － | R23: － | S23: － | T23: － | U23: － | V23: － | W23: － | X23: －
B24: 能力説明 | S24: － | T24: － | U24: － | V24: － | W24: － | X24: －
P25: 効果補足
P28: ※この行には具体的な補正量やトリガー条件などをお書き下さい。
P30: 技名 | U30: 射程 | V30: 技系統 | W30: 消費 | X30: 必要スペック
B31: クリーチャー説明 | U31: － | V31: － | W31: =IF(キャラシート!$I$3="蟹",計算用!AH36,計算用!AH30) -> 0 | X31: =IF(キャラシート!$I$3="蟹",計算用!AI36,計算用!AI30) -> 0
P33: 発動系統 | S33: 付加効果 | V33: ＳＥ
P34: － | Q34: － | R34: － | S34: － | T34: － | U34: － | V34: － | W34: － | X34: －
S35: － | T35: － | U35: － | V35: － | W35: － | X35: －
P36: 効果補足
P39: ※この行には具体的な補正量やトリガー条件などをお書き下さい。
P41: 技名 | U41: 射程 | V41: 技系統 | W41: 消費 | X41: 必要スペック
U42: － | V42: － | W42: =IF(キャラシート!$I$3="蟹",計算用!AH48,計算用!AH42) -> 0 | X42: =IF(キャラシート!$I$3="蟹",計算用!AI48,計算用!AI42) -> 0
P44: 発動系統 | S44: 付加効果 | V44: ＳＥ
P45: － | Q45: － | R45: － | S45: － | T45: － | U45: － | V45: － | W45: － | X45: －
S46: － | T46: － | U46: － | V46: － | W46: － | X46: －
P47: 効果補足
P50: ※この行には具体的な補正量やトリガー条件などをお書き下さい。
P52: 技名 | U52: 射程 | V52: 技系統 | W52: 消費 | X52: 必要スペック
U53: － | V53: － | W53: =IF(キャラシート!$I$3="蟹",計算用!AH60,計算用!AH54) -> 0 | X53: =IF(キャラシート!$I$3="蟹",計算用!AI60,計算用!AI54) -> 0
P55: 発動系統 | S55: 付加効果 | V55: ＳＥ
P56: － | Q56: － | R56: － | S56: － | T56: － | U56: － | V56: － | W56: － | X56: －
S57: － | T57: － | U57: － | V57: － | W57: － | X57: －
P58: 効果補足
P61: ※この行には具体的な補正量やトリガー条件などをお書き下さい。

Sheet クリーチャー_2
B2: クリーチャー名 | I2: 創造タイプ | K2: － | P2: 能力応用技 ※応用技は最大８個まで
P4: 発動スペック | R4: =F23 -> 2 | S4: 防御発動量 | U4: =ROUNDDOWN((C23)/2,0) -> 2 | V4: 付加補正量 | X4: =ROUNDDOWN((C23)/3,0) -> 1
B5: 使用PP | D5: 0 | F5: クリーチャー判定値 | H5: =C23 -> 4 | I5: =IF(L2="探索型",ROUNDDOWN(D23/3,0)+D23,D23) -> 0 | J5: クリーチャー能力タイプ | L5: －
B8: ステータス | F8: 取得探索技能 | I8: クリーチャーイメージ | P8: 技名 | U8: 射程 | V8: 技系統 | W8: 消費 | X8: 必要スペック
D9: 変動値 | U9: － | V9: － | W9: =IF(キャラシート!I3="蟹",計算用!AO12,計算用!AO6) -> 0 | X9: =IF(キャラシート!$I$3="蟹",計算用!AP12,計算用!AP6) -> 0
B10: HP | C10: =D5 -> 0 | F10: 取得可能数 | G10: =F23 -> 2
B11: SS | C11: =D5 -> 0 | P11: 発動系統 | S11: 付加効果 | V11: ＳＥ
B12: 命中力 | C12: =D5 -> 0 | P12: － | Q12: － | R12: － | S12: － | T12: － | U12: － | V12: － | W12: － | X12: －
B13: 回避力 | C13: =D5 -> 0 | S13: － | T13: － | U13: － | V13: － | W13: － | X13: －
B14: 防御力 | C14: =IF(K2="攻撃型",ROUNDDOWN(C23/3,0),0) -> 0 | P14: 効果補足
B15: 精神抵抗 | C15: =IF(K2="攻撃型",ROUNDDOWN(C23/3,0),0) -> 0
B16: 行動値 | C16: =D5 -> 0
P17: ※この行には具体的な補正量やトリガー条件などをお書き下さい。
B18: 攻撃力 | D18: ダメージボーナス | F18: 命中回避ダイス | G18: 探索判定ダイス
B19: =キャラシート!G35 -> 0 | C19: =キャラシート!H35 -> 0 | D19: =IF(K2="攻撃型",ROUNDDOWN(C23/3,0),0) -> 0 | F19: =IF(K2="速度型","2D6","1D6") -> 1D6 | G19: =IF(K2="探索型","2D6","1D6") -> 1D6 | P19: 技名 | U19: 射程 | V19: 技系統 | W19: 消費 | X19: 必要スペック
U20: － | V20: － | W20: =IF(キャラシート!$I$3="蟹",計算用!AO24,計算用!AO18) -> 0 | X20: =IF(キャラシート!$I$3="蟹",計算用!AP24,計算用!AP18) -> 0
B21: 能力名
P22: 発動系統 | S22: 付加効果 | V22: ＳＥ
B23: 能力精度 | C23: =キャラシート!H25-キャラシート!Y58 -> 4 | E23: 発動スペック | F23: =キャラシート!H27 -> 2 | P23: － | Q23: － | R23: － | S23: － | T23: － | U23: － | V23: － | W23: － | X23: －
B24: 能力説明 | S24: － | T24: － | U24: － | V24: － | W24: － | X24: －
P25: 効果補足
P28: ※この行には具体的な補正量やトリガー条件などをお書き下さい。
P30: 技名 | U30: 射程 | V30: 技系統 | W30: 消費 | X30: 必要スペック
B31: クリーチャー説明 | U31: － | V31: － | W31: =IF(キャラシート!$I$3="蟹",計算用!AO36,計算用!AO30) -> 0 | X31: =IF(キャラシート!$I$3="蟹",計算用!AP36,計算用!AP30) -> 0
P33: 発動系統 | S33: 付加効果 | V33: ＳＥ
P34: － | Q34: － | R34: － | S34: － | T34: － | U34: － | V34: － | W34: － | X34: －
S35: － | T35: － | U35: － | V35: － | W35: － | X35: －
P36: 効果補足
P39: ※この行には具体的な補正量やトリガー条件などをお書き下さい。
P41: 技名 | U41: 射程 | V41: 技系統 | W41: 消費 | X41: 必要スペック
U42: － | V42: － | W42: =IF(キャラシート!$I$3="蟹",計算用!AO48,計算用!AO42) -> 0 | X42: =IF(キャラシート!$I$3="蟹",計算用!AP48,計算用!AP42) -> 0
P44: 発動系統 | S44: 付加効果 | V44: ＳＥ
P45: － | Q45: － | R45: － | S45: － | T45: － | U45: － | V45: － | W45: － | X45: －
S46: － | T46: － | U46: － | V46: － | W46: － | X46: －
P47: 効果補足
P50: ※この行には具体的な補正量やトリガー条件などをお書き下さい。
P52: 技名 | U52: 射程 | V52: 技系統 | W52: 消費 | X52: 必要スペック
U53: － | V53: － | W53: =IF(キャラシート!$I$3="蟹",計算用!AO60,計算用!AO54) -> 0 | X53: =IF(キャラシート!$I$3="蟹",計算用!AP60,計算用!AP54) -> 0
P55: 発動系統 | S55: 付加効果 | V55: ＳＥ
P56: － | Q56: － | R56: － | S56: － | T56: － | U56: － | V56: － | W56: － | X56: －
S57: － | T57: － | U57: － | V57: － | W57: － | X57: －
P58: 効果補足
P61: ※この行には具体的な補正量やトリガー条件などをお書き下さい。

Sheet クリーチャー_3
B2: クリーチャー名 | I2: 創造タイプ | K2: － | P2: 能力応用技 ※応用技は最大８個まで
P4: 発動スペック | R4: =F23 -> 2 | S4: 防御発動量 | U4: =ROUNDDOWN((C23)/2,0) -> 2 | V4: 付加補正量 | X4: =ROUNDDOWN((C23)/3,0) -> 1
B5: 使用PP | D5: 0 | F5: クリーチャー判定値 | H5: =C23 -> 4 | I5: =IF(L2="探索型",ROUNDDOWN(D23/3,0)+D23,D23) -> 0 | J5: クリーチャー能力タイプ | L5: －
B8: ステータス | F8: 取得探索技能 | I8: クリーチャーイメージ | P8: 技名 | U8: 射程 | V8: 技系統 | W8: 消費 | X8: 必要スペック
D9: 変動値 | U9: － | V9: － | W9: =IF(キャラシート!$I$3="蟹",計算用!AV12,計算用!AV6) -> 0 | X9: =IF(キャラシート!$I$3="蟹",計算用!AW12,計算用!AW6) -> 0
B10: HP | C10: =D5 -> 0 | F10: 取得可能数 | G10: =F23 -> 2
B11: SS | C11: =D5 -> 0 | P11: 発動系統 | S11: 付加効果 | V11: ＳＥ
B12: 命中力 | C12: =D5 -> 0 | P12: － | Q12: － | R12: － | S12: － | T12: － | U12: － | V12: － | W12: － | X12: －
B13: 回避力 | C13: =D5 -> 0 | S13: － | T13: － | U13: － | V13: － | W13: － | X13: －
B14: 防御力 | C14: =IF(K2="攻撃型",ROUNDDOWN(C23/3,0),0) -> 0 | P14: 効果補足
B15: 精神抵抗 | C15: =IF(K2="攻撃型",ROUNDDOWN(C23/3,0),0) -> 0
B16: 行動値 | C16: =D5 -> 0
P17: ※この行には具体的な補正量やトリガー条件などをお書き下さい。
B18: 攻撃力 | D18: ダメージボーナス | F18: 命中回避ダイス | G18: 探索判定ダイス
B19: =キャラシート!G35 -> 0 | C19: =キャラシート!H35 -> 0 | D19: =IF(K2="攻撃型",ROUNDDOWN(C23/3,0),0) -> 0 | F19: =IF(K2="速度型","2D6","1D6") -> 1D6 | G19: =IF(K2="探索型","2D6","1D6") -> 1D6 | P19: 技名 | U19: 射程 | V19: 技系統 | W19: 消費 | X19: 必要スペック
U20: － | V20: － | W20: =IF(キャラシート!$I$3="蟹",計算用!AV24,計算用!AV18) -> 0 | X20: =IF(キャラシート!$I$3="蟹",計算用!AW24,計算用!AW18) -> 0
B21: 能力名
P22: 発動系統 | S22: 付加効果 | V22: ＳＥ
B23: 能力精度 | C23: =キャラシート!H25-キャラシート!Y58 -> 4 | E23: 発動スペック | F23: =キャラシート!H27 -> 2 | P23: － | Q23: － | R23: － | S23: － | T23: － | U23: － | V23: － | W23: － | X23: －
B24: 能力説明 | S24: － | T24: － | U24: － | V24: － | W24: － | X24: －
P25: 効果補足
P28: ※この行には具体的な補正量やトリガー条件などをお書き下さい。
P30: 技名 | U30: 射程 | V30: 技系統 | W30: 消費 | X30: 必要スペック
B31: クリーチャー説明 | U31: － | V31: － | W31: =IF(キャラシート!$I$3="蟹",計算用!AV36,計算用!AV30) -> 0 | X31: =IF(キャラシート!$I$3="蟹",計算用!AW36,計算用!AW30) -> 0
P33: 発動系統 | S33: 付加効果 | V33: ＳＥ
P34: － | Q34: － | R34: － | S34: － | T34: － | U34: － | V34: － | W34: － | X34: －
S35: － | T35: － | U35: － | V35: － | W35: － | X35: －
P36: 効果補足
P39: ※この行には具体的な補正量やトリガー条件などをお書き下さい。
P41: 技名 | U41: 射程 | V41: 技系統 | W41: 消費 | X41: 必要スペック
U42: － | V42: － | W42: =IF(キャラシート!$I$3="蟹",計算用!AV48,計算用!AV42) -> 0 | X42: =IF(キャラシート!$I$3="蟹",計算用!AW48,計算用!AW42) -> 0
P44: 発動系統 | S44: 付加効果 | V44: ＳＥ
P45: － | Q45: － | R45: － | S45: － | T45: － | U45: － | V45: － | W45: － | X45: －
S46: － | T46: － | U46: － | V46: － | W46: － | X46: －
P47: 効果補足
P50: ※この行には具体的な補正量やトリガー条件などをお書き下さい。
P52: 技名 | U52: 射程 | V52: 技系統 | W52: 消費 | X52: 必要スペック
U53: － | V53: － | W53: =IF(キャラシート!$I$3="蟹",計算用!AV60,計算用!AV54) -> 0 | X53: =IF(キャラシート!$I$3="蟹",計算用!AW60,計算用!AW54) -> 0
P55: 発動系統 | S55: 付加効果 | V55: ＳＥ
P56: － | Q56: － | R56: － | S56: － | T56: － | U56: － | V56: － | W56: － | X56: －
S57: － | T57: － | U57: － | V57: － | W57: － | X57: －
P58: 効果補足
P61: ※この行には具体的な補正量やトリガー条件などをお書き下さい。

Sheet 進行表
A1: ●補正部分は【 活性タイプ 】を選択したら、暴走率によって自動反映します。
A2: ●ＳＳ・命中・回避の入力は【 2桁以上の数字 】を入力する事で自動変換の入力補助になってます。
A3: ※「101」と入力したら「10＋1D6」と反映。下1桁がダイス数扱いとなる。
A4: ●上記同様に攻撃力の入力は【 3桁の数字 】を入力する事で自動変換の入力補助になってます。
A5: ※「101」と入力したら「1D6+１」と反映。仮に4桁の「1011」と入力したら「10D6+11」と反映される。
B7: →手入力 | F7: 共有メモ
B8: →選択入力
M9: メモ欄 | N9: →
B10: →自動反映
B11: →自動反映
B13: →ＨＰ結果
B14: →ＰＰ結果
B15: →暴走率結果
A17: キャラクター名 | E17: ＰＬ名 | G17: 活性タイプ | I17: 状態異常 | M17: メモ欄 | N17: → | O17: 持ち越し | P17: cond 振り直し
A18: =キャラシート!B3 -> 0 | E18: =キャラシート!J3 -> 0 | G18: =キャラシート!F13 -> － | I18: - | K18: -
A19: ＨＰ | C19: PP | E19: 暴走率 | G19: ＳＰＥ | I19: 70%発症 | K19: 90%発症
A20: =B20+SUM(O24:IL24) -> 12 | B20: =J24+L24 -> 12 | C20: =D20-SUM(O25:IL25)+SUM(O26:IL26) -> 18 | D20: =J26+L26 -> 18 | E20: =J27+SUM(L26:L27) -> 16 | F20: =E20+SUM(O27:IL27) -> 16 | G20: =キャラシート!C13 -> － | I20: － | K20: －
A21: 行動値 | B21: =キャラシート!D27 -> 5 | C21: 総消費PP | D21: 因子Ｄ | E21: =IF(F20<100,IF(F20<50,"通常状態",IF(F20<60,"暴走Lv1 ",IF(F20<70,"暴走Lv2",IF(F20<80,"暴走Lv3",IF(F20<90,"暴走Lv4","暴走Lv5"))))),IF(F20<110,"臨界Lv1",IF(F20<120,"臨界Lv2",IF(F20<130,"臨界Lv3",IF(F20<140,"臨界Lv4",IF(F20<150,"臨界Lv5",IF(F20<150,"活性Lv5","因子崩壊"))))))) -> 通常状態 | G21: カルマ | I21: 崩壊深度 | K21: 性質系
C22: =SUM(L25:IQ25) -> 0 | D22: =ROUNDDOWN((C22/5),0)+SUM(I23:IL23) -> 0 | E22: =IF(F20<50,"未活性",IF(F20<60,"活性Lv1",IF(F20<70,"活性Lv2",IF(F20<80,"活性Lv3",IF(F20<90,"活性Lv4",IF(F20<100,"活性Lv5",IF(F20<150,"活性Lv5","強制キャラロスト"))))))) -> 未活性 | G22: =キャラシート!J6 -> － | I22: =キャラシート!L6 -> 0 | K22: =IF(OR(A20<=B20/2,F20>=90),IF(F20>=120,"オーバーフロー","発動中"),"-") -> -
A23: ＳＳ | B23: =キャラシート!C31&"+"&キャラシート!D31&"D6" -> 6+1D6 | C23: =IF(G18="反応型",IF(50>F20,"+0",IF(60>F20,"+1",IF(70>F20,"+2",IF(F20>=70,"+3")))),"活性補正") -> 活性補正 | D23: 格闘 | E23: =キャラシート!G31&"D6"&"+"&キャラシート!H31 -> 0D6+0 | F23: =IF(G18="増強型",IF(50>F20,"+0",IF(60>F20,"+1",IF(70>F20,"+2",IF(F20>=70,"+3")))),"活性補正") -> 活性補正 | G23: 因子Ｄ増減欄⇒ | I23: condition | M23: ±入力 | N23: →
A24: 命中 | B24: =キャラシート!C33&"+"&キャラシート!D33&"D6" -> 7+1D6 | D24: 武器 | E24: =キャラシート!G33&"D6"&"+"&キャラシート!H33 -> 0D6+0 | G24: ＨＰ変動欄⇒ | I24: 素HP | J24: =キャラシート!D17 -> 12 | K24: 追加HP | M24: ±入力 | N24: →
A25: 回避 | B25: =キャラシート!C35&"+"&キャラシート!D35&"D6" -> 7+1D6 | D25: 能力 | E25: =キャラシート!G35&"D6"&"+"&キャラシート!H35 -> 0D6+0 | G25: 消費ＰＰ欄⇒ | M25: プラス入力のみ | N25: →
A26: 防御 | B26: =キャラシート!D23 -> 2 | C26: =IF(G18="増強型",IF(50>F20,"+0",IF(60>F20,"+1",IF(70>F20,"+2",IF(F20>=70,"+3")))),"活性補正") -> 活性補正 | D26: 精度 | E26: =キャラシート!H25 -> 4 | G26: 回復ＰＰ欄⇒ | I26: 素PP | J26: =キャラシート!D19 -> 18 | K26: 追加PP | M26: プラス入力のみ | N26: →
A27: 抵抗 | B27: =キャラシート!D25 -> 2 | D27: スペック | E27: =キャラシート!H27 -> 2 | F27: =IF(G18="覚醒型",IF(50>F20,"+0",IF(60>F20,"+1",IF(70>F20,"+2",IF(F20>=70,"+3")))),"活性補正") -> 活性補正 | G27: 暴走率変動欄⇒ | I27: 素暴走 | J27: =キャラシート!D21 -> 16 | K27: 追加暴走 | L27: =VLOOKUP(キャラシート!P3,リスト!C13:D19,2,FALSE) -> 0 | M27: ±入力 | N27: →
A28: 技能 | B28: 基礎 | C28: 判定 | D28: 技能 | E28: 基礎 | F28: 判定 | G28: ＳＰＥチェック欄⇒ | I28: ＳＰＥ | J28: 1 | K28: 残 | L28: 1 | M28: ±入力 | N28: →
A29: 力技 | B29: =キャラシート!P15+キャラシート!Q15 -> 3 | C29: =B29+IF(A29=$G$31,$H$31,0)+IF(A29=$G$32,$H$32,0)+$H$34 -> 3 | D29: 隠密 | E29: =キャラシート!P21+キャラシート!Q21 -> 3 | F29: =E29+IF(D29=$G$31,$H$31,0)+IF(D29="$G$32",$H$32,0)+$H$34 -> 3 | G29: カルマチェック欄⇒ | I29: カルマ | J29: 1 | K29: 残 | L29: 1 | M29: ±入力 | N29: →
A30: 威圧 | B30: =キャラシート!P16+キャラシート!Q16 -> 3 | C30: =B30+IF(A30=$G$31,$H$31,0)+IF(A30=$G$32,$H$32,0)+$H$34 -> 3 | D30: 俊敏 | E30: =キャラシート!P22+キャラシート!Q22 -> 3 | F30: =E30+IF(D30=$G$31,$H$31,0)+IF(D30="$G$32",$H$32,0)+$H$34 -> 3 | G30: エキスパート補正 | I30: ↑最大使用回数は手動入力↑
A31: 観察眼 | B31: =キャラシート!P17+キャラシート!Q17 -> 3 | C31: =B31+IF(A31=$G$31,$H$31,0)+IF(A31=$G$32,$H$32,0)+$H$34 -> 3 | D31: 話術 | E31: =キャラシート!P23+キャラシート!Q23 -> 3 | F31: =E31+IF(D31=$G$31,$H$31,0)+IF(D31="$G$32",$H$32,0)+$H$34 -> 3 | G31: =キャラシート!P13 -> - | H31: =IF(G20="エキスパート","+4","0") -> 0 | I31: 申告用キャラ状態まとめ↓
A32: 察知 | B32: =キャラシート!P18+キャラシート!Q18 -> 3 | C32: =B32+IF(A32=$G$31,$H$31,0)+IF(A32=$G$32,$H$32,0)+$H$34 -> 3 | D32: 読心 | E32: =キャラシート!P24+キャラシート!Q24 -> 3 | F32: =E32+IF(D32=$G$31,$H$31,0)+IF(D32="$G$32",$H$32,0)+$H$34 -> 3 | G32: =キャラシート!Q13 -> - | H32: =IF(G20="エキスパート","+4","0") -> 0 | I32: ="HP"&A20&"/"&"PP"&C20&"/暴走"&F20&"%/"&D22&"D/総消費"&C22&"pp"&IF(J28="－",""," "&G20&"@"&L28)&IF(J29="－",""," "&G22&"@"&L29) -> HP12/PP18/暴走16%/0D/総消費0pp －@1 －@1
A33: 知識 | B33: =キャラシート!P19+キャラシート!Q19 -> 3 | C33: =B33+IF(A33=$G$31,$H$31,0)+IF(A33=$G$32,$H$32,0)+$H$34 -> 3 | D33: 閃き | E33: =キャラシート!P25+キャラシート!Q25 -> 3 | F33: =E33+IF(D33=$G$31,$H$31,0)+IF(D33="$G$32",$H$32,0)+$H$34 -> 3 | G33: 感覚型活性
A34: 技術 | B34: =キャラシート!P20+キャラシート!Q20 -> 3 | C34: =B34+IF(A34=$G$31,$H$31,0)+IF(A34=$G$32,$H$32,0)+$H$34 -> 3 | D34: 幸運 | E34: =キャラシート!P26+キャラシート!Q26 -> 3 | F34: =E34+IF(D34=$G$31,$H$31,0)+IF(D34="$G$32",$H$32,0)+$H$34 -> 3 | G34: =IF(G18="感覚型",IF(50>F20,"+0",IF(60>F20,"+1",IF(70>F20,"+2",IF(F20>=70,"+3")))),"活性補正") -> 活性補正 | H34: =IF(G34="活性補正","0",IF(G34="+1","1",IF(G34="+2","2",IF(G34="+3","3","0")))) -> 0
A36: キャラクター名 | E36: 命中回避 ダイス | F36: =クリーチャー!F19 -> 1D6 | G36: 取得技能 | M36: メモ欄 | N36: →
A37: =クリーチャー!D2 -> 0 | G37: 力技 | H37: - | I37: 観察眼 | J37: - | K37: 知識 | L37: -
E38: 探索 ダイス | F38: =クリーチャー!G19 -> 1D6 | G38: 威圧 | H38: - | I38: 察知 | J38: - | K38: 技術 | L38: -
G39: 隠密 | H39: - | I39: 話術 | J39: - | K39: 閃き | L39: -
A40: ＨＰ | C40: 行動値 | D40: =クリーチャー!C16+クリーチャー!D16 -> 0 | E40: 判定値 | F40: =クリーチャー!H5 -> 4 | G40: 俊敏 | H40: - | I40: 読心 | J40: - | K40: 幸運 | L40: -
A41: =B41+SUM(O42:IL42) -> 0 | B41: =J42 -> 0
A42: 命中 | B42: =クリーチャー!C12+クリーチャー!D12 -> 0 | C42: 回避 | D42: =クリーチャー!C13+クリーチャー!D13 -> 0 | E42: ＳＳ | F42: =クリーチャー!C11+クリーチャー!D11 -> 0 | G42: ＨＰ変動欄⇒ | I42: 素HP | J42: =クリーチャー!C10 -> 0 | M42: ±入力 | N42: →
A43: 防御 | B43: =クリーチャー!C14+クリーチャー!D14 -> 0 | C43: 抵抗 | D43: =クリーチャー!C15+クリーチャー!D15 -> 0 | G43: 攻撃力 | H43: =クリーチャー!B19&"D6+"&クリーチャー!C19+クリーチャー!D19 -> 0D6+0 | I43: 精度 | J43: =クリーチャー!C23 -> 4 | K43: スペック | L43: =クリーチャー!F23 -> 2
A45: キャラクター名 | E45: 命中回避 ダイス | F45: =クリーチャー_2!F19 -> 1D6 | G45: 取得技能 | M45: メモ欄 | N45: →
A46: =クリーチャー_2!D2 -> 0 | G46: 力技 | H46: - | I46: 観察眼 | J46: - | K46: 知識 | L46: -
E47: 探索 ダイス | F47: =クリーチャー_2!G19 -> 1D6 | G47: 威圧 | H47: - | I47: 察知 | J47: - | K47: 技術 | L47: -
G48: 隠密 | H48: - | I48: 話術 | J48: - | K48: 閃き | L48: -
A49: ＨＰ | C49: 行動値 | D49: =クリーチャー_2!C16+クリーチャー_2!D16 -> 0 | E49: 判定値 | F49: =クリーチャー_2!H5 -> 4 | G49: 俊敏 | H49: - | I49: 読心 | J49: - | K49: 幸運 | L49: -
A50: =B50+SUM(O51:IL51) -> 0 | B50: =J51 -> 0
A51: 命中 | B51: =クリーチャー_2!C12+クリーチャー!D12 -> 0 | C51: 回避 | D51: =クリーチャー_2!C13+クリーチャー_2!D13 -> 0 | E51: ＳＳ | F51: =クリーチャー_2!C11+クリーチャー_2!D11 -> 0 | G51: ＨＰ変動欄⇒ | I51: 素HP | J51: =クリーチャー_2!D5 -> 0 | M51: ±入力 | N51: →
A52: 防御 | B52: =クリーチャー_2!C14+クリーチャー_2!D14 -> 0 | C52: 抵抗 | D52: =クリーチャー_2!C15+クリーチャー_2!D15 -> 0 | G52: 攻撃力 | H52: =クリーチャー_2!B19&"D6+"&クリーチャー_2!C19+クリーチャー_2!D19 -> 0D6+0 | I52: 精度 | J52: =クリーチャー!C32 -> 0 | K52: スペック | L52: =クリーチャー!F32 -> 0
A54: キャラクター名 | E54: 命中回避 ダイス | F54: =クリーチャー_3!F19 -> 1D6 | G54: 取得技能 | M54: メモ欄 | N54: →
A55: =クリーチャー_3!D2 -> 0 | G55: 力技 | H55: - | I55: 観察眼 | J55: - | K55: 知識 | L55: -
E56: 探索 ダイス | F56: =クリーチャー_3!G19 -> 1D6 | G56: 威圧 | H56: - | I56: 察知 | J56: - | K56: 技術 | L56: -
G57: 隠密 | H57: - | I57: 話術 | J57: - | K57: 閃き | L57: -
A58: ＨＰ | C58: 行動値 | D58: =クリーチャー_3!C16+クリーチャー_3!D16 -> 0 | E58: 判定値 | F58: =クリーチャー_3!H5 -> 4 | G58: 俊敏 | H58: - | I58: 読心 | J58: - | K58: 幸運 | L58: -
A59: =B59+SUM(O60:IL60) -> 0 | B59: =J60 -> 0
A60: 命中 | B60: =クリーチャー_3!C12+クリーチャー_3!D12 -> 0 | C60: 回避 | D60: =クリーチャー_3!C13+クリーチャー_3!D13 -> 0 | E60: ＳＳ | F60: =クリーチャー!C11+クリーチャー!D11 -> 0 | G60: ＨＰ変動欄⇒ | I60: 素HP | J60: =クリーチャー_3!D5 -> 0 | M60: ±入力 | N60: →
A61: 防御 | B61: =クリーチャー_3!C14+クリーチャー_3!D14 -> 0 | C61: 抵抗 | D61: =クリーチャー_3!C15+クリーチャー_3!D15 -> 0 | G61: 攻撃力 | H61: =クリーチャー_3!B19&"D6+"&クリーチャー_3!C19+クリーチャー_3!D19 -> 0D6+0 | I61: 精度 | J61: =クリーチャー!#REF! -> #REF! | K61: スペック | L61: =クリーチャー!#REF! -> #REF!
A64: キャラクター名 | E64: ＰＬ名 | G64: 活性タイプ | I64: 状態異常 | M64: メモ欄 | N64: → | O64: 次回持ち越し
G65: － | I65: - | K65: -
A66: ＨＰ | C66: PP | E66: 暴走率 | G66: ＳＰＥ | I66: 70%発症 | K66: 90%発症
A67: =B67+SUM(O71:IL71) -> 0 | B67: =J71+L71 -> 0 | C67: =D67-SUM(O72:IL72)+SUM(O73:IL73) -> 0 | D67: =J73+L73 -> 0 | E67: =J74+L74 -> 0 | F67: =E67+SUM(O74:IL74) -> 0 | G67: － | I67: － | K67: －
A68: 行動値 | C68: 総消費PP | D68: 因子Ｄ | E68: =IF(F67<100,IF(F67<50,"通常状態",IF(F67<60,"暴走Lv1 ",IF(F67<70,"暴走Lv2",IF(F67<80,"暴走Lv3",IF(F67<90,"暴走Lv4","暴走Lv5"))))),IF(F67<110,"臨界Lv1",IF(F67<120,"臨界Lv2",IF(F67<130,"臨界Lv3",IF(F67<140,"臨界Lv4",IF(F67<150,"臨界Lv5",IF(F67<150,"活性Lv5","因子崩壊"))))))) -> 通常状態 | G68: カルマ | I68: 崩壊深度 | K68: 性質系
C69: =SUM(L72:IQ72) -> 0 | D69: =ROUNDDOWN((C69/5),0)+SUM(I70:IL70) -> 0 | E69: =IF(F67<50,"未活性",IF(F67<60,"活性Lv1",IF(F67<70,"活性Lv2",IF(F67<80,"活性Lv3",IF(F67<90,"活性Lv4",IF(F67<100,"活性Lv5",IF(F67<150,"活性Lv5","強制キャラロスト"))))))) -> 未活性 | G69: － | I69: － | K69: =IF(OR(A67<=B67/2,F67>=90),IF(F67>=120,"オーバーフロー","発動中"),"-") -> 発動中
A70: ＳＳ | C70: =IF(G65="反応型",IF(50>F67,"+0",IF(60>F67,"+1",IF(70>F67,"+2",IF(F67>=70,"+3")))),"活性補正") -> 活性補正 | D70: 格闘 | F70: =IF(G65="増強型",IF(50>F67,"+0",IF(60>F67,"+1",IF(70>F67,"+2",IF(F67>=70,"+3")))),"活性補正") -> 活性補正 | G70: 因子Ｄ増減欄⇒ | I70: condition | M70: ±入力 | N70: → | O70: 0
A71: 命中 | D71: 武器 | G71: ＨＰ変動欄⇒ | I71: 素HP | K71: 追加HP | M71: ±入力 | N71: →
A72: 回避 | D72: 能力 | G72: 消費ＰＰ欄⇒ | M72: プラス入力のみ | N72: →
A73: 防御 | C73: =IF(G65="増強型",IF(50>F67,"+0",IF(60>F67,"+1",IF(70>F67,"+2",IF(F67>=70,"+3")))),"活性補正") -> 活性補正 | D73: 精度 | G73: 回復ＰＰ欄⇒ | I73: 素PP | K73: 追加PP | M73: プラス入力のみ | N73: →
A74: 抵抗 | D74: スペック | F74: =IF(G65="覚醒型",IF(50>F67,"+0",IF(60>F67,"+1",IF(70>F67,"+2",IF(F67>=70,"+3")))),"活性補正") -> 活性補正 | G74: 暴走率変動欄⇒ | I74: 素暴走 | K74: 追加暴走 | L74: =L73 -> 0 | M74: ±入力 | N74: → | O74: 0
A75: 力技 | C75: 観察眼 | E75: 知識 | G75: 隠密 | I75: 話術 | K75: 閃き
A76: 威圧 | C76: 察知 | E76: 技術 | G76: 俊敏 | I76: 読心 | K76: 幸運
A78: キャラクター名 | E78: ＰＬ名 | G78: 活性タイプ | I78: 状態異常 | M78: メモ欄 | N78: → | O78: 次回持ち越し
G79: － | I79: - | K79: -
A80: ＨＰ | C80: PP | E80: 暴走率 | G80: ＳＰＥ | I80: 70%発症 | K80: 90%発症
A81: =B81+SUM(O85:IL85) -> 0 | B81: =J85+L85 -> 0 | C81: =D81-SUM(O86:IL86)+SUM(O87:IL87) -> 0 | D81: =J87+L87 -> 0 | E81: =J88+L88 -> 0 | F81: =E81+SUM(O88:IL88) -> 0 | G81: － | I81: － | K81: －
A82: 行動値 | C82: 総消費PP | D82: 因子Ｄ | E82: =IF(F81<100,IF(F81<50,"通常状態",IF(F81<60,"暴走Lv1 ",IF(F81<70,"暴走Lv2",IF(F81<80,"暴走Lv3",IF(F81<90,"暴走Lv4","暴走Lv5"))))),IF(F81<110,"臨界Lv1",IF(F81<120,"臨界Lv2",IF(F81<130,"臨界Lv3",IF(F81<140,"臨界Lv4",IF(F81<150,"臨界Lv5",IF(F81<150,"活性Lv5","因子崩壊"))))))) -> 通常状態 | G82: カルマ | I82: 崩壊深度 | K82: 性質系
C83: =SUM(L86:IQ86) -> 0 | D83: =ROUNDDOWN((C83/5),0)+SUM(I84:IL84) -> 0 | E83: =IF(F81<50,"未活性",IF(F81<60,"活性Lv1",IF(F81<70,"活性Lv2",IF(F81<80,"活性Lv3",IF(F81<90,"活性Lv4",IF(F81<100,"活性Lv5",IF(F81<150,"活性Lv5","強制キャラロスト"))))))) -> 未活性 | G83: － | I83: － | K83: =IF(OR(A81<=B81/2,F81>=90),IF(F81>=120,"オーバーフロー","発動中"),"-") -> 発動中
A84: ＳＳ | C84: =IF(G79="反応型",IF(50>F81,"+0",IF(60>F81,"+1",IF(70>F81,"+2",IF(F81>=70,"+3")))),"活性補正") -> 活性補正 | D84: 格闘 | F84: =IF(G79="増強型",IF(50>F81,"+0",IF(60>F81,"+1",IF(70>F81,"+2",IF(F81>=70,"+3")))),"活性補正") -> 活性補正 | G84: 因子Ｄ増減欄⇒ | I84: condition | M84: ±入力 | N84: → | O84: 0
A85: 命中 | D85: 武器 | G85: ＨＰ変動欄⇒ | I85: 素HP | K85: 追加HP | M85: ±入力 | N85: →
A86: 回避 | D86: 能力 | G86: 消費ＰＰ欄⇒ | M86: プラス入力のみ | N86: →
A87: 防御 | C87: =IF(G79="増強型",IF(50>F81,"+0",IF(60>F81,"+1",IF(70>F81,"+2",IF(F81>=70,"+3")))),"活性補正") -> 活性補正 | D87: 精度 | G87: 回復ＰＰ欄⇒ | I87: 素PP | K87: 追加PP | M87: プラス入力のみ | N87: →
A88: 抵抗 | D88: スペック | F88: =IF(G79="覚醒型",IF(50>F81,"+0",IF(60>F81,"+1",IF(70>F81,"+2",IF(F81>=70,"+3")))),"活性補正") -> 活性補正 | G88: 暴走率変動欄⇒ | I88: 素暴走 | K88: 追加暴走 | L88: =L87 -> 0 | M88: ±入力 | N88: → | O88: 0
A89: 力技 | C89: 観察眼 | E89: 知識 | G89: 隠密 | I89: 話術 | K89: 閃き
A90: 威圧 | C90: 察知 | E90: 技術 | G90: 俊敏 | I90: 読心 | K90: 幸運
A92: キャラクター名 | E92: ＰＬ名 | G92: 活性タイプ | I92: 状態異常 | M92: メモ欄 | N92: → | O92: 次回持ち越し
G93: － | I93: - | K93: -
A94: ＨＰ | C94: PP | E94: 暴走率 | G94: ＳＰＥ | I94: 70%発症 | K94: 90%発症
A95: =B95+SUM(O99:IL99) -> 0 | B95: =J99+L99 -> 0 | C95: =D95-SUM(O100:IL100)+SUM(O101:IL101) -> 0 | D95: =J101+L101 -> 0 | E95: =J102+L102 -> 0 | F95: =E95+SUM(O102:IL102) -> 0 | G95: － | I95: － | K95: －
A96: 行動値 | C96: 総消費PP | D96: 因子Ｄ | E96: =IF(F95<100,IF(F95<50,"通常状態",IF(F95<60,"暴走Lv1 ",IF(F95<70,"暴走Lv2",IF(F95<80,"暴走Lv3",IF(F95<90,"暴走Lv4","暴走Lv5"))))),IF(F95<110,"臨界Lv1",IF(F95<120,"臨界Lv2",IF(F95<130,"臨界Lv3",IF(F95<140,"臨界Lv4",IF(F95<150,"臨界Lv5",IF(F95<150,"活性Lv5","因子崩壊"))))))) -> 通常状態 | G96: カルマ | I96: 崩壊深度 | K96: 性質系
C97: =SUM(L100:IQ100) -> 0 | D97: =ROUNDDOWN((C97/5),0)+SUM(I98:IL98) -> 0 | E97: =IF(F95<50,"未活性",IF(F95<60,"活性Lv1",IF(F95<70,"活性Lv2",IF(F95<80,"活性Lv3",IF(F95<90,"活性Lv4",IF(F95<100,"活性Lv5",IF(F95<150,"活性Lv5","強制キャラロスト"))))))) -> 未活性 | G97: － | I97: － | K97: =IF(OR(A95<=B95/2,F95>=90),IF(F95>=120,"オーバーフロー","発動中"),"-") -> 発動中
A98: ＳＳ | C98: =IF(G93="反応型",IF(50>F95,"+0",IF(60>F95,"+1",IF(70>F95,"+2",IF(F95>=70,"+3")))),"活性補正") -> 活性補正 | D98: 格闘 | F98: =IF(G93="増強型",IF(50>F95,"+0",IF(60>F95,"+1",IF(70>F95,"+2",IF(F95>=70,"+3")))),"活性補正") -> 活性補正 | G98: 因子Ｄ増減欄⇒ | I98: condition | M98: ±入力 | N98: → | O98: 0
A99: 命中 | D99: 武器 | G99: ＨＰ変動欄⇒ | I99: 素HP | K99: 追加HP | M99: ±入力 | N99: →
A100: 回避 | D100: 能力 | G100: 消費ＰＰ欄⇒ | M100: プラス入力のみ | N100: →
A101: 防御 | C101: =IF(G93="増強型",IF(50>F95,"+0",IF(60>F95,"+1",IF(70>F95,"+2",IF(F95>=70,"+3")))),"活性補正") -> 活性補正 | D101: 精度 | G101: 回復ＰＰ欄⇒ | I101: 素PP | K101: 追加PP | M101: プラス入力のみ | N101: →
A102: 抵抗 | D102: スペック | F102: =IF(G93="覚醒型",IF(50>F95,"+0",IF(60>F95,"+1",IF(70>F95,"+2",IF(F95>=70,"+3")))),"活性補正") -> 活性補正 | G102: 暴走率変動欄⇒ | I102: 素暴走 | K102: 追加暴走 | L102: =L101 -> 0 | M102: ±入力 | N102: → | O102: 0
A103: 力技 | C103: 観察眼 | E103: 知識 | G103: 隠密 | I103: 話術 | K103: 閃き
A104: 威圧 | C104: 察知 | E104: 技術 | G104: 俊敏 | I104: 読心 | K104: 幸運
A106: キャラクター名 | E106: ＰＬ名 | G106: 活性タイプ | I106: 状態異常 | M106: メモ欄 | N106: → | O106: 次回持ち越し
G107: － | I107: - | K107: -
A108: ＨＰ | C108: PP | E108: 暴走率 | G108: ＳＰＥ | I108: 70%発症 | K108: 90%発症
A109: =B109+SUM(O113:IL113) -> 0 | B109: =J113+L113 -> 0 | C109: =D109-SUM(O114:IL114)+SUM(O115:IL115) -> 0 | D109: =J115+L115 -> 0 | E109: =J116+L116 -> 0 | F109: =E109+SUM(O116:IL116) -> 0 | G109: － | I109: － | K109: －
A110: 行動値 | C110: 総消費PP | D110: 因子Ｄ | E110: =IF(F109<100,IF(F109<50,"通常状態",IF(F109<60,"暴走Lv1 ",IF(F109<70,"暴走Lv2",IF(F109<80,"暴走Lv3",IF(F109<90,"暴走Lv4","暴走Lv5"))))),IF(F109<110,"臨界Lv1",IF(F109<120,"臨界Lv2",IF(F109<130,"臨界Lv3",IF(F109<140,"臨界Lv4",IF(F109<150,"臨界Lv5",IF(F109<150,"活性Lv5","因子崩壊"))))))) -> 通常状態 | G110: カルマ | I110: 崩壊深度 | K110: 性質系
C111: =SUM(L114:IQ114) -> 0 | D111: =ROUNDDOWN((C111/5),0)+SUM(I112:IL112) -> 0 | E111: =IF(F109<50,"未活性",IF(F109<60,"活性Lv1",IF(F109<70,"活性Lv2",IF(F109<80,"活性Lv3",IF(F109<90,"活性Lv4",IF(F109<100,"活性Lv5",IF(F109<150,"活性Lv5","強制キャラロスト"))))))) -> 未活性 | G111: － | I111: － | K111: =IF(OR(A109<=B109/2,F109>=90),IF(F109>=120,"オーバーフロー","発動中"),"-") -> 発動中
...

Sheet 進行表(2)
C2: キャラクター名 | E2: ＰＬ名 | G2: 活性タイプ | I2: ＳＳ | J2: =キャラシート!C31&"+"&キャラシート!D31&"D6" -> 6+1D6 | K2: 命中 | L2: =キャラシート!C33&"+"&キャラシート!D33&"D6" -> 7+1D6 | M2: 回避 | N2: =キャラシート!C35&"+"&キャラシート!D35&"D6" -> 7+1D6 | O2: 技能 | P2: 基礎 | Q2: 補正 | R2: 技能 | S2: 基礎 | T2: 補正
C3: =キャラシート!B3 -> 0 | E3: =キャラシート!J3 -> 0 | G3: =キャラシート!F13 -> － | J3: =IF(G3="反応型",IF(50>H5,0,IF(60>H5,1,IF(70>H5,2,IF(H5>=70,3)))),0)+IF(計算用!C103=1,IF(OR(M11="ギャンブル発動中",M11="オーバーフロー"),応用技!J4*2,IF(OR(M11="幸運発動中",M11="発動中"),応用技!J4,0)),0) -> 0 | L3: =IF(G3="反応型",IF(50>H5,0,IF(60>H5,1,IF(70>H5,2,IF(H5>=70,3)))),0)+IF(計算用!C103=1,IF(OR(M11="ギャンブル発動中",M11="オーバーフロー"),応用技!J4*2,IF(OR(M11="幸運発動中",M11="発動中"),応用技!J4,0)),0) -> 0 | N3: =IF(G3="反応型",IF(50>H5,0,IF(60>H5,1,IF(70>H5,2,IF(H5>=70,3)))),0)+IF(計算用!C103=1,IF(OR(M11="ギャンブル発動中",M11="オーバーフロー"),応用技!J4*2,IF(OR(M11="幸運発動中",M11="発動中"),応用技!J4,0)),0) -> 0 | O3: 力技 | P3: =キャラシート!P15+キャラシート!Q15 -> 3 | Q3: =IF(O3=$P$9,$Q$9,0)+IF(O3=$P$10,$Q$10,0)+$S$9+IF(計算用!$C$104=1,IF(OR($M$11="ギャンブル発動中",$M$11="オーバーフロー"),応用技!$J$4*2,IF(OR($M$11="幸運発動中",$M$11="発動中"),応用技!$J$4,0)),0) -> 0 | R3: 隠密 | S3: =キャラシート!P21+キャラシート!Q21 -> 3 | T3: =IF(R3=$P$9,$Q$9,0)+IF(R3=$P$10,$Q$10,0)+$S$9+IF(計算用!$C$104=1,IF(OR($M$11="ギャンブル発動中",$M$11="オーバーフロー"),応用技!$J$4*2,IF(OR($M$11="幸運発動中",$M$11="発動中"),応用技!$J$4,0)),0) -> 0
C4: ＨＰ | E4: PP | G4: 暴走率 | I4: 防御 | J4: =キャラシート!D23 -> 2 | K4: 抵抗 | L4: =キャラシート!D25 -> 2 | M4: 精度 | N4: =キャラシート!H25 -> 4 | O4: 威圧 | P4: =キャラシート!P16+キャラシート!Q16 -> 3 | Q4: =IF(O4=$P$9,$Q$9,0)+IF(O4=$P$10,$Q$10,0)+$S$9+IF(計算用!$C$104=1,IF(OR($M$11="ギャンブル発動中",$M$11="オーバーフロー"),応用技!$J$4*2,IF(OR($M$11="幸運発動中",$M$11="発動中"),応用技!$J$4,0)),0) -> 0 | R4: 俊敏 | S4: =キャラシート!P22+キャラシート!Q22 -> 3 | T4: =IF(R4=$P$9,$Q$9,0)+IF(R4=$P$10,$Q$10,0)+$S$9+IF(計算用!$C$104=1,IF(OR($M$11="ギャンブル発動中",$M$11="オーバーフロー"),応用技!$J$4*2,IF(OR($M$11="幸運発動中",$M$11="発動中"),応用技!$J$4,0)),0) -> 0
C5: =D5-SUM(N14:N513)+SUM(M14:M513) -> 12 | D5: =キャラシート!D17+D6 -> 12 | E5: =F5-SUM(P14:P513)+SUM(O14:O513) -> 18 | F5: =キャラシート!D19+F6 -> 18 | G5: =キャラシート!D21+SUM(H6:H7) -> 16 | H5: =G5-SUM(R14:R513)+SUM(Q14:Q513) -> 16 | J5: =IF(G3="増強型",IF(50>H5,0,IF(60>H5,1,IF(70>H5,2,IF(H5>=70,3)))),0)+IF(計算用!C107=1,IF(OR(M11="ギャンブル発動中",M11="オーバーフロー"),応用技!J4*2,IF(OR(M11="幸運発動中",M11="発動中"),応用技!J4,0)),0)+IF(計算用!C102=1,IF(OR(M11="ギャンブル発動中",M11="オーバーフロー"),応用技!J4*2,IF(OR(M11="幸運発動中",M11="発動中"),応用技!J4,0)),0) -> 0 | L5: =IF(G3="増強型",IF(50>H5,0,IF(60>H5,1,IF(70>H5,2,IF(H5>=70,3)))),0)+IF(計算用!C107=1,IF(OR(M11="ギャンブル発動中",M11="オーバーフロー"),応用技!J4*2,IF(OR(M11="幸運発動中",M11="発動中"),応用技!J4,0)),0)+IF(計算用!C102=1,IF(OR(M11="ギャンブル発動中",M11="オーバーフロー"),応用技!J4*2,IF(OR(M11="幸運発動中",M11="発動中"),応用技!J4,0)),0) -> 0 | O5: 観察眼 | P5: =キャラシート!P17+キャラシート!Q17 -> 3 | Q5: =IF(O5=$P$9,$Q$9,0)+IF(O5=$P$10,$Q$10,0)+$S$9+IF(計算用!$C$104=1,IF(OR($M$11="ギャンブル発動中",$M$11="オーバーフロー"),応用技!$J$4*2,IF(OR($M$11="幸運発動中",$M$11="発動中"),応用技!$J$4,0)),0) -> 0 | R5: 話術 | S5: =キャラシート!P23+キャラシート!Q23 -> 3 | T5: =IF(R5=$P$9,$Q$9,0)+IF(R5=$P$10,$Q$10,0)+$S$9+IF(計算用!$C$104=1,IF(OR($M$11="ギャンブル発動中",$M$11="オーバーフロー"),応用技!$J$4*2,IF(OR($M$11="幸運発動中",$M$11="発動中"),応用技!$J$4,0)),0) -> 0
C6: 追加HP | D6: 0 | E6: 追加PP | F6: 0 | G6: 追加暴走 | H6: =F6 -> 0 | I6: 格闘 | J6: =キャラシート!G31&"D6"&"+"&キャラシート!H31 -> 0D6+0 | K6: 武器 | L6: =キャラシート!G33&"D6"&"+"&キャラシート!H33 -> 0D6+0 | M6: 能力 | N6: =キャラシート!G35&"D6"&"+"&キャラシート!H35 -> 0D6+0 | O6: 察知 | P6: =キャラシート!P18+キャラシート!Q18 -> 3 | Q6: =IF(O6=$P$9,$Q$9,0)+IF(O6=$P$10,$Q$10,0)+$S$9+IF(計算用!$C$104=1,IF(OR($M$11="ギャンブル発動中",$M$11="オーバーフロー"),応用技!$J$4*2,IF(OR($M$11="幸運発動中",$M$11="発動中"),応用技!$J$4,0)),0) -> 0 | R6: 読心 | S6: =キャラシート!P24+キャラシート!Q24 -> 3 | T6: =IF(R6=$P$9,$Q$9,0)+IF(R6=$P$10,$Q$10,0)+$S$9+IF(計算用!$C$104=1,IF(OR($M$11="ギャンブル発動中",$M$11="オーバーフロー"),応用技!$J$4*2,IF(OR($M$11="幸運発動中",$M$11="発動中"),応用技!$J$4,0)),0) -> 0
